"","rank","feature","group_col","group1","group2","design","n_subjects_paired","n_peptides_used","m_eff","T_obs","p_perm","b","p_adj_rank","mean_delta","frac_delta_pos","mean_delta_w","frac_delta_pos_w","fold_change_sum","cross_prev_mean","category_rank_bh","Z"
"1","class","Aconoidasida","group_char","control","dementia","unpaired",NA,215,208.294411812012,1.41134433248042,0.965940227065153,144891,1,0.00692259461924308,0.841860465116279,0.00673727129349079,0.808008009605248,102840.51,0.0221824686940966,"not significant",0.0427005676494198
"2","class","Actinomycetes","group_char","control","dementia","unpaired",NA,448,429.660220149829,3.28546824435186,0.989800067999547,148470,1,0.0109582895658264,0.863839285714286,0.0100166202016886,0.822876073441529,974831.424,0.0223214285714286,"not significant",0.0127840671890299
"3","class","Actinopteri","group_char","control","dementia","unpaired",NA,49,48.0018183596329,0.921338496527444,0.908733941773721,136310,1,0.00971638655462185,0.836734693877551,0.0077556306226149,0.792488882604202,1744.11,0.0210361067503925,"not significant",0.114635624240069
"4","class","Agaricomycetes","group_char","control","dementia","unpaired",NA,2,2,0.0514973194274527,1,150000,1,0.00183823529411765,1,0.00183823529411765,1,37.759,0.0153846153846154,"not significant",0
"5","class","Alphaproteobacteria","group_char","control","dementia","unpaired",NA,69,67.197585605356,0.258198967413177,0.971700188665409,145755,1,0.00389847968172776,0.72463768115942,0.00227988726107331,0.676787231707417,31805.475,0.0249721293199554,"not significant",0.035475993586773
"6","class","Alsuviricetes","group_char","control","dementia","unpaired",NA,13,12.6225593620649,0.960825702774969,0.54986966753555,82480,1,0.0195607088989442,0.846153846153846,0.0144349605377162,0.784778589486813,403.641,0.021301775147929,"not significant",0.597955437777266
"7","class","Amphibia","group_char","control","dementia","unpaired",NA,4,4,0.0728282075601631,1,150000,1,0.00183823529411765,1,0.00183823529411765,1,126.26,0.0153846153846154,"not significant",0
"8","class","Arachnida","group_char","control","dementia","unpaired",NA,47,46.572783766634,0.59959978405112,0.975720161865588,146358,1,0.00590581977471839,0.893617021276596,0.00475487808964334,0.865548468864754,4048.835,0.0176759410801964,"not significant",0.0304349623174689
"9","class","Ascidiacea","group_char","control","dementia","unpaired",NA,2,1.97943386919572,-0.216834899207932,1,150000,1,-0.0079656862745098,0.5,-0.00896500868430107,0.449034557100645,101.804,0.0230769230769231,"not significant",0
"10","class","Aves","group_char","control","dementia","unpaired",NA,49,41.599337233734,-0.529968080469932,0.844181038793075,126627,1,-0.00221338535414166,0.591836734693878,-0.0122832433011174,0.487422458283604,8824.642,0.0527472527472527,"not significant",-0.196548291194054
"11","class","Bacilli","group_char","control","dementia","unpaired",NA,2142,1673.59639924743,-2.92811697206091,0.872647515683229,130897,1,0.000717443840281275,0.73015873015873,-0.0120582110398635,0.617821478258467,2775168.776,0.0529268117503412,"not significant",-0.160296500176421
"12","class","Bacteroidia","group_char","control","dementia","unpaired",NA,4476,3924.91003911946,10.2581137448,0.949093672708849,142364,1,0.011497595016558,0.859472743521001,0.00938290370965324,0.813177495160942,14035116.42,0.0283013679796522,"not significant",0.063844967093464
"13","class","Betaproteobacteria","group_char","control","dementia","unpaired",NA,132,113.901291989214,0.93531461099089,0.963313577909481,144497,1,0.00967394533571005,0.856060606060606,-0.00178252390042389,0.768526597666981,38707.124,0.0346153846153846,"not significant",0.0459958245575793
"14","class","Bivalvia","group_char","control","dementia","unpaired",NA,6,5.96624951909344,1.06413800020939,0.361924253838308,54288,1,0.0259395424836601,1,0.0299928996786121,1,724.968,0.017948717948718,"not significant",0.911704577168237
"15","class","Branchiopoda","group_char","control","dementia","unpaired",NA,2,1.94193981858091,-0.463994053247961,1,150000,1,-0.0177696078431373,0.5,-0.0211600093684065,0.413544761105635,502.996,0.0307692307692308,"not significant",0
"16","class","Caudoviricetes","group_char","control","dementia","unpaired",NA,1552,1487.88052443612,8.06561797054318,0.927820481196792,139173,1,0.0138294041843539,0.868556701030928,0.0133462771979143,0.835083223662422,4213408.033,0.0228291038858049,"not significant",0.0905873533257546
"17","class","Cephalopoda","group_char","control","dementia","unpaired",NA,4,3.89876924773283,0.426090455880842,0.66054226305158,99081,1,0.0125612745098039,1,0.0155540282884322,1,262.306,0.0230769230769231,"not significant",0.43916461432119
"18","class","Cestoda","group_char","control","dementia","unpaired",NA,2,1.79528625035763,1.07606433080564,0.374170838861074,56125,1,0.0661764705882353,1,0.0601760112424282,1,304.681,0.0615384615384615,"not significant",0.888687894304044
"19","class","Chlamydiia","group_char","control","dementia","unpaired",NA,38,36.5239669297124,-1.09959160433738,0.686222091852721,102933,1,-0.00838493292053664,0.736842105263158,-0.0124775130644866,0.664082583389691,8487.085,0.0251012145748988,"not significant",-0.403987254280723
"20","class","Chondrichthyes","group_char","control","dementia","unpaired",NA,1,1,-0.593431060140572,1,150000,1,-0.0373774509803922,0,-0.0373774509803922,0,24.881,0.0461538461538462,"not significant",0
"21","class","Chromadorea","group_char","control","dementia","unpaired",NA,9,8.85895710200791,0.265028680508001,0.784341437723749,117651,1,0.00660403050108932,0.888888888888889,0.00455773348473162,0.849248614741584,766.738,0.0188034188034188,"not significant",0.273665832046124
"22","class","Clostridia","group_char","control","dementia","unpaired",NA,3950,3736.60022762851,6.72163394390379,0.994353370977527,149153,1,0.0085117274757997,0.846582278481013,0.00585422092292673,0.800427133440403,5268353.385,0.0237507302823759,"not significant",0.0070770590570711
"23","class","Conoidasida","group_char","control","dementia","unpaired",NA,9,8.84407745486157,0.130135920535394,1,150000,1,0.00442538126361656,0.777777777777778,0.00199637190351417,0.725439211165482,160.494,0.0205128205128205,"not significant",0
"24","class","Coriobacteriia","group_char","control","dementia","unpaired",NA,17,11.3752528282602,1.2151524702967,0.327897814014573,49184,1,0.0244016724336794,0.941176470588235,0.028487233611226,0.902988533429156,31309.268,0.069683257918552,"not significant",0.978356946475409
"25","class","Cyanophyceae","group_char","control","dementia","unpaired",NA,2,2,0.0514973194274527,1,150000,1,0.00183823529411765,1,0.00183823529411765,1,88.427,0.0153846153846154,"not significant",0
"26","class","Diplopoda","group_char","control","dementia","unpaired",NA,1,1,0.0364141037800815,1,150000,1,0.00183823529411765,1,0.00183823529411765,1,6.413,0.0153846153846154,"not significant",0
"27","class","Dothideomycetes","group_char","control","dementia","unpaired",NA,26,23.8376806464648,0.144201092408234,0.954040306397957,143106,1,0.00268665158371041,0.846153846153846,0.000205271180463576,0.792877940590686,2267.948,0.029585798816568,"not significant",0.0576338244866938
"28","class","Echinoidea","group_char","control","dementia","unpaired",NA,1,1,0.0364141037800815,1,150000,1,0.00183823529411765,1,0.00183823529411765,1,204.762,0.0153846153846154,"not significant",0
"29","class","Epsilonproteobacteria","group_char","control","dementia","unpaired",NA,242,236.08982986329,3.31931497483413,0.891807387950747,133771,1,0.014143777345649,0.855371900826446,0.013736181386467,0.826449958330996,631244.173,0.0211697393515575,"not significant",0.136017574107724
"30","class","Erysipelotrichia","group_char","control","dementia","unpaired",NA,11,10.5449583040929,-0.366124059707806,0.82013453243645,123020,1,-0.00317513368983957,0.727272727272727,-0.00905886101935078,0.645700582532427,1188.947,0.0251748251748252,"not significant",-0.227371946576608
"31","class","Eurotiomycetes","group_char","control","dementia","unpaired",NA,85,83.7992738855986,1.96756745500503,0.771274858167612,115691,1,0.0134155132641292,0.894117647058824,0.0133112030997458,0.8742497382834,4293.231,0.019185520361991,"not significant",0.29070773126068
"32","class","Flasuviricetes","group_char","control","dementia","unpaired",NA,25,22.5627764109677,0.292660904867345,0.920307197952014,138046,1,0.0066421568627451,0.8,-0.00230731240836431,0.715535664205536,1469.072,0.0270769230769231,"not significant",0.100046765767083
"33","class","Flavobacteriia","group_char","control","dementia","unpaired",NA,2,1.91689988541033,-0.302665693112098,0.988280078132812,148242,1,-0.0159313725490196,0,-0.0155486340089814,0,860.739,0.0615384615384615,"not significant",-0.0146892720095217
"34","class","Fusobacteriia","group_char","control","dementia","unpaired",NA,2,1.99993747826885,1.03863061666797,0.409910600595996,61486,1,0.0428921568627451,1,0.0426626149818113,1,38.056,0.0153846153846154,"not significant",0.824050964276832
"35","class","Gammaproteobacteria","group_char","control","dementia","unpaired",NA,1676,1486.81894922609,6.60571990594852,0.907893947373684,136184,1,0.0128793462492393,0.83472553699284,0.012216193296587,0.77748453337466,4088687.93,0.0314760418579034,"not significant",0.115695405886491
"36","class","Gastropoda","group_char","control","dementia","unpaired",NA,1,1,0.0364141037800815,1,150000,1,0.00183823529411765,1,0.00183823529411765,1,8.278,0.0153846153846154,"not significant",0
"37","class","Herviviricetes","group_char","control","dementia","unpaired",NA,542,406.354961521065,-3.93233662591242,0.51580322797848,77370,1,-0.0142988929889298,0.527675276752767,-0.0251240192486636,0.437825727535424,602990.408,0.182685211467499,"not significant",-0.649828158409615
"38","class","Insecta","group_char","control","dementia","unpaired",NA,110,108.449414279966,2.68397378228709,0.720028533143112,108004,1,0.0160427807486631,0.918181818181818,0.0168390944315667,0.897583487554101,14714.209,0.0188811188811189,"not significant",0.358420659597196
"39","class","Insthoviricetes","group_char","control","dementia","unpaired",NA,180,154.914279280685,-1.4545405406213,0.725948493676709,108892,1,-0.0014705882352941,0.677777777777778,-0.0152240915026852,0.590691011102119,31051.737,0.0516239316239316,"not significant",-0.350519986058977
"40","class","Kinetoplastea","group_char","control","dementia","unpaired",NA,6,5.99989656817205,0.657004837909836,0.614402570649529,92160,1,0.0155228758169935,1,0.0153958261257618,1,335.307,0.0153846153846154,"not significant",0.503799085147972
"41","class","Lentisphaeria","group_char","control","dementia","unpaired",NA,1,1,-0.3094043027188,1,150000,1,-0.0177696078431373,0,-0.0177696078431373,0,18.342,0.0307692307692308,"not significant",0
"42","class","Lepidosauria","group_char","control","dementia","unpaired",NA,1,1,0.0364141037800815,1,150000,1,0.00183823529411765,1,0.00183823529411765,1,22.885,0.0153846153846154,"not significant",0
"43","class","Magnoliopsida","group_char","control","dementia","unpaired",NA,363,343.576853737052,5.14924639977393,0.632795781361458,94919,1,0.0180633203694702,0.892561983471074,0.0172343909914265,0.868231811202709,114674.275,0.0228862047043865,"not significant",0.477795476070669
"44","class","Malacostraca","group_char","control","dementia","unpaired",NA,15,14.9565602465592,0.774762295586389,0.673282178118813,100992,1,0.0114787581699346,1,0.0121833812151747,1,1348.031,0.0164102564102564,"not significant",0.421647708096592
"45","class","Malasseziomycetes","group_char","control","dementia","unpaired",NA,9,8.99988980861179,0.572570651366212,0.746315024566503,111947,1,0.0109613289760349,1,0.0108710384134305,1,219.022,0.0153846153846154,"not significant",0.323502090524866
"46","class","Mammalia","group_char","control","dementia","unpaired",NA,902,849.921082198889,6.1645847897081,0.893147379017473,133972,1,0.0145618668753533,0.851441241685144,0.0126994404003532,0.807081338170402,1889628.067,0.0241855705270339,"not significant",0.134322731461282
"47","class","Merostomata","group_char","control","dementia","unpaired",NA,1,1,0.0364141037800815,1,150000,1,0.00183823529411765,1,0.00183823529411765,1,73.524,0.0153846153846154,"not significant",0
"48","class","Microbotryomycetes","group_char","control","dementia","unpaired",NA,2,2,0.0514973194274527,1,150000,1,0.00183823529411765,1,0.00183823529411765,1,16.278,0.0153846153846154,"not significant",0
"49","class","Mollicutes","group_char","control","dementia","unpaired",NA,4,3.96568946340576,-0.127388034426873,1,150000,1,-0.00306372549019608,0.75,-0.00385346681387684,0.709723192492281,1503.855,0.0192307692307692,"not significant",0
"50","class","Monjiviricetes","group_char","control","dementia","unpaired",NA,74,46.5266531327441,1.476655568688,0.563382910780595,84507,1,0.00685612082670906,0.675675675675676,0.0178914903737536,0.667368237647751,14400284.337,0.196881496881497,"not significant",0.577824058285871
"51","class","Mucoromycetes","group_char","control","dementia","unpaired",NA,1,1,1.44030382892098,0.231531789788068,34729,1,0.0839460784313726,1,0.0839460784313726,1,198.538,0.0153846153846154,"not significant",1.19642233470318
"52","class","Negativicutes","group_char","control","dementia","unpaired",NA,70,66.4144253627842,1.00843198481213,0.945727028486477,141859,1,0.00817577030812325,0.885714285714286,0.00996310101941471,0.860122397766959,9062.997,0.0232967032967033,"not significant",0.0680736216776435
"53","class","Papovaviricetes","group_char","control","dementia","unpaired",NA,21,20.4724335193697,0.704453145108103,0.764668235545096,114700,1,0.0122257236227824,0.761904761904762,0.0101409147906021,0.712498589479584,4618.68,0.0256410256410256,"not significant",0.299356255602504
"54","class","Pichiomycetes","group_char","control","dementia","unpaired",NA,7,6.93567761101245,-0.203932838162169,1,150000,1,-0.0037640056022409,0.714285714285714,-0.00461704368098296,0.670780772269869,848.29,0.0197802197802198,"not significant",0
"55","class","Pinopsida","group_char","control","dementia","unpaired",NA,9,8.92934574856041,0.763976055432898,0.545769694868701,81865,1,0.0157271241830065,0.888888888888889,0.0159637849460785,0.869936221402965,1810.56,0.0188034188034188,"not significant",0.604111228390726
"56","class","Pisoniviricetes","group_char","control","dementia","unpaired",NA,1015,773.430641415505,-1.6753809277961,0.832594449370338,124889,1,0.00269788950062789,0.691625615763547,-0.00999828488633253,0.580910004038237,1811884.842,0.0863054187192118,"not significant",-0.211375273964441
"57","class","Quintoviricetes","group_char","control","dementia","unpaired",NA,6,5.87468614298325,-0.392297338537822,0.751514989900067,112727,1,-0.00796568627450981,0.666666666666667,-0.0101512121170594,0.60194566735737,267.733,0.0230769230769231,"not significant",-0.316642359813605
"58","class","Resentoviricetes","group_char","control","dementia","unpaired",NA,2,2,0.0514973194274527,1,150000,1,0.00183823529411765,1,0.00183823529411765,1,174.185,0.0153846153846154,"not significant",0
"59","class","Revtraviricetes","group_char","control","dementia","unpaired",NA,13,12.8987355921757,0.599860920843013,0.637449083672776,95617,1,0.00994532428355958,0.923076923076923,0.0112202380278758,0.910194809475837,298.387,0.0189349112426036,"not significant",0.471268392988921
"60","class","Saccharomycetes","group_char","control","dementia","unpaired",NA,1,1,0.0364141037800815,1,150000,1,0.00183823529411765,1,0.00183823529411765,1,20.757,0.0153846153846154,"not significant",0
"61","class","Sordariomycetes","group_char","control","dementia","unpaired",NA,9,8.47706696830696,0.478030347061297,0.655875627495817,98381,1,0.00919117647058823,1,0.0143566045114633,1,721.195,0.0239316239316239,"not significant",0.445614648398629
"62","class","Spirochaetia","group_char","control","dementia","unpaired",NA,17,16.6976291275636,1.78251409331466,0.273891507389951,41083,1,0.0275735294117647,0.941176470588235,0.0276841423568791,0.92313273162635,2454.311,0.0217194570135747,"not significant",1.09414472983676
"63","class","Tectiliviricetes","group_char","control","dementia","unpaired",NA,30,22.6041839245288,-0.446903289445736,0.846134359104273,126920,1,-0.00457516339869281,0.6,-0.0118905223405635,0.482714760409183,28012.269,0.194358974358974,"not significant",-0.194053029965696
"64","class","Trematoda","group_char","control","dementia","unpaired",NA,2,1.99993747826885,1.03863061666797,0.408250611662589,61237,1,0.0428921568627451,1,0.0426626149818113,1,83.674,0.0153846153846154,"not significant",0.82697609360704
"65","class","Verrucomicrobiia","group_char","control","dementia","unpaired",NA,221,210.23103816385,1.65688952333863,0.990033399777335,148505,1,0.00905809156241686,0.778280542986425,0.00637696182437154,0.725048777645727,222873.3,0.0242951618517229,"not significant",0.0124916058179127
"66","family","Acaridae","group_char","control","dementia","unpaired",NA,7,6.99989366917718,0.621892632921502,0.613909240605063,92086,1,0.0135679271708683,1,0.0134559457187453,1,1602.602,0.0153846153846154,"not significant",0.504501169428696
"67","family","Acidaminococcaceae","group_char","control","dementia","unpaired",NA,7,7,0.0963426628173928,1,150000,1,0.00183823529411765,1,0.00183823529411765,1,357.8,0.0153846153846154,"not significant",0
"68","family","Ackermannviridae","group_char","control","dementia","unpaired",NA,78,76.297192338696,1.90665323025423,0.854900967326884,128235,1,0.0139517345399698,0.91025641025641,0.0146113506129466,0.885087069161437,5855.751,0.0199211045364892,"not significant",0.182868795818324
"69","family","Acrididae","group_char","control","dementia","unpaired",NA,1,1,0.0364141037800815,1,150000,1,0.00183823529411765,1,0.00183823529411765,1,9.66,0.0153846153846154,"not significant",0
"70","family","Actinidiaceae","group_char","control","dementia","unpaired",NA,11,8.55339370391843,0.0985979850603701,0.948007013286578,142201,1,0.00384358288770053,0.818181818181818,0.00165048719651393,0.81141293372728,57930.393,0.048951048951049,"not significant",0.065209731147333
"71","family","Adenoviridae","group_char","control","dementia","unpaired",NA,27,20.9613329281824,-0.457908711943881,0.842787714748568,126418,1,-0.00528776325344953,0.555555555555556,-0.0125240369082333,0.458844593592814,27880.076,0.214245014245014,"not significant",-0.198328934619156
"72","family","Adrianichthyidae","group_char","control","dementia","unpaired",NA,3,2.99991694726006,0.867563896050143,0.55264964900234,82897,1,0.0292075163398693,1,0.0290038586779212,1,38.782,0.0153846153846154,"not significant",0.593794379097468
"73","family","Agaricaceae","group_char","control","dementia","unpaired",NA,2,2,0.0514973194274527,1,150000,1,0.00183823529411765,1,0.00183823529411765,1,37.759,0.0153846153846154,"not significant",0
"74","family","Akkermansiaceae","group_char","control","dementia","unpaired",NA,221,210.23103816385,1.65688952333863,0.989593402710649,148439,1,0.00905809156241686,0.778280542986425,0.00637696182437154,0.725048777645727,222873.3,0.0242951618517229,"not significant",0.0130431053158129
"75","family","Alcaligenaceae","group_char","control","dementia","unpaired",NA,35,28.325508978258,-0.0201720630258166,0.994066706221958,149110,1,0.00442927170868347,0.914285714285714,-0.0154368628004113,0.791425327906293,6994.996,0.0391208791208791,"not significant",-0.00743634950977685
"76","family","Aliceevansviridae","group_char","control","dementia","unpaired",NA,38,36.6162711722432,0.77586201087906,0.928013813241245,139202,1,0.00870743034055727,0.894736842105263,0.00709495677812304,0.8520892373756,28487.899,0.0218623481781377,"not significant",0.0903440539886737
"77","family","Amaranthaceae","group_char","control","dementia","unpaired",NA,1,1,0.0364141037800815,1,150000,1,0.00183823529411765,1,0.00183823529411765,1,12.922,0.0153846153846154,"not significant",0
"78","family","Amaryllidaceae","group_char","control","dementia","unpaired",NA,2,1.97943386919572,-0.216834899207932,1,150000,1,-0.0079656862745098,0.5,-0.00896500868430107,0.449034557100645,99.952,0.0230769230769231,"not significant",0
"79","family","Amelidae","group_char","control","dementia","unpaired",NA,1,1,-0.3094043027188,1,150000,1,-0.0177696078431373,0,-0.0177696078431373,0,160.763,0.0307692307692308,"not significant",0
"80","family","Anacardiaceae","group_char","control","dementia","unpaired",NA,10,9.5887406739316,1.03469451722276,0.345124365837561,51768,1,0.0209558823529412,0.9,0.0304629801727692,0.891956451168265,6792.328,0.0261538461538462,"not significant",0.94408861671245
"81","family","Anaplasmataceae","group_char","control","dementia","unpaired",NA,8,7.88422218966086,-1.12309766027986,0.892174052172986,133826,1,-0.0222120098039216,0.25,-0.0252621411709276,0.203576921286083,2745.293,0.0423076923076923,"not significant",-0.135553772570393
"82","family","Anatidae","group_char","control","dementia","unpaired",NA,2,1.98961321890197,-0.651214489402362,0.674428837141086,101164,1,-0.0275735294117647,0,-0.0282818926079722,0,92.551,0.0384615384615385,"not significant",-0.420077502412896
"83","family","Ancylostomatidae","group_char","control","dementia","unpaired",NA,1,1,-0.593431060140572,1,150000,1,-0.0373774509803922,0,-0.0373774509803922,0,473.697,0.0461538461538462,"not significant",0
"84","family","Anelloviridae","group_char","control","dementia","unpaired",NA,7,6.96329917741995,2.02579268728393,0.130252464983567,19537,1,0.0459558823529412,1,0.0487585292470841,1,409.501,0.0175824175824176,"not significant",1.51310706632637
"85","family","Anisakidae","group_char","control","dementia","unpaired",NA,2,2,0.0514973194274527,1,150000,1,0.00183823529411765,1,0.00183823529411765,1,41.298,0.0153846153846154,"not significant",0
"86","family","Aphididae","group_char","control","dementia","unpaired",NA,1,1,1.44030382892098,0.230118465876894,34517,1,0.0839460784313726,1,0.0839460784313726,1,35.124,0.0153846153846154,"not significant",1.20005375061498
"87","family","Apiaceae","group_char","control","dementia","unpaired",NA,5,4.89326001742425,0.224481350164281,0.915873894174039,137381,1,0.00649509803921569,0.8,0.00830089015268544,0.782342535877247,226.248,0.0246153846153846,"not significant",0.105632554895088
"88","family","Apidae","group_char","control","dementia","unpaired",NA,12,11.9997202164946,1.33176246360477,0.468696875354164,70304,1,0.0223651960784314,1,0.0221935196089669,1,582.094,0.0153846153846154,"not significant",0.724600950971894
"89","family","Araliaceae","group_char","control","dementia","unpaired",NA,2,2,0.0514973194274527,1,150000,1,0.00183823529411765,1,0.00183823529411765,1,128.161,0.0153846153846154,"not significant",0
"90","family","Artemiidae","group_char","control","dementia","unpaired",NA,2,1.94193981858091,-0.463994053247961,1,150000,1,-0.0177696078431373,0.5,-0.0211600093684065,0.413544761105635,502.996,0.0307692307692308,"not significant",0
"91","family","Arthrodermataceae","group_char","control","dementia","unpaired",NA,20,19.8769229285726,0.187220816831601,0.743975040166399,111596,1,0.00300245098039216,0.85,0.00227453704109102,0.821914772739995,389.511,0.0176923076923077,"not significant",0.326593923389108
"92","family","Ascarididae","group_char","control","dementia","unpaired",NA,4,4,0.0728282075601631,1,150000,1,0.00183823529411765,1,0.00183823529411765,1,220.472,0.0153846153846154,"not significant",0
"93","family","Aspergillaceae","group_char","control","dementia","unpaired",NA,65,63.9378397483173,2.13492161048645,0.681355457630282,102203,1,0.016619532428356,0.907692307692308,0.0166334251580051,0.890003442891522,3903.72,0.0196449704142012,"not significant",0.410614189191891
"94","family","Astacidae","group_char","control","dementia","unpaired",NA,2,2,0.0514973194274527,1,150000,1,0.00183823529411765,1,0.00183823529411765,1,75.055,0.0153846153846154,"not significant",0
"95","family","Asteraceae","group_char","control","dementia","unpaired",NA,8,8,0.102994638854905,1,150000,1,0.00183823529411765,1,0.00183823529411765,1,194.914,0.0153846153846154,"not significant",0
"96","family","Atopobiaceae","group_char","control","dementia","unpaired",NA,2,1.38825586492713,0.511281139884133,0.698922007186619,104838,1,0.0337009803921569,1,0.0548520988700765,1,11278.118,0.376923076923077,"not significant",0.386776052835956
"97","family","Autographiviridae","group_char","control","dementia","unpaired",NA,77,74.6346600480817,0.988166957000745,0.985453430310465,147818,1,0.00882512095747389,0.857142857142857,0.00565314152116601,0.804865469739828,143687.96,0.0207792207792208,"not significant",0.0182324315331937
"98","family","Azospirillaceae","group_char","control","dementia","unpaired",NA,2,1.99993747826885,1.03863061666797,0.408637275751495,61295,1,0.0428921568627451,1,0.0426626149818113,1,41.596,0.0153846153846154,"not significant",0.826294106684862
"99","family","Bacillaceae","group_char","control","dementia","unpaired",NA,148,144.229917946634,3.01909989041841,0.80382797448017,120574,1,0.016163222045575,0.891891891891892,0.0156161440192152,0.862218117912578,81351.144,0.0206860706860707,"not significant",0.248396069386249
"100","family","Bacillidae","group_char","control","dementia","unpaired",NA,1,1,-0.3094043027188,1,150000,1,-0.0177696078431373,0,-0.0177696078431373,0,107.368,0.0307692307692308,"not significant",0
"101","family","Bacteroidaceae","group_char","control","dementia","unpaired",NA,2925,2825.20463480247,9.63668507849975,0.974093506043293,146114,1,0.0122735461706041,0.865982905982906,0.0109607009868763,0.831527345379233,9346295.748,0.021491124260355,"not significant",0.032474682215006
"102","family","Barnesiellaceae","group_char","control","dementia","unpaired",NA,179,116.57077579499,1.49917557981272,0.667468883540776,100120,1,0.00786983787928582,0.782122905027933,0.00857813233503701,0.72560058004972,1157944.035,0.0837129351095832,"not significant",0.429624401876509
"103","family","Bartonellaceae","group_char","control","dementia","unpaired",NA,45,43.9790567222308,0.465309837570524,0.906280624795835,135942,1,0.00554193899782135,0.733333333333333,0.00506926967821056,0.699499204475942,21960.069,0.0239316239316239,"not significant",0.117731225074744
"104","family","Belostomatidae","group_char","control","dementia","unpaired",NA,1,1,1.44030382892098,0.231958453610309,34793,1,0.0839460784313726,1,0.0839460784313726,1,17.535,0.0153846153846154,"not significant",1.19532915364104
"105","family","Betulaceae","group_char","control","dementia","unpaired",NA,12,11.9997931363441,0.929145152316828,0.529723135179099,79458,1,0.0155228758169935,1,0.0153958261257618,1,439.314,0.0153846153846154,"not significant",0.628428708753209
"106","family","Bifidobacteriaceae","group_char","control","dementia","unpaired",NA,340,323.655595700003,2.73840521693216,0.988693408710609,148304,1,0.0108924452133795,0.85,0.00936601676455215,0.803644843670398,754319.848,0.0234389140271493,"not significant",0.0141711850089854
"107","family","Blattellidae","group_char","control","dementia","unpaired",NA,12,11.620107125567,2.38057016834735,0.0714995233365111,10724,1,0.0470792483660131,0.916666666666667,0.0542558479839345,0.898672593667424,6136.936,0.0282051282051282,"not significant",1.80229170236432
"108","family","Blattidae","group_char","control","dementia","unpaired",NA,6,6,0.0891959737019519,1,150000,1,0.00183823529411765,1,0.00183823529411765,1,139.259,0.0153846153846154,"not significant",0
"109","family","Bombycidae","group_char","control","dementia","unpaired",NA,2,2,0.0514973194274527,1,150000,1,0.00183823529411765,1,0.00183823529411765,1,279.795,0.0153846153846154,"not significant",0
"110","family","Bornaviridae","group_char","control","dementia","unpaired",NA,1,1,1.44030382892098,0.233371777521483,35005,1,0.0839460784313726,1,0.0839460784313726,1,13.652,0.0153846153846154,"not significant",1.1917181534625
"111","family","Borreliaceae","group_char","control","dementia","unpaired",NA,13,12.7367480301436,1.70275004876189,0.263784908100613,39567,1,0.0306843891402715,0.923076923076923,0.0299956313699759,0.900349832377084,2293.043,0.0224852071005917,"not significant",1.11748991768963
"112","family","Bovidae","group_char","control","dementia","unpaired",NA,79,67.984792491633,-2.02656706242929,0.528903140645729,79335,1,-0.0136432737652023,0.518987341772152,-0.0231124306737062,0.410264878797829,15156.664,0.0519961051606621,"not significant",-0.629681268025431
"113","family","Brassicaceae","group_char","control","dementia","unpaired",NA,3,2.99991694726006,0.867563896050143,0.552422983846774,82863,1,0.0292075163398693,1,0.0290038586779212,1,47.8,0.0153846153846154,"not significant",0.594133264399952
"114","family","Bromeliaceae","group_char","control","dementia","unpaired",NA,1,1,0.0364141037800815,1,150000,1,0.00183823529411765,1,0.00183823529411765,1,29.649,0.0153846153846154,"not significant",0
"115","family","Brucellaceae","group_char","control","dementia","unpaired",NA,8,7.86746654249588,0.82994525816149,0.524043173045513,78606,1,0.0174632352941176,1,0.0187072096980852,1,6783.079,0.0192307692307692,"not significant",0.637125387543975
"116","family","Burkholderiaceae","group_char","control","dementia","unpaired",NA,39,35.5247241192681,1.12584812811019,0.816661222258518,122499,1,0.0135275263951735,0.846153846153846,0.009397100190836,0.781799906709853,24247.281,0.0260355029585799,"not significant",0.231841371871934
"117","family","Butyricicoccaceae","group_char","control","dementia","unpaired",NA,2,1.86277325282983,1.54909560790486,0.129505803294645,19425,1,0.0857843137254902,1,0.0862832447247498,1,624.928,0.0461538461538462,"not significant",1.51605358563113
"118","family","Caliciviridae","group_char","control","dementia","unpaired",NA,36,29.8119636089099,-1.81158735658051,0.538729741801721,80809,1,-0.0242374727668845,0.361111111111111,-0.0379805578260944,0.249048171062892,17420.572,0.132478632478632,"not significant",-0.614734999823824
"119","family","Camelidae","group_char","control","dementia","unpaired",NA,4,3.95582455816439,1.62690348559751,0.176245491696722,26436,1,0.0536151960784314,0.75,0.0503272142869085,0.72256849974179,72.884,0.0230769230769231,"not significant",1.35240593550099
"120","family","Campylobacteraceae","group_char","control","dementia","unpaired",NA,157,152.6050255969,2.00886899817211,0.964466903553976,144670,1,0.0110801486199576,0.847133757961783,0.00997834072837518,0.813548203164231,590631.131,0.0212640862322391,"not significant",0.0445488630206907
"121","family","Canidae","group_char","control","dementia","unpaired",NA,1,1,0.0364141037800815,1,150000,1,0.00183823529411765,1,0.00183823529411765,1,12.316,0.0153846153846154,"not significant",0
"122","family","Caricaceae","group_char","control","dementia","unpaired",NA,5,4.85524712897454,0.67921156622376,0.475896827354484,71384,1,0.0189950980392157,1,0.0226232997981172,1,538.041,0.0276923076923077,"not significant",0.712917471148716
"123","family","Caryophyllaceae","group_char","control","dementia","unpaired",NA,1,1,0.0364141037800815,1,150000,1,0.00183823529411765,1,0.00183823529411765,1,11.699,0.0153846153846154,"not significant",0
"124","family","Caviidae","group_char","control","dementia","unpaired",NA,1,1,0.0364141037800815,1,150000,1,0.00183823529411765,1,0.00183823529411765,1,21.598,0.0153846153846154,"not significant",0
"125","family","Centropomidae","group_char","control","dementia","unpaired",NA,2,2,0.0514973194274527,1,150000,1,0.00183823529411765,1,0.00183823529411765,1,40.882,0.0153846153846154,"not significant",0
"126","family","Ceratopogonidae","group_char","control","dementia","unpaired",NA,12,11.9266000837394,0.696308945780228,0.778774808167946,116816,1,0.0122549019607843,0.916666666666667,0.0139603748849007,0.901333562427552,2146.517,0.017948717948718,"not significant",0.280916026344439
"127","family","Cercopithecidae","group_char","control","dementia","unpaired",NA,1,1,0.0364141037800815,1,150000,1,0.00183823529411765,1,0.00183823529411765,1,13.38,0.0153846153846154,"not significant",0
"128","family","Cervidae","group_char","control","dementia","unpaired",NA,1,1,-0.3094043027188,1,150000,1,-0.0177696078431373,0,-0.0177696078431373,0,89.948,0.0307692307692308,"not significant",0
"129","family","Chenopodiaceae","group_char","control","dementia","unpaired",NA,5,5,0.0814244113919944,1,150000,1,0.00183823529411765,1,0.00183823529411765,1,78.302,0.0153846153846154,"not significant",0
"130","family","Chlamydiaceae","group_char","control","dementia","unpaired",NA,38,36.5239669297124,-1.09959160433738,0.683422110519263,102513,1,-0.00838493292053664,0.736842105263158,-0.0124775130644866,0.664082583389691,8487.085,0.0251012145748988,"not significant",-0.407797825047233
"131","family","Christensenellaceae","group_char","control","dementia","unpaired",NA,2,2,0.0514973194274527,1,150000,1,0.00183823529411765,1,0.00183823529411765,1,110.858,0.0153846153846154,"not significant",0
"132","family","Cichlidae","group_char","control","dementia","unpaired",NA,1,1,1.44030382892098,0.231011793254712,34651,1,0.0839460784313726,1,0.0839460784313726,1,18.77,0.0153846153846154,"not significant",1.19775658528739
"133","family","Cimicidae","group_char","control","dementia","unpaired",NA,2,1.93835763051867,0.337062293214476,1,150000,1,0.0232843137254902,0.5,0.0124665436090793,0.410835349343522,107.346,0.0307692307692308,"not significant",0
"134","family","Cladosporiaceae","group_char","control","dementia","unpaired",NA,8,7.93137892681153,-0.180153885970535,1,150000,1,-0.00306372549019608,0.75,-0.00385346681387684,0.709723192492281,423.339,0.0192307692307692,"not significant",0
"135","family","Clavicipitaceae","group_char","control","dementia","unpaired",NA,2,2,0.0514973194274527,1,150000,1,0.00183823529411765,1,0.00183823529411765,1,526.713,0.0153846153846154,"not significant",0
"136","family","Clostridiaceae","group_char","control","dementia","unpaired",NA,304,265.428329121507,-0.719199469923719,0.968593542709715,145289,1,0.0018140479876161,0.792763157894737,-0.011512438793045,0.708686162756501,255434.82,0.0319331983805668,"not significant",-0.0393723269264589
"137","family","Coccinellidae","group_char","control","dementia","unpaired",NA,2,1.99993747826885,1.03863061666797,0.410570596196025,61585,1,0.0428921568627451,1,0.0426626149818113,1,44.018,0.0153846153846154,"not significant",0.822889918600609
"138","family","Coprobacillaceae","group_char","control","dementia","unpaired",NA,1,1,0.0364141037800815,1,150000,1,0.00183823529411765,1,0.00183823529411765,1,15.844,0.0153846153846154,"not significant",0
"139","family","Cordycipitaceae","group_char","control","dementia","unpaired",NA,3,3,0.0630710778591871,1,150000,1,0.00183823529411765,1,0.00183823529411765,1,85.705,0.0153846153846154,"not significant",0
"140","family","Coriobacteriaceae","group_char","control","dementia","unpaired",NA,13,12.5707797961576,1.52345706235675,0.220011866587556,33001,1,0.0258766968325792,1,0.0296045995383974,1,19349.874,0.021301775147929,"not significant",1.22649656654351
"141","family","Coronaviridae","group_char","control","dementia","unpaired",NA,748,609.992690258593,4.81882405638338,0.551636322424517,82745,1,0.016218084827514,0.790106951871658,0.0193615798775987,0.741887725757614,1593470.799,0.0608597285067873,"not significant",0.595309925605908
"142","family","Corynebacteriaceae","group_char","control","dementia","unpaired",NA,17,16.8227227532028,0.590384850952195,0.768641542389717,115296,1,0.00803777393310265,1,0.00958789023388894,1,1483.431,0.0180995475113122,"not significant",0.294152281230837
"143","family","Crangonidae","group_char","control","dementia","unpaired",NA,1,1,0.0364141037800815,1,150000,1,0.00183823529411765,1,0.00183823529411765,1,22.703,0.0153846153846154,"not significant",0
"144","family","Cricetidae","group_char","control","dementia","unpaired",NA,1,1,0.0364141037800815,1,150000,1,0.00183823529411765,1,0.00183823529411765,1,22.153,0.0153846153846154,"not significant",0
"145","family","Cucurbitaceae","group_char","control","dementia","unpaired",NA,3,3,0.0630710778591871,1,150000,1,0.00183823529411765,1,0.00183823529411765,1,89.909,0.0153846153846154,"not significant",0
"146","family","Culicidae","group_char","control","dementia","unpaired",NA,6,5.96039596472124,-0.0774598375984863,1,150000,1,-0.0014297385620915,0.833333333333333,-0.00202539486145966,0.802954862065557,186.149,0.017948717948718,"not significant",0
"147","family","Cupressaceae","group_char","control","dementia","unpaired",NA,7,6.99989366917718,0.621892632921502,0.658942273718175,98841,1,0.0135679271708683,1,0.0134559457187453,1,1778.409,0.0153846153846154,"not significant",0.441373983437355
"148","family","Cyprinidae","group_char","control","dementia","unpaired",NA,1,1,0.0364141037800815,1,150000,1,0.00183823529411765,1,0.00183823529411765,1,30.581,0.0153846153846154,"not significant",0
"149","family","Danionidae","group_char","control","dementia","unpaired",NA,4,3.91131668006731,-0.488928226409515,0.678188812074586,101728,1,-0.0128676470588235,0.5,-0.0153133833965728,0.430559566465174,136.861,0.0269230769230769,"not significant",-0.414935922129799
"150","family","Debaryomycetaceae","group_char","control","dementia","unpaired",NA,7,6.93567761101245,-0.203932838162169,1,150000,1,-0.0037640056022409,0.714285714285714,-0.00461704368098296,0.670780772269869,848.29,0.0197802197802198,"not significant",0
"151","family","Demerecviridae","group_char","control","dementia","unpaired",NA,32,31.3216557090315,1.2286292208961,0.73259511603256,109889,1,0.013671875,0.90625,0.0134741273038058,0.89172516707272,1591.396,0.0201923076923077,"not significant",0.341675494400983
"152","family","Dicroglossidae","group_char","control","dementia","unpaired",NA,2,2,0.0514973194274527,1,150000,1,0.00183823529411765,1,0.00183823529411765,1,42.798,0.0153846153846154,"not significant",0
"153","family","Didelphidae","group_char","control","dementia","unpaired",NA,1,1,0.0364141037800815,1,150000,1,0.00183823529411765,1,0.00183823529411765,1,92.804,0.0153846153846154,"not significant",0
"154","family","Didymellaceae","group_char","control","dementia","unpaired",NA,2,1.92922201668533,-0.326496291270548,0.811854587636082,121778,1,-0.0220588235294118,0.5,-0.027340239162433,0.404230329854548,919.246,0.130769230769231,"not significant",-0.238034175530555
"155","family","Diplomaragnidae","group_char","control","dementia","unpaired",NA,1,1,0.0364141037800815,1,150000,1,0.00183823529411765,1,0.00183823529411765,1,6.413,0.0153846153846154,"not significant",0
"156","family","Drexlerviridae","group_char","control","dementia","unpaired",NA,30,27.1928220134528,1.33329251701061,0.534869767534883,80230,1,0.017156862745098,0.8,0.0209834954422425,0.784995123252179,147092.554,0.0312820512820513,"not significant",0.620589473336376
"157","family","Drosophilidae","group_char","control","dementia","unpaired",NA,16,15.9998839076418,0.492965532713074,0.808947940347064,121342,1,0.00696997549019608,1,0.00691643853207561,1,478.673,0.0153846153846154,"not significant",0.241783479857897
"158","family","Dysgonomonadaceae","group_char","control","dementia","unpaired",NA,2,2,0.0514973194274527,1,150000,1,0.00183823529411765,1,0.00183823529411765,1,344.695,0.0153846153846154,"not significant",0
"159","family","Echimyopodidae","group_char","control","dementia","unpaired",NA,5,4.96140005391126,0.492764175005623,0.680048799674669,102007,1,0.0143382352941176,0.8,0.0127924668911631,0.764756831680128,547.322,0.0184615384615385,"not significant",0.412396538791022
"160","family","Eggerthellaceae","group_char","control","dementia","unpaired",NA,1,1,1.44030382892098,0.231718455210299,34757,1,0.0839460784313726,1,0.0839460784313726,1,4.562,0.0153846153846154,"not significant",1.19594389212621
"161","family","Entamoebidae","group_char","control","dementia","unpaired",NA,4,3.80642129687451,0.431401485524833,0.774748168345544,116212,1,0.0202205882352941,0.5,0.0186277160910324,0.407215238565675,1025.229,0.0653846153846154,"not significant",0.286169675548211
"162","family","Enterobacteriaceae","group_char","control","dementia","unpaired",NA,808,733.423016106418,4.56594927113079,0.931087126085826,139663,1,0.0128251795767813,0.841584158415842,0.010473323628075,0.787814561387951,3517966.244,0.0287699923838538,"not significant",0.0864771419334496
"163","family","Enterococcaceae","group_char","control","dementia","unpaired",NA,172,162.37954288246,1.79024860153608,0.88826741155059,133240,1,0.0111647856817146,0.813953488372093,0.00742468637998132,0.754790241267495,32369.914,0.0256708407871199,"not significant",0.14049688745556
"164","family","Equidae","group_char","control","dementia","unpaired",NA,4,4,0.0728282075601631,1,150000,1,0.00183823529411765,1,0.00183823529411765,1,341.656,0.0153846153846154,"not significant",0
"165","family","Erysipelotrichaceae","group_char","control","dementia","unpaired",NA,10,9.56838900646848,-0.389330510515814,0.78863474243505,118295,1,-0.0036764705882353,0.7,-0.0100170647221151,0.614546318686465,1173.103,0.0261538461538462,"not significant",-0.268083894666396
"166","family","Esocidae","group_char","control","dementia","unpaired",NA,1,1,1.44030382892098,0.22965846894354,34448,1,0.0839460784313726,1,0.0839460784313726,1,6.72,0.0153846153846154,"not significant",1.20123909314281
"167","family","Eubacteriaceae","group_char","control","dementia","unpaired",NA,103,100.569537625606,1.16004405492014,0.975853494310038,146378,1,0.00876284980011422,0.825242718446602,0.00641544144194757,0.781624352508533,190664.483,0.021209858103062,"not significant",0.0302677778917933
"168","family","Euphausiidae","group_char","control","dementia","unpaired",NA,1,1,0.0364141037800815,1,150000,1,0.00183823529411765,1,0.00183823529411765,1,44.474,0.0153846153846154,"not significant",0
"169","family","Euphorbiaceae","group_char","control","dementia","unpaired",NA,4,3.99990673883154,0.768893416858854,0.335964426903821,50394,1,0.0223651960784314,1,0.0221935196089669,1,155.529,0.0153846153846154,"not significant",0.962169580330476
"170","family","Fabaceae","group_char","control","dementia","unpaired",NA,90,87.9554604850246,0.791350863676089,0.92691382057453,139037,1,0.00694444444444444,0.833333333333333,0.00467440984960983,0.787067029794994,6419.479,0.0206837606837607,"not significant",0.091728415101723
"171","family","Fagaceae","group_char","control","dementia","unpaired",NA,8,7.85407718900879,-0.448156910614744,0.795454696968687,119318,1,-0.00796568627450981,0.625,-0.00985346189313447,0.563563281956849,487.181,0.0230769230769231,"not significant",-0.259234003025245
"172","family","Filoviridae","group_char","control","dementia","unpaired",NA,18,17.8533391976968,0.395329018984344,0.880694128705809,132104,1,0.00660403050108933,0.777777777777778,0.00534109993170651,0.740121635603454,1511.776,0.0188034188034188,"not significant",0.150089341849602
"173","family","Flaviviridae","group_char","control","dementia","unpaired",NA,25,22.5627764109677,0.292660904867345,0.920347197685349,138052,1,0.0066421568627451,0.8,-0.00230731240836431,0.715535664205536,1469.072,0.0270769230769231,"not significant",0.0999963821382361
"174","family","Formicidae","group_char","control","dementia","unpaired",NA,4,4,0.0728282075601631,1,150000,1,0.00183823529411765,1,0.00183823529411765,1,412.712,0.0153846153846154,"not significant",0
"175","family","Francisellaceae","group_char","control","dementia","unpaired",NA,2,1.94367746376678,0.508362202319741,0.551169658868941,82675,1,0.0232843137254902,1,0.0269350199967929,1,171.953,0.0307692307692308,"not significant",0.596008334560255
"176","family","Gadidae","group_char","control","dementia","unpaired",NA,2,1.97943386919572,-0.216834899207932,1,150000,1,-0.0079656862745098,0.5,-0.00896500868430107,0.449034557100645,123.076,0.0230769230769231,"not significant",0
"177","family","Gasterosteidae","group_char","control","dementia","unpaired",NA,5,4.96534711552729,0.552775596838104,0.575169498870008,86275,1,0.0143382352941176,1,0.0164267373005766,1,258.972,0.0184615384615385,"not significant",0.560454452582941
"178","family","Glossinidae","group_char","control","dementia","unpaired",NA,1,1,0.943188950512739,0.411770588196079,61765,1,0.0643382352941176,1,0.0643382352941176,1,72.147,0.0307692307692308,"not significant",0.820781763136433
"179","family","Glycyphagidae","group_char","control","dementia","unpaired",NA,2,2,0.0514973194274527,1,150000,1,0.00183823529411765,1,0.00183823529411765,1,30.111,0.0153846153846154,"not significant",0
"180","family","Gobiidae","group_char","control","dementia","unpaired",NA,1,1,0.0364141037800815,1,150000,1,0.00183823529411765,1,0.00183823529411765,1,28.312,0.0153846153846154,"not significant",0
"181","family","Guelinviridae","group_char","control","dementia","unpaired",NA,11,10.9195641877383,1.07984594135976,0.571976186825421,85796,1,0.0206662210338681,0.818181818181818,0.0189534497594,0.785125848775901,140146.382,0.0181818181818182,"not significant",0.565143464817068
"182","family","Haliotidae","group_char","control","dementia","unpaired",NA,1,1,0.0364141037800815,1,150000,1,0.00183823529411765,1,0.00183823529411765,1,8.278,0.0153846153846154,"not significant",0
"183","family","Helicobacteraceae","group_char","control","dementia","unpaired",NA,85,83.4900979320259,2.87482734538767,0.498096679355471,74714,1,0.0198024798154556,0.870588235294118,0.0206733124358812,0.850267138063344,40613.042,0.0209954751131222,"not significant",0.677487529987353
"184","family","Hepeviridae","group_char","control","dementia","unpaired",NA,3,2.99991632580717,1.67806609015207,0.131012459916934,19651,1,0.0565767973856209,1,0.0563723791751085,1,63.793,0.0153846153846154,"not significant",1.51012136064456
"185","family","Herelleviridae","group_char","control","dementia","unpaired",NA,182,174.050437081384,1.62092650262832,0.974866834221105,146230,1,0.00941338073691019,0.824175824175824,0.00586983327031233,0.771651182779448,563403.736,0.0232459847844463,"not significant",0.0315049629854719
"186","family","Heteroderidae","group_char","control","dementia","unpaired",NA,1,1,0.0364141037800815,1,150000,1,0.00183823529411765,1,0.00183823529411765,1,16.321,0.0153846153846154,"not significant",0
"187","family","Hominidae","group_char","control","dementia","unpaired",NA,765,735.519347796068,7.16743887107678,0.79218138545743,118827,1,0.0170855760604896,0.884967320261438,0.0170147647422006,0.857505246111643,1848224.002,0.0217797888386124,"not significant",0.263479028553322
"188","family","Indriidae","group_char","control","dementia","unpaired",NA,1,1,0.0364141037800815,1,150000,1,0.00183823529411765,1,0.00183823529411765,1,36.24,0.0153846153846154,"not significant",0
"189","family","Ixodidae","group_char","control","dementia","unpaired",NA,1,1,0.0364141037800815,1,150000,1,0.00183823529411765,1,0.00183823529411765,1,21.837,0.0153846153846154,"not significant",0
"190","family","Juglandaceae","group_char","control","dementia","unpaired",NA,8,8,0.102994638854905,1,150000,1,0.00183823529411765,1,0.00183823529411765,1,1820.435,0.0153846153846154,"not significant",0
"191","family","Kolmioviridae","group_char","control","dementia","unpaired",NA,1,1,0.0364141037800815,1,150000,1,0.00183823529411765,1,0.00183823529411765,1,576.092,0.0153846153846154,"not significant",0
"192","family","Lachnospiraceae","group_char","control","dementia","unpaired",NA,2325,2203.67795133529,6.37567971423646,0.98560009599936,147840,1,0.0099211996626603,0.848602150537634,0.00814985747296405,0.804799815872295,1983634.894,0.0235897435897436,"not significant",0.0180485831038346
"193","family","Lactobacillaceae","group_char","control","dementia","unpaired",NA,652,619.317533628377,3.16785351336944,0.978120145865694,146718,1,0.0095313815710334,0.829754601226994,0.00784074149726331,0.785017758763171,843104.572,0.0250589900896649,"not significant",0.0274257682737093
"194","family","Lecythidaceae","group_char","control","dementia","unpaired",NA,1,1,0.0364141037800815,1,150000,1,0.00183823529411765,1,0.00183823529411765,1,10.048,0.0153846153846154,"not significant",0
"195","family","Legionellaceae","group_char","control","dementia","unpaired",NA,196,187.423801464474,1.94999520477869,0.939613735908427,140942,1,0.0101290516206483,0.846938775510204,0.00810106679990522,0.798883825955101,108156.222,0.0226844583987441,"not significant",0.0757553545563203
"196","family","Lepismatidae","group_char","control","dementia","unpaired",NA,1,1,1.44030382892098,0.230945127032486,34641,1,0.0839460784313726,1,0.0839460784313726,1,24.061,0.0153846153846154,"not significant",1.19792779731586
"197","family","Leporidae","group_char","control","dementia","unpaired",NA,9,8.92541934852273,0.719463660699429,0.670488863407577,100573,1,0.0157271241830065,0.777777777777778,0.0139538866090748,0.73981523246614,194.143,0.0188034188034188,"not significant",0.425477166493174
"198","family","Leptospiraceae","group_char","control","dementia","unpaired",NA,4,3.96821348784229,0.594124428340409,0.548649675668829,82297,1,0.0174632352941176,1,0.0198854050509511,1,161.268,0.0192307692307692,"not significant",0.599784783435056
"199","family","Leptotrichiaceae","group_char","control","dementia","unpaired",NA,2,1.99993747826885,1.03863061666797,0.4105039299738,61575,1,0.0428921568627451,1,0.0426626149818113,1,38.056,0.0153846153846154,"not significant",0.823007145563244
"200","family","Limulidae","group_char","control","dementia","unpaired",NA,1,1,0.0364141037800815,1,150000,1,0.00183823529411765,1,0.00183823529411765,1,73.524,0.0153846153846154,"not significant",0
"201","family","Listeriaceae","group_char","control","dementia","unpaired",NA,307,295.601230600384,1.00927167913892,0.995713361910921,149357,1,0.00572627259372807,0.807817589576547,0.00358862644731805,0.761769165680834,118300.379,0.0245051365572538,"not significant",0.00537252996400722
"202","family","Loliginidae","group_char","control","dementia","unpaired",NA,1,1,0.597370544013857,0.551442990380064,82716,1,0.0447303921568627,1,0.0447303921568627,1,33.22,0.0461538461538462,"not significant",0.595599231209302
"203","family","Lysobacteraceae","group_char","control","dementia","unpaired",NA,4,4,0.0728282075601631,1,150000,1,0.00183823529411765,1,0.00183823529411765,1,493.016,0.0153846153846154,"not significant",0
"204","family","Mactridae","group_char","control","dementia","unpaired",NA,1,1,2.08701655935568,0.050412997246685,7561,1,0.146446078431373,1,0.146446078431373,1,60.704,0.0307692307692308,"not significant",1.956442946156
"205","family","Majidae","group_char","control","dementia","unpaired",NA,1,1,0.0364141037800815,1,150000,1,0.00183823529411765,1,0.00183823529411765,1,758.762,0.0153846153846154,"not significant",0
"206","family","Malasseziaceae","group_char","control","dementia","unpaired",NA,9,8.99988980861179,0.572570651366212,0.744181705455297,111627,1,0.0109613289760349,1,0.0108710384134305,1,219.022,0.0153846153846154,"not significant",0.32632073023444
"207","family","Malvaceae","group_char","control","dementia","unpaired",NA,1,1,0.943188950512739,0.412603915973894,61890,1,0.0643382352941176,1,0.0643382352941176,1,42.451,0.0307692307692308,"not significant",0.819319910082922
"208","family","Marantaceae","group_char","control","dementia","unpaired",NA,2,2,0.0514973194274527,1,150000,1,0.00183823529411765,1,0.00183823529411765,1,98.524,0.0153846153846154,"not significant",0
"209","family","Matonaviridae","group_char","control","dementia","unpaired",NA,4,3.8367514682857,-0.82345792973041,0.781908120612529,117286,1,-0.022671568627451,0.5,-0.0279207562799514,0.399640837345833,229.324,0.0346153846153846,"not significant",-0.276833286620036
"210","family","Metamycoplasmataceae","group_char","control","dementia","unpaired",NA,21,20.5484642767734,0.652710568713775,0.831294458036946,124694,1,0.0100081699346405,0.80952380952381,0.00857567877238214,0.774825119729092,3938.612,0.0212454212454212,"not significant",0.213041673411444
"211","family","Metastrongylidae","group_char","control","dementia","unpaired",NA,1,1,1.44030382892098,0.230071799521337,34510,1,0.0839460784313726,1,0.0839460784313726,1,14.95,0.0153846153846154,"not significant",1.2001739259056
"212","family","Moraxellaceae","group_char","control","dementia","unpaired",NA,3,2.99991694726006,0.867563896050143,0.408990606729288,61348,1,0.0292075163398693,1,0.0290038586779212,1,111.089,0.0153846153846154,"not significant",0.82567124761503
"213","family","Muribaculaceae","group_char","control","dementia","unpaired",NA,2,2,0.0514973194274527,1,150000,1,0.00183823529411765,1,0.00183823529411765,1,60.32,0.0153846153846154,"not significant",0
"214","family","Muridae","group_char","control","dementia","unpaired",NA,27,26.7611388635275,1.6729019152219,0.586456090292731,87968,1,0.0202205882352941,0.888888888888889,0.0185551069504728,0.860686492023256,25205.633,0.0176638176638177,"not significant",0.54397875823578
"215","family","Musaceae","group_char","control","dementia","unpaired",NA,3,2.99991632580717,1.67806609015207,0.229611802587983,34441,1,0.0565767973856209,1,0.0563723791751085,1,26.166,0.0153846153846154,"not significant",1.20135943960687
"216","family","Mycobacteriaceae","group_char","control","dementia","unpaired",NA,89,87.7026170774408,1.63007945877234,0.945027033153112,141754,1,0.0110500660938533,0.887640449438202,0.0119974270728033,0.862364086344606,219015.327,0.0190146931719965,"not significant",0.0689529972598179
"217","family","Mycoplasmoidaceae","group_char","control","dementia","unpaired",NA,68,60.4829331222358,-0.663261775119864,0.814581236125092,122187,1,0.00275735294117647,0.617647058823529,-0.012826773515484,0.513305468933867,68077.273,0.0459276018099548,"not significant",-0.234520092999509
"218","family","Mytilidae","group_char","control","dementia","unpaired",NA,2,2,0.0514973194274527,1,150000,1,0.00183823529411765,1,0.00183823529411765,1,91.151,0.0153846153846154,"not significant",0
"219","family","Nectriaceae","group_char","control","dementia","unpaired",NA,3,2.72621721352804,0.598473047146017,0.583029446470357,87454,1,0.0238970588235294,1,0.0337830492602363,1,99.919,0.041025641025641,"not significant",0.548965033297432
"220","family","Neisseriaceae","group_char","control","dementia","unpaired",NA,44,38.0902736763129,-0.188492436685513,0.933747108352611,140062,1,0.00359291443850267,0.772727272727273,-0.00818734947933056,0.685361861591965,6826.439,0.0447552447552448,"not significant",-0.0831313375052966
"221","family","Nephropidae","group_char","control","dementia","unpaired",NA,1,1,0.943188950512739,0.410497263351578,61574,1,0.0643382352941176,1,0.0643382352941176,1,24.957,0.0307692307692308,"not significant",0.823018868881549
"222","family","Octopodidae","group_char","control","dementia","unpaired",NA,2,2,0.0514973194274527,1,150000,1,0.00183823529411765,1,0.00183823529411765,1,183.785,0.0153846153846154,"not significant",0
"223","family","Odoribacteraceae","group_char","control","dementia","unpaired",NA,54,52.680747686661,0.750315891511608,0.960873594176039,144131,1,0.00789760348583878,0.833333333333333,0.00581048651064108,0.792693708535849,51127.179,0.0213675213675214,"not significant",0.0490573475532559
"224","family","Oleaceae","group_char","control","dementia","unpaired",NA,1,1,0.0364141037800815,1,150000,1,0.00183823529411765,1,0.00183823529411765,1,26.499,0.0153846153846154,"not significant",0
"225","family","Orthoherpesviridae","group_char","control","dementia","unpaired",NA,542,406.354961521065,-3.93233662591242,0.517103219311871,77565,1,-0.0142988929889298,0.527675276752767,-0.0251240192486636,0.437825727535424,602990.408,0.182685211467499,"not significant",-0.6478171536702
"226","family","Orthomyxoviridae","group_char","control","dementia","unpaired",NA,180,154.914279280685,-1.4545405406213,0.728921807187952,109338,1,-0.0014705882352941,0.677777777777778,-0.0152240915026852,0.590691011102119,31051.737,0.0516239316239316,"not significant",-0.34656012474465
"227","family","Oscillatoriaceae","group_char","control","dementia","unpaired",NA,2,2,0.0514973194274527,1,150000,1,0.00183823529411765,1,0.00183823529411765,1,88.427,0.0153846153846154,"not significant",0
"228","family","Oscillospiraceae","group_char","control","dementia","unpaired",NA,774,746.40171403381,2.40535605374495,0.999346671022193,149902,1,0.00669744642042871,0.856589147286822,0.00515494278298135,0.816390809787278,1135398.464,0.022142715165971,"not significant",0.000818826535703836
"229","family","Palinuridae","group_char","control","dementia","unpaired",NA,1,1,0.0364141037800815,1,150000,1,0.00183823529411765,1,0.00183823529411765,1,10.57,0.0153846153846154,"not significant",0
"230","family","Papillomaviridae","group_char","control","dementia","unpaired",NA,21,20.4724335193697,0.704453145108103,0.763374910833928,114506,1,0.0122257236227824,0.761904761904762,0.0101409147906021,0.712498589479584,4618.68,0.0256410256410256,"not significant",0.301051910278318
"231","family","Paramyxoviridae","group_char","control","dementia","unpaired",NA,6,5.96039596472124,-0.0774598375984863,1,150000,1,-0.0014297385620915,0.833333333333333,-0.00202539486145966,0.802954862065557,157.297,0.017948717948718,"not significant",0
"232","family","Parvoviridae","group_char","control","dementia","unpaired",NA,6,5.87468614298325,-0.392297338537822,0.746468356877621,111970,1,-0.00796568627450981,0.666666666666667,-0.0101512121170594,0.60194566735737,267.733,0.0230769230769231,"not significant",-0.323299600030972
"233","family","Pasteurellaceae","group_char","control","dementia","unpaired",NA,217,179.202678765052,-0.349897213673815,0.954653635642429,143198,1,0.00241991958073552,0.755760368663594,-0.00531502304093859,0.655370310326904,280066.6,0.0472881956752925,"not significant",-0.0568638695512034
"234","family","Pectinidae","group_char","control","dementia","unpaired",NA,1,1,0.0364141037800815,1,150000,1,0.00183823529411765,1,0.00183823529411765,1,9.385,0.0153846153846154,"not significant",0
"235","family","Pedaliaceae","group_char","control","dementia","unpaired",NA,4,4,0.0728282075601631,1,150000,1,0.00183823529411765,1,0.00183823529411765,1,140.259,0.0153846153846154,"not significant",0
"236","family","Pediculidae","group_char","control","dementia","unpaired",NA,1,1,0.0364141037800815,1,150000,1,0.00183823529411765,1,0.00183823529411765,1,24.776,0.0153846153846154,"not significant",0
"237","family","Peduoviridae","group_char","control","dementia","unpaired",NA,40,38.7989987457338,1.51544596201459,0.777074819501203,116561,1,0.0149203431372549,0.925,0.0149071806642043,0.91225738008761,61830.358,0.0196153846153846,"not significant",0.283133086470635
"238","family","Penaeidae","group_char","control","dementia","unpaired",NA,3,3,0.0630710778591871,1,150000,1,0.00183823529411765,1,0.00183823529411765,1,56.653,0.0153846153846154,"not significant",0
"239","family","Peptostreptococcaceae","group_char","control","dementia","unpaired",NA,27,26.8058276406416,0.309153475953661,0.985540096399357,147831,1,0.00428921568627451,0.814814814814815,0.0033356135306357,0.781771676527431,3297.41,0.0182336182336182,"not significant",0.0181237937508485
"240","family","Phasianidae","group_char","control","dementia","unpaired",NA,46,38.6784892653605,-0.436915715849033,0.866820887860748,130023,1,-0.00127877237851663,0.608695652173913,-0.012100350963983,0.493812260534672,8595.859,0.0528428093645485,"not significant",-0.167697976887612
"241","family","Picornaviridae","group_char","control","dementia","unpaired",NA,231,170.553583850227,-7.68945001217454,0.0955260298264678,14328,1,-0.0368840718105424,0.424242424242424,-0.0712590736290994,0.271943347851266,200993.471,0.161505161505162,"not significant",-1.66694154009651
"242","family","Pinaceae","group_char","control","dementia","unpaired",NA,2,1.99997262275412,0.44487336620264,0.659582269451537,98937,1,0.0232843137254902,0.5,0.0231324208159575,0.498150080385393,32.151,0.0307692307692308,"not significant",0.440489977840096
"243","family","Plasmodiidae","group_char","control","dementia","unpaired",NA,215,208.294411812012,1.41134433248042,0.965626895820694,144844,1,0.00692259461924308,0.841860465116279,0.00673727129349079,0.808008009605248,102840.51,0.0221824686940966,"not significant",0.0430936316144833
"244","family","Platanaceae","group_char","control","dementia","unpaired",NA,1,1,-0.3094043027188,1,150000,1,-0.0177696078431373,0,-0.0177696078431373,0,161.228,0.0307692307692308,"not significant",0
"245","family","Pleosporaceae","group_char","control","dementia","unpaired",NA,16,15.4736359185066,0.552244451492346,0.831734455103633,124760,1,0.00865502450980392,0.9375,0.00898150601470148,0.929313060016352,925.363,0.0221153846153846,"not significant",0.212477595289171
"246","family","Pleuronectidae","group_char","control","dementia","unpaired",NA,2,2,0.0514973194274527,1,150000,1,0.00183823529411765,1,0.00183823529411765,1,109.046,0.0153846153846154,"not significant",0
"247","family","Pneumoviridae","group_char","control","dementia","unpaired",NA,45,32.1108110554189,1.3175118239064,0.610395930693795,91559,1,0.00497004357298475,0.577777777777778,0.0201372030172037,0.636136727939174,14398468.608,0.312136752136752,"not significant",0.509508373229292
"248","family","Poaceae","group_char","control","dementia","unpaired",NA,137,126.569180238185,5.53018470668778,0.110939260404931,16640,1,0.0317956562186919,0.91970802919708,0.0301308322353619,0.900759315712897,36767.585,0.0252667040988209,"not significant",1.59398559917223
"249","family","Polygonaceae","group_char","control","dementia","unpaired",NA,6,5.77111850513189,1.26495445489365,0.33045779694802,49568,1,0.0330882352941176,1,0.0322118877785314,1,281.285,0.0230769230769231,"not significant",0.973192179442756
"250","family","Porphyromonadaceae","group_char","control","dementia","unpaired",NA,20,14.0153998179239,1.74511432382776,0.167078886140759,25061,1,0.0290441176470588,0.95,0.0412747891674655,0.893917326744883,7955.181,0.0584615384615385,"not significant",1.38165100107449
"251","family","Portunidae","group_char","control","dementia","unpaired",NA,4,4,0.0728282075601631,1,150000,1,0.00183823529411765,1,0.00183823529411765,1,346.228,0.0153846153846154,"not significant",0
"252","family","Prevotellaceae","group_char","control","dementia","unpaired",NA,161,102.576248528199,1.75775261340457,0.570556196292025,85583,1,0.0132406223358909,0.826086956521739,0.0133007205763393,0.753038982578578,1821900.23,0.0760630673674152,"not significant",0.567232549691456
"253","family","Pseudococcidae","group_char","control","dementia","unpaired",NA,1,1,0.0364141037800815,1,150000,1,0.00183823529411765,1,0.00183823529411765,1,12.305,0.0153846153846154,"not significant",0
"254","family","Pseudomonadaceae","group_char","control","dementia","unpaired",NA,101,80.1966472383073,7.65702002903223,0.0142932380450797,2143,1,0.0606617647058824,0.881188118811881,0.0880683825933606,0.881671833794297,43219.025,0.0610814927646611,"nominal only",2.44980806956905
"255","family","Psoroptidae","group_char","control","dementia","unpaired",NA,1,1,0.0364141037800815,1,150000,1,0.00183823529411765,1,0.00183823529411765,1,21.563,0.0153846153846154,"not significant",0
"256","family","Pteromalidae","group_char","control","dementia","unpaired",NA,6,5.95840900357426,1.01426875531052,0.484443437043753,72666,1,0.0259395424836601,0.833333333333333,0.0241325297878655,0.802248566351381,653.453,0.017948717948718,"not significant",0.699173775954177
"257","family","Pulicidae","group_char","control","dementia","unpaired",NA,3,3,0.0630710778591871,1,150000,1,0.00183823529411765,1,0.00183823529411765,1,412.808,0.0153846153846154,"not significant",0
"258","family","Pyralidae","group_char","control","dementia","unpaired",NA,2,2,0.0514973194274527,1,150000,1,0.00183823529411765,1,0.00183823529411765,1,254.838,0.0153846153846154,"not significant",0
"259","family","Pyroglyphidae","group_char","control","dementia","unpaired",NA,23,22.6610076874417,0.201106052228407,0.97043353044313,145565,1,0.00386295822676897,0.826086956521739,0.00196379059502058,0.782007704668644,1619.83,0.0193979933110368,"not significant",0.0370645589720763
"260","family","Ranidae","group_char","control","dementia","unpaired",NA,2,2,0.0514973194274527,1,150000,1,0.00183823529411765,1,0.00183823529411765,1,83.462,0.0153846153846154,"not significant",0
"261","family","Retroviridae","group_char","control","dementia","unpaired",NA,13,12.8987355921757,0.599860920843013,0.637035753094979,95555,1,0.00994532428355958,0.923076923076923,0.0112202380278758,0.910194809475837,298.387,0.0189349112426036,"not significant",0.471847346671653
"262","family","Rhabdoviridae","group_char","control","dementia","unpaired",NA,4,3.99990673883154,0.768893416858854,0.550596329357804,82589,1,0.0223651960784314,1,0.0221935196089669,1,133.004,0.0153846153846154,"not significant",0.596866778060687
"263","family","Rhizopodaceae","group_char","control","dementia","unpaired",NA,1,1,1.44030382892098,0.23055846294358,34583,1,0.0839460784313726,1,0.0839460784313726,1,198.538,0.0153846153846154,"not significant",1.19892152031499
"264","family","Rickettsiaceae","group_char","control","dementia","unpaired",NA,6,5.87532367532133,-0.249065132815416,1,150000,1,-0.00469771241830065,0.833333333333333,-0.00682668303942597,0.779044582494638,275.438,0.0205128205128205,"not significant",0
"265","family","Rikenellaceae","group_char","control","dementia","unpaired",NA,382,371.429461639939,3.59228284690194,0.973460176932154,146019,1,0.0125147572117853,0.879581151832461,0.0104997668304576,0.842806485959827,901017.251,0.020499395892066,"not significant",0.033268871530625
"266","family","Rosaceae","group_char","control","dementia","unpaired",NA,12,11.9535048424691,0.79224304310872,0.707268618209212,106090,1,0.0138888888888889,0.916666666666667,0.0131723984834871,0.899465443029212,367.221,0.0166666666666667,"not significant",0.375526935338502
"267","family","Rountreeviridae","group_char","control","dementia","unpaired",NA,8,7.03701005337517,0.95906572190287,0.429570469530203,64435,1,0.0237438725490196,1,0.0302483252995826,1,364.929,0.0384615384615385,"not significant",0.789926884559831
"268","family","Saccharomycetaceae","group_char","control","dementia","unpaired",NA,1,1,0.0364141037800815,1,150000,1,0.00183823529411765,1,0.00183823529411765,1,20.757,0.0153846153846154,"not significant",0
"269","family","Salmonidae","group_char","control","dementia","unpaired",NA,14,13.5701267263377,-0.387700068932229,0.816667888880741,122500,1,-0.00350140056022409,0.714285714285714,-0.00758755849388713,0.638736788849661,527.239,0.0241758241758242,"not significant",-0.231832788911552
"270","family","Sarcocystidae","group_char","control","dementia","unpaired",NA,9,8.84407745486157,0.130135920535394,1,150000,1,0.00442538126361656,0.777777777777778,0.00199637190351417,0.725439211165482,160.494,0.0205128205128205,"not significant",0
"271","family","Sarcoptidae","group_char","control","dementia","unpaired",NA,7,7,0.0963426628173928,1,150000,1,0.00183823529411765,1,0.00183823529411765,1,194.361,0.0153846153846154,"not significant",0
"272","family","Schistosomatidae","group_char","control","dementia","unpaired",NA,2,1.99993747826885,1.03863061666797,0.410357264284905,61553,1,0.0428921568627451,1,0.0426626149818113,1,83.674,0.0153846153846154,"not significant",0.82326508470106
"273","family","Scombridae","group_char","control","dementia","unpaired",NA,2,1.99993747826885,1.03863061666797,0.411630589129406,61744,1,0.0428921568627451,1,0.0426626149818113,1,21.176,0.0153846153846154,"not significant",0.821027526546974
"274","family","Sebastidae","group_char","control","dementia","unpaired",NA,1,1,0.0364141037800815,1,150000,1,0.00183823529411765,1,0.00183823529411765,1,16.031,0.0153846153846154,"not significant",0
"275","family","Sedoreoviridae","group_char","control","dementia","unpaired",NA,2,2,0.0514973194274527,1,150000,1,0.00183823529411765,1,0.00183823529411765,1,174.185,0.0153846153846154,"not significant",0
"276","family","Selenomonadaceae","group_char","control","dementia","unpaired",NA,4,3.77707871756189,-0.845331238376291,0.479543469710202,71931,1,-0.022671568627451,0.5,-0.0304663147618933,0.402785359391235,770.561,0.0346153846153846,"not significant",-0.707037024292282
"277","family","Sepiidae","group_char","control","dementia","unpaired",NA,1,1,0.0364141037800815,1,150000,1,0.00183823529411765,1,0.00183823529411765,1,45.301,0.0153846153846154,"not significant",0
"278","family","Serranidae","group_char","control","dementia","unpaired",NA,4,3.89533792012788,-0.327138725806938,0.832387784081439,124858,1,-0.00796568627450981,0.75,-0.0107491307779564,0.679022165162112,98.815,0.0230769230769231,"not significant",-0.21164014939291
"279","family","Simuliidae","group_char","control","dementia","unpaired",NA,1,1,0.0364141037800815,1,150000,1,0.00183823529411765,1,0.00183823529411765,1,19.36,0.0153846153846154,"not significant",0
"280","family","Solanaceae","group_char","control","dementia","unpaired",NA,12,11.7776279896034,0.826428861724239,0.556896287358084,83534,1,0.0161356209150327,0.75,0.0168743776505932,0.731479095199777,1041.095,0.0256410256410256,"not significant",0.58745779571556
"281","family","Solecurtidae","group_char","control","dementia","unpaired",NA,1,1,0.0364141037800815,1,150000,1,0.00183823529411765,1,0.00183823529411765,1,554.901,0.0153846153846154,"not significant",0
"282","family","Sparidae","group_char","control","dementia","unpaired",NA,1,1,0.0364141037800815,1,150000,1,0.00183823529411765,1,0.00183823529411765,1,39.592,0.0153846153846154,"not significant",0
"283","family","Sporidiobolaceae","group_char","control","dementia","unpaired",NA,2,2,0.0514973194274527,1,150000,1,0.00183823529411765,1,0.00183823529411765,1,16.278,0.0153846153846154,"not significant",0
"284","family","Stachybotryaceae","group_char","control","dementia","unpaired",NA,1,1,0.0364141037800815,1,150000,1,0.00183823529411765,1,0.00183823529411765,1,8.858,0.0153846153846154,"not significant",0
"285","family","Staphylococcaceae","group_char","control","dementia","unpaired",NA,458,342.270830387505,-3.25553480775476,0.554589636069093,83188,1,-0.00614618117989551,0.600436681222707,-0.0192875197268199,0.486003871861776,1226229.526,0.0902922405105811,"not significant",-0.59089670173731
"286","family","Straboviridae","group_char","control","dementia","unpaired",NA,261,252.777514175862,2.56391423090654,0.971980186798755,145797,1,0.0107406468334461,0.854406130268199,0.0101215505968851,0.823743014667634,401902.72,0.0222222222222222,"not significant",0.035124849250225
"287","family","Streptococcaceae","group_char","control","dementia","unpaired",NA,405,290.321619070464,-6.45777143259427,0.204105305964627,30615,1,-0.0195881747760832,0.562962962962963,-0.0461060870539588,0.408598716988423,473813.241,0.100436847103514,"not significant",-1.2699419578683
"288","family","Streptomycetaceae","group_char","control","dementia","unpaired",NA,1,1,1.44030382892098,0.229911800587996,34486,1,0.0839460784313726,1,0.0839460784313726,1,4.843,0.0153846153846154,"not significant",1.20058608712339
"289","family","Strongylocentrotidae","group_char","control","dementia","unpaired",NA,1,1,0.0364141037800815,1,150000,1,0.00183823529411765,1,0.00183823529411765,1,204.762,0.0153846153846154,"not significant",0
"290","family","Struthionidae","group_char","control","dementia","unpaired",NA,1,1,0.0651413118027206,1,150000,1,0.00551470588235294,1,0.00551470588235294,1,136.232,0.0769230769230769,"not significant",0
"291","family","Styelidae","group_char","control","dementia","unpaired",NA,2,1.97943386919572,-0.216834899207932,1,150000,1,-0.0079656862745098,0.5,-0.00896500868430107,0.449034557100645,101.804,0.0230769230769231,"not significant",0
"292","family","Suidae","group_char","control","dementia","unpaired",NA,4,3.96568946340576,-0.127388034426873,1,150000,1,-0.00306372549019608,0.75,-0.00385346681387685,0.709723192492281,72.129,0.0192307692307692,"not significant",0
"293","family","Suidasiidae","group_char","control","dementia","unpaired",NA,1,1,0.0364141037800815,1,150000,1,0.00183823529411765,1,0.00183823529411765,1,11.209,0.0153846153846154,"not significant",0
"294","family","Sutterellaceae","group_char","control","dementia","unpaired",NA,14,13.9995993546027,1.9987823312364,0.200278664808901,30041,1,0.0311624649859944,1,0.0309519974384403,1,638.408,0.0153846153846154,"not significant",1.28075804469832
"295","family","Tabanidae","group_char","control","dementia","unpaired",NA,3,2.99991694726006,0.867563896050143,0.551689655402297,82753,1,0.0292075163398693,1,0.0290038586779212,1,48.791,0.0153846153846154,"not significant",0.595230125932283
"296","family","Taeniidae","group_char","control","dementia","unpaired",NA,2,1.79528625035763,1.07606433080564,0.371250858327611,55687,1,0.0661764705882353,1,0.0601760112424282,1,304.681,0.0615384615384615,"not significant",0.894132769012226
"297","family","Tannerellaceae","group_char","control","dementia","unpaired",NA,548,458.331568029815,1.74268592571999,0.971793521376524,145769,1,0.00759893373407764,0.85036496350365,0.00103795033286134,0.780691688530545,426816.957,0.0334362717574396,"not significant",0.0353589449906974
"298","family","Tectiviridae","group_char","control","dementia","unpaired",NA,3,3,0.0630710778591871,1,150000,1,0.00183823529411765,1,0.00183823529411765,1,132.193,0.0153846153846154,"not significant",0
"299","family","Tenebrionidae","group_char","control","dementia","unpaired",NA,1,1,0.0364141037800815,1,150000,1,0.00183823529411765,1,0.00183823529411765,1,26.776,0.0153846153846154,"not significant",0
"300","family","Tephritidae","group_char","control","dementia","unpaired",NA,1,1,0.0364141037800815,1,150000,1,0.00183823529411765,1,0.00183823529411765,1,27.959,0.0153846153846154,"not significant",0
"301","family","Tetraodontidae","group_char","control","dementia","unpaired",NA,5,4.89163034032587,1.37351008639459,0.246045026366491,36906,1,0.0393382352941176,1,0.0406138319869652,1,249.255,0.0246153846153846,"not significant",1.16000928361441
"302","family","Togaviridae","group_char","control","dementia","unpaired",NA,6,5.99983389452011,1.22692062801935,0.264018239878401,39602,1,0.0292075163398693,1,0.0290038586779212,1,110.524,0.0153846153846154,"not significant",1.11694407018834
"303","family","Torpedinidae","group_char","control","dementia","unpaired",NA,1,1,-0.593431060140572,1,150000,1,-0.0373774509803922,0,-0.0373774509803922,0,24.881,0.0461538461538462,"not significant",0
"304","family","Trichomonadidae","group_char","control","dementia","unpaired",NA,2,2,0.0514973194274527,1,150000,1,0.00183823529411765,1,0.00183823529411765,1,214.253,0.0153846153846154,"not significant",0
"305","family","Tropherymataceae","group_char","control","dementia","unpaired",NA,1,1,0.0364141037800815,1,150000,1,0.00183823529411765,1,0.00183823529411765,1,7.975,0.0153846153846154,"not significant",0
"306","family","Trypanosomatidae","group_char","control","dementia","unpaired",NA,6,5.99989656817205,0.657004837909836,0.616049226338491,92407,1,0.0155228758169935,1,0.0153958261257618,1,335.307,0.0153846153846154,"not significant",0.501457435910562
"307","family","Tupaiidae","group_char","control","dementia","unpaired",NA,3,3,2.49467941002713,0.010079932800448,1511,1,0.0839460784313725,1,0.0839460784313726,1,72.517,0.0153846153846154,"nominal only",2.57307511552283
"308","family","Varunidae","group_char","control","dementia","unpaired",NA,1,1,1.44030382892098,0.228658475610163,34298,1,0.0839460784313726,1,0.0839460784313726,1,8.629,0.0153846153846154,"not significant",1.20382176451323
"309","family","Veillonellaceae","group_char","control","dementia","unpaired",NA,59,55.8345212712496,1.31722299940639,0.880027466483557,132004,1,0.0110190262545696,0.898305084745763,0.0139612482804277,0.88016920203575,7934.636,0.0234680573663625,"not significant",0.150934396920056
"310","family","Veneridae","group_char","control","dementia","unpaired",NA,1,1,0.0364141037800815,1,150000,1,0.00183823529411765,1,0.00183823529411765,1,8.827,0.0153846153846154,"not significant",0
"311","family","Vespidae","group_char","control","dementia","unpaired",NA,10,9.68183036804482,-0.171167769365305,0.930733795108033,139610,1,-0.0017156862745098,0.8,-0.00323000699341135,0.749335582709868,2292.986,0.0246153846153846,"not significant",-0.0869216441248537
"312","family","Vibrionaceae","group_char","control","dementia","unpaired",NA,294,275.591728061339,0.986934667226726,0.999826667822215,149974,1,0.00555638922235563,0.843537414965986,0.000973051313956348,0.783271418546531,135011.255,0.023861852433281,"not significant",0.000217239670578926
"313","family","Victivallaceae","group_char","control","dementia","unpaired",NA,1,1,-0.3094043027188,1,150000,1,-0.0177696078431373,0,-0.0177696078431373,0,18.342,0.0307692307692308,"not significant",0
"314","family","Viperidae","group_char","control","dementia","unpaired",NA,1,1,0.0364141037800815,1,150000,1,0.00183823529411765,1,0.00183823529411765,1,22.885,0.0153846153846154,"not significant",0
"315","family","Vitaceae","group_char","control","dementia","unpaired",NA,4,3.96821348784229,0.594124428340409,0.551329657802281,82699,1,0.0174632352941176,1,0.0198854050509511,1,209.658,0.0192307692307692,"not significant",0.595768847327101
"316","family","Weeksellaceae","group_char","control","dementia","unpaired",NA,2,1.91689988541033,-0.302665693112098,0.988393410710595,148259,1,-0.0159313725490196,0,-0.0155486340089814,0,860.739,0.0615384615384615,"not significant",-0.0145472155100164
"317","family","Yersiniaceae","group_char","control","dementia","unpaired",NA,49,45.1835952565272,1.54417140240862,0.687768748208345,103165,1,0.0168692476990796,0.857142857142857,0.0176263209774209,0.819128063699845,3444.51,0.0285714285714286,"not significant",0.40188488349057
"318","genus","Acadevirus","group_char","control","dementia","unpaired",NA,10,9.99980126383396,0.9951228951378,0.610902593982707,91635,1,0.0182598039215686,1,0.0181133883037289,1,332.357,0.0153846153846154,"not significant",0.508785485933969
"319","genus","Acarus","group_char","control","dementia","unpaired",NA,1,1,1.44030382892098,0.22939180405464,34408,1,0.0839460784313726,1,0.0839460784313726,1,13.179,0.0153846153846154,"not significant",1.2019270217323
"320","genus","Acetivibrio","group_char","control","dementia","unpaired",NA,1,1,0.0364141037800815,1,150000,1,0.00183823529411765,1,0.00183823529411765,1,27.865,0.0153846153846154,"not significant",0
"321","genus","Acidaminococcus","group_char","control","dementia","unpaired",NA,1,1,0.0364141037800815,1,150000,1,0.00183823529411765,1,0.00183823529411765,1,137.203,0.0153846153846154,"not significant",0
"322","genus","Actinidia","group_char","control","dementia","unpaired",NA,11,8.55339370391843,0.0985979850603701,0.947987013419911,142198,1,0.00384358288770053,0.818181818181818,0.00165048719651393,0.81141293372728,57930.393,0.048951048951049,"not significant",0.0652348506346792
"323","genus","Aedes","group_char","control","dementia","unpaired",NA,2,1.97943386919572,-0.216834899207932,1,150000,1,-0.0079656862745098,0.5,-0.00896500868430107,0.449034557100645,90.782,0.0230769230769231,"not significant",0
"324","genus","Aegilops","group_char","control","dementia","unpaired",NA,8,7.61225719290259,2.3235888983615,0.122105852627649,18315,1,0.0536151960784314,1,0.0493624838393796,1,151.582,0.0230769230769231,"not significant",1.54599468010628
"325","genus","Agathobacter","group_char","control","dementia","unpaired",NA,150,142.790263190065,1.96954206567797,0.916920553862974,137538,1,0.0111928104575164,0.873333333333333,0.0102472128901165,0.837226860562162,16849.66,0.0230769230769231,"not significant",0.104313513920786
"326","genus","Aggregatibacter","group_char","control","dementia","unpaired",NA,6,5.94120255348249,-0.23174426043521,1,150000,1,-0.00469771241830065,0.666666666666667,-0.00561724182026863,0.6197706671663,715.757,0.0205128205128205,"not significant",0
"327","genus","Aix","group_char","control","dementia","unpaired",NA,1,1,-0.593431060140572,1,150000,1,-0.0373774509803922,0,-0.0373774509803922,0,47.388,0.0461538461538462,"not significant",0
"328","genus","Akkermansia","group_char","control","dementia","unpaired",NA,221,210.23103816385,1.65688952333863,0.989160072266185,148374,1,0.00905809156241686,0.778280542986425,0.00637696182437154,0.725048777645727,222873.3,0.0242951618517229,"not significant",0.0135862526372916
"329","genus","Aleuroglyphus","group_char","control","dementia","unpaired",NA,1,1,0.0364141037800815,1,150000,1,0.00183823529411765,1,0.00183823529411765,1,3.429,0.0153846153846154,"not significant",0
"330","genus","Aliivibrio","group_char","control","dementia","unpaired",NA,1,1,0.0364141037800815,1,150000,1,0.00183823529411765,1,0.00183823529411765,1,23.321,0.0153846153846154,"not significant",0
"331","genus","Alistipes","group_char","control","dementia","unpaired",NA,376,365.663459566423,3.59057392068438,0.973533509776601,146030,1,0.0126232008760952,0.877659574468085,0.0105503342863402,0.840219051677655,900449.252,0.0204582651391162,"not significant",0.0331769117031045
"332","genus","Allium","group_char","control","dementia","unpaired",NA,2,1.97943386919572,-0.216834899207932,1,150000,1,-0.0079656862745098,0.5,-0.00896500868430107,0.449034557100645,99.952,0.0230769230769231,"not significant",0
"333","genus","Alloprevotella","group_char","control","dementia","unpaired",NA,1,1,0.960056517026784,0.582849447670349,87427,1,0.0876225490196078,1,0.0876225490196078,1,182.827,0.0769230769230769,"not significant",0.549227334861192
"334","genus","Alnus","group_char","control","dementia","unpaired",NA,1,1,0.0364141037800815,1,150000,1,0.00183823529411765,1,0.00183823529411765,1,16.794,0.0153846153846154,"not significant",0
"335","genus","Alphacoronavirus","group_char","control","dementia","unpaired",NA,196,168.441461825873,-0.243779601845077,0.979073472843514,146861,1,0.00523959583833533,0.790816326530612,-0.0111091363679623,0.699312694721876,842415.644,0.039010989010989,"not significant",-0.0262305199616627
"336","genus","Alphainfluenzavirus","group_char","control","dementia","unpaired",NA,94,84.9571233609666,-0.0246011165734468,0.994180038799741,149127,1,0.00610137672090112,0.659574468085106,-0.00285416443504559,0.562473546097998,11135.258,0.0428805237315876,"not significant",-0.00729430433491977
"337","genus","Alphapapillomavirus","group_char","control","dementia","unpaired",NA,21,20.4724335193697,0.704453145108103,0.765488230078466,114823,1,0.0122257236227824,0.761904761904762,0.0101409147906021,0.712498589479584,4618.68,0.0256410256410256,"not significant",0.298281621568509
"338","genus","Alphatectivirus","group_char","control","dementia","unpaired",NA,3,3,0.0630710778591871,1,150000,1,0.00183823529411765,1,0.00183823529411765,1,132.193,0.0153846153846154,"not significant",0
"339","genus","Alphavirus","group_char","control","dementia","unpaired",NA,6,5.99983389452011,1.22692062801935,0.267804881300791,40170,1,0.0292075163398693,1,0.0290038586779212,1,110.524,0.0153846153846154,"not significant",1.10813184139071
"340","genus","Alternaria","group_char","control","dementia","unpaired",NA,15,14.4860616102237,0.558522871772383,0.812534583102779,121880,1,0.009109477124183,0.933333333333333,0.00941818352529399,0.924991874639111,889.522,0.0225641025641026,"not significant",0.237157529401813
"341","genus","Amaranthus","group_char","control","dementia","unpaired",NA,1,1,0.0364141037800815,1,150000,1,0.00183823529411765,1,0.00183823529411765,1,12.922,0.0153846153846154,"not significant",0
"342","genus","Ambrosia","group_char","control","dementia","unpaired",NA,4,4,0.0728282075601631,1,150000,1,0.00183823529411765,1,0.00183823529411765,1,72.917,0.0153846153846154,"not significant",0
"343","genus","Amphioctopus","group_char","control","dementia","unpaired",NA,1,1,0.0364141037800815,1,150000,1,0.00183823529411765,1,0.00183823529411765,1,73.088,0.0153846153846154,"not significant",0
"344","genus","Anacardium","group_char","control","dementia","unpaired",NA,5,4.89326001742424,0.224481350164281,0.891654055639629,133748,1,0.00649509803921569,0.8,0.00830089015268544,0.782342535877247,234.845,0.0246153846153846,"not significant",0.136211536148616
"345","genus","Anaerobutyricum","group_char","control","dementia","unpaired",NA,206,200.420702714083,2.74245499177198,0.940140399064006,141021,1,0.0128616980772892,0.83495145631068,0.0128002854328844,0.801737455130771,90487.387,0.0214339058999253,"not significant",0.0750933999653725
"346","genus","Anaerostipes","group_char","control","dementia","unpaired",NA,131,126.757687228737,1.02810747455754,0.977746815021233,146662,1,0.00760084568178416,0.824427480916031,0.00493805881138141,0.78093025015719,19006.095,0.022665883734586,"not significant",0.0278938481247469
"347","genus","Anaerotruncus","group_char","control","dementia","unpaired",NA,13,12.92212095299,0.31273284669181,0.888414077239485,133262,1,0.00513763197586727,0.923076923076923,0.00571056601109124,0.908738990883627,808.933,0.0177514792899408,"not significant",0.140311248483551
"348","genus","Anamdongvirus","group_char","control","dementia","unpaired",NA,31,30.296809804807,1.6220829076982,0.523496510023266,78524,1,0.0180858633776091,0.935483870967742,0.0206552754064707,0.92657305106567,2021.992,0.0213399503722084,"not significant",0.637964928994034
"349","genus","Ananas","group_char","control","dementia","unpaired",NA,1,1,0.0364141037800815,1,150000,1,0.00183823529411765,1,0.00183823529411765,1,29.649,0.0153846153846154,"not significant",0
"350","genus","Angelakisella","group_char","control","dementia","unpaired",NA,1,1,0.0651413118027206,1,150000,1,0.00551470588235294,1,0.00551470588235294,1,734.223,0.0769230769230769,"not significant",0
"351","genus","Anisakis","group_char","control","dementia","unpaired",NA,2,2,0.0514973194274527,1,150000,1,0.00183823529411765,1,0.00183823529411765,1,41.298,0.0153846153846154,"not significant",0
"352","genus","Anopheles","group_char","control","dementia","unpaired",NA,3,3,0.0630710778591871,1,150000,1,0.00183823529411765,1,0.00183823529411765,1,81.307,0.0153846153846154,"not significant",0
"353","genus","Anser","group_char","control","dementia","unpaired",NA,1,1,-0.3094043027188,1,150000,1,-0.0177696078431373,0,-0.0177696078431373,0,45.163,0.0307692307692308,"not significant",0
"354","genus","Aphthovirus","group_char","control","dementia","unpaired",NA,3,2.91282969217425,-0.383833299258648,1,150000,1,-0.011233660130719,0.666666666666667,-0.0144316737284559,0.585117319924375,143.55,0.0256410256410256,"not significant",0
"355","genus","Apibacter","group_char","control","dementia","unpaired",NA,2,1.91689988541033,-0.302665693112098,0.988060079599469,148209,1,-0.0159313725490196,0,-0.0155486340089814,0,860.739,0.0615384615384615,"not significant",-0.0149650295926374
"356","genus","Apis","group_char","control","dementia","unpaired",NA,8,7.99989149694024,0.59450424911872,0.807741281724789,121161,1,0.0121017156862745,1,0.0120017104773915,1,274.058,0.0153846153846154,"not significant",0.243340953008442
"357","genus","Apium","group_char","control","dementia","unpaired",NA,1,1,0.0364141037800815,1,150000,1,0.00183823529411765,1,0.00183823529411765,1,7.564,0.0153846153846154,"not significant",0
"358","genus","Aquarana","group_char","control","dementia","unpaired",NA,2,2,0.0514973194274527,1,150000,1,0.00183823529411765,1,0.00183823529411765,1,83.462,0.0153846153846154,"not significant",0
"359","genus","Arabidopsis","group_char","control","dementia","unpaired",NA,1,1,0.0364141037800815,1,150000,1,0.00183823529411765,1,0.00183823529411765,1,18.289,0.0153846153846154,"not significant",0
"360","genus","Arachis","group_char","control","dementia","unpaired",NA,27,26.8378730098248,0.673309121241268,0.810141265724895,121521,1,0.00805646332607117,0.888888888888889,0.007805051216355,0.867954297130285,1146.436,0.0176638176638177,"not significant",0.240243792968389
"361","genus","Artemia","group_char","control","dementia","unpaired",NA,2,1.94193981858091,-0.463994053247961,1,150000,1,-0.0177696078431373,0.5,-0.0211600093684065,0.413544761105635,502.996,0.0307692307692308,"not significant",0
"362","genus","Artemisia","group_char","control","dementia","unpaired",NA,3,3,0.0630710778591871,1,150000,1,0.00183823529411765,1,0.00183823529411765,1,118.523,0.0153846153846154,"not significant",0
"363","genus","Ascaris","group_char","control","dementia","unpaired",NA,4,4,0.0728282075601631,1,150000,1,0.00183823529411765,1,0.00183823529411765,1,220.472,0.0153846153846154,"not significant",0
"364","genus","Ashduovirus","group_char","control","dementia","unpaired",NA,17,16.8799554174292,0.82286190433803,0.778148145679029,116722,1,0.0128676470588235,0.823529411764706,0.0115510281547614,0.791416846948103,399.386,0.0180995475113122,"not significant",0.281733134312945
"365","genus","Aspergillus","group_char","control","dementia","unpaired",NA,52,51.1232746742997,1.95241990418423,0.685168765541563,102775,1,0.017086161387632,0.903846153846154,0.016835489830113,0.884607746507934,2195.25,0.0195266272189349,"not significant",0.405420063522972
"366","genus","Astacus","group_char","control","dementia","unpaired",NA,2,2,0.0514973194274527,1,150000,1,0.00183823529411765,1,0.00183823529411765,1,75.055,0.0153846153846154,"not significant",0
"367","genus","Atopobium","group_char","control","dementia","unpaired",NA,2,1.38825586492713,0.511281139884133,0.701008659942267,105151,1,0.0337009803921569,1,0.0548520988700765,1,11278.118,0.376923076923077,"not significant",0.38395923738284
"368","genus","Avena","group_char","control","dementia","unpaired",NA,2,2,0.0514973194274527,1,150000,1,0.00183823529411765,1,0.00183823529411765,1,48.622,0.0153846153846154,"not significant",0
"369","genus","Azospirillum","group_char","control","dementia","unpaired",NA,2,1.99993747826885,1.03863061666797,0.411543923040513,61731,1,0.0428921568627451,1,0.0426626149818113,1,41.596,0.0153846153846154,"not significant",0.821179690655029
"370","genus","Bacillus","group_char","control","dementia","unpaired",NA,145,141.251017918442,2.91981856657376,0.813774574836168,122066,1,0.0158933400946586,0.882758620689655,0.0152355420357788,0.85163943872017,41530.282,0.0207957559681698,"not significant",0.235559407978595
"371","genus","Bacteroides","group_char","control","dementia","unpaired",NA,1755,1689.07852744731,6.74201852973133,0.986573422843848,147986,1,0.0113342131724481,0.863817663817664,0.00973245915315001,0.82657485971327,7161650.726,0.0216261231645847,"not significant",0.0168285132344429
"372","genus","Bactrocera","group_char","control","dementia","unpaired",NA,1,1,0.0364141037800815,1,150000,1,0.00183823529411765,1,0.00183823529411765,1,27.959,0.0153846153846154,"not significant",0
"373","genus","Barnesiella","group_char","control","dementia","unpaired",NA,179,116.57077579499,1.49917557981272,0.661755588296078,99263,1,0.00786983787928582,0.782122905027933,0.00857813233503701,0.72560058004972,1157944.035,0.0837129351095832,"not significant",0.437490604699224
"374","genus","Bartonella","group_char","control","dementia","unpaired",NA,45,43.9790567222308,0.465309837570524,0.907940613729242,136191,1,0.00554193899782135,0.733333333333333,0.00506926967821056,0.699499204475942,21960.069,0.0239316239316239,"not significant",0.115636525730253
"375","genus","Basfia","group_char","control","dementia","unpaired",NA,2,2,0.0514973194274527,1,150000,1,0.00183823529411765,1,0.00183823529411765,1,65.34,0.0153846153846154,"not significant",0
"376","genus","Beauveria","group_char","control","dementia","unpaired",NA,3,3,0.0630710778591871,1,150000,1,0.00183823529411765,1,0.00183823529411765,1,85.705,0.0153846153846154,"not significant",0
"377","genus","Bequatrovirus","group_char","control","dementia","unpaired",NA,46,45.1276871615308,1.62744557866573,0.770828194478703,115624,1,0.0155051150895141,0.91304347826087,0.0146784707534157,0.88774413257322,506592.457,0.020066889632107,"not significant",0.291291752720374
"378","genus","Bertholletia","group_char","control","dementia","unpaired",NA,1,1,0.0364141037800815,1,150000,1,0.00183823529411765,1,0.00183823529411765,1,10.048,0.0153846153846154,"not significant",0
"379","genus","Betacoronavirus","group_char","control","dementia","unpaired",NA,438,354.280232069543,5.26133707038089,0.447097019353204,67064,1,0.022699547855672,0.78310502283105,0.0315501604784394,0.749878958072133,728499.154,0.0790305584826133,"not significant",0.76026362639358
"380","genus","Betainfluenzavirus","group_char","control","dementia","unpaired",NA,85,70.4118821759576,-1.95239414948127,0.529569802867981,79435,1,-0.00988321799307959,0.694117647058824,-0.0277725518096115,0.615658518277304,19893.752,0.0617194570135747,"not significant",-0.628662852162362
"381","genus","Betula","group_char","control","dementia","unpaired",NA,3,3,0.0630710778591871,1,150000,1,0.00183823529411765,1,0.00183823529411765,1,220.667,0.0153846153846154,"not significant",0
"382","genus","Bifidobacterium","group_char","control","dementia","unpaired",NA,340,323.655595700003,2.73840521693216,0.988793408043946,148319,1,0.0108924452133795,0.85,0.00936601676455215,0.803644843670398,754319.848,0.0234389140271493,"not significant",0.0140458419565528
"383","genus","Blattella","group_char","control","dementia","unpaired",NA,12,11.620107125567,2.38057016834735,0.0708261944920367,10623,1,0.0470792483660131,0.916666666666667,0.0542558479839345,0.898672593667424,6136.936,0.0282051282051282,"not significant",1.80659022662691
"384","genus","Blautia","group_char","control","dementia","unpaired",NA,395,366.138986960855,3.0138467529073,0.946260358264278,141939,1,0.0114373914122612,0.827848101265823,0.0102387135377961,0.777246412016407,495598.936,0.026445959104187,"not significant",0.0674036566015499
"385","genus","Blomia","group_char","control","dementia","unpaired",NA,5,4.96140005391126,0.492764175005623,0.676722155185632,101508,1,0.0143382352941176,0.8,0.0127924668911631,0.764756831680128,547.322,0.0184615384615385,"not significant",0.416940190938118
"386","genus","Bombus","group_char","control","dementia","unpaired",NA,4,3.99987495653771,1.46884550438777,0.409803934640436,61470,1,0.0428921568627451,1,0.0426626149818113,1,308.036,0.0153846153846154,"not significant",0.824238712297993
"387","genus","Bombyx","group_char","control","dementia","unpaired",NA,2,2,0.0514973194274527,1,150000,1,0.00183823529411765,1,0.00183823529411765,1,279.795,0.0153846153846154,"not significant",0
"388","genus","Bordetella","group_char","control","dementia","unpaired",NA,35,28.325508978258,-0.0201720630258166,0.994340037733082,149151,1,0.00442927170868347,0.914285714285714,-0.0154368628004113,0.791425327906293,6994.996,0.0391208791208791,"not significant",-0.0070937702203013
"389","genus","Borreliella","group_char","control","dementia","unpaired",NA,13,12.7367480301436,1.70275004876189,0.265564896234025,39834,1,0.0306843891402715,0.923076923076923,0.0299956313699759,0.900349832377084,2293.043,0.0224852071005917,"not significant",1.11333426317547
"390","genus","Bos","group_char","control","dementia","unpaired",NA,54,45.8174623646442,-1.70508713081988,0.509069939533736,76360,1,-0.0136392519970951,0.518518518518518,-0.0248516405256569,0.396434911869085,11032.399,0.049002849002849,"not significant",-0.660286581410309
"391","genus","Bothrops","group_char","control","dementia","unpaired",NA,1,1,0.0364141037800815,1,150000,1,0.00183823529411765,1,0.00183823529411765,1,22.885,0.0153846153846154,"not significant",0
"392","genus","Brachypodium","group_char","control","dementia","unpaired",NA,4,3.99990569011157,2.17273357501601,0.231818454543636,34772,1,0.0634191176470588,1,0.0632464786041382,1,72.185,0.0153846153846154,"not significant",1.19568769617718
"393","genus","Brassica","group_char","control","dementia","unpaired",NA,1,1,0.0364141037800815,1,150000,1,0.00183823529411765,1,0.00183823529411765,1,26.303,0.0153846153846154,"not significant",0
"394","genus","Brucella","group_char","control","dementia","unpaired",NA,8,7.86746654249588,0.82994525816149,0.525143165712229,78771,1,0.0174632352941176,1,0.0187072096980852,1,6783.079,0.0192307692307692,"not significant",0.635437425431712
"395","genus","Brussowvirus","group_char","control","dementia","unpaired",NA,38,36.6162711722432,0.77586201087906,0.928380477463484,139257,1,0.00870743034055727,0.894736842105263,0.00709495677812304,0.8520892373756,28487.899,0.0218623481781377,"not significant",0.0898826388882897
"396","genus","Bubalus","group_char","control","dementia","unpaired",NA,12,10.7978875224227,-0.978375305588373,0.544729701801988,81709,1,-0.0178717320261438,0.333333333333333,-0.0253896333340409,0.240139193168329,2378.978,0.0576923076923077,"not significant",-0.605676334631753
"397","genus","Burkholderia","group_char","control","dementia","unpaired",NA,36,35.4397299060898,1.58236409053831,0.668462210251932,100269,1,0.0169185729847495,0.861111111111111,0.0174656363707219,0.833749519835912,22707.563,0.0196581196581197,"not significant",0.42825948796624
"398","genus","Butyricicoccus","group_char","control","dementia","unpaired",NA,2,1.86277325282983,1.54909560790486,0.129739135072433,19460,1,0.0857843137254902,1,0.0862832447247498,1,624.928,0.0461538461538462,"not significant",1.51513138484053
"399","genus","Butyricimonas","group_char","control","dementia","unpaired",NA,1,1,0.0364141037800815,1,150000,1,0.00183823529411765,1,0.00183823529411765,1,18.357,0.0153846153846154,"not significant",0
"400","genus","Butyrivibrio","group_char","control","dementia","unpaired",NA,91,89.3187956172688,1.31276707528102,0.921487190085399,138223,1,0.00981065503124326,0.824175824175824,0.00806898798089476,0.784767421185185,11703.217,0.0204564666103128,"not significant",0.0985605549217337
"401","genus","Callinectes","group_char","control","dementia","unpaired",NA,1,1,0.0364141037800815,1,150000,1,0.00183823529411765,1,0.00183823529411765,1,107.708,0.0153846153846154,"not significant",0
"402","genus","Camelus","group_char","control","dementia","unpaired",NA,4,3.95582455816439,1.62690348559751,0.174658835607763,26198,1,0.0536151960784314,0.75,0.0503272142869085,0.72256849974179,72.884,0.0230769230769231,"not significant",1.35738524003301
"403","genus","Campylobacter","group_char","control","dementia","unpaired",NA,143,138.810809224224,1.96945044520734,0.960133599109339,144020,1,0.011385061017414,0.846153846153846,0.0102593590276162,0.812742166580597,587192.5,0.0214093598708983,"not significant",0.04998593179398
"404","genus","Candida","group_char","control","dementia","unpaired",NA,7,6.93567761101245,-0.203932838162169,1,150000,1,-0.0037640056022409,0.714285714285714,-0.00461704368098296,0.670780772269869,848.29,0.0197802197802198,"not significant",0
"405","genus","Canis","group_char","control","dementia","unpaired",NA,1,1,0.0364141037800815,1,150000,1,0.00183823529411765,1,0.00183823529411765,1,12.316,0.0153846153846154,"not significant",0
"406","genus","Capra","group_char","control","dementia","unpaired",NA,3,2.7023254943942,0.379815624893273,0.705615295898027,105842,1,0.0185866013071895,1,0.0183957794009117,1,265.872,0.0666666666666667,"not significant",0.377751378995047
"407","genus","Carica","group_char","control","dementia","unpaired",NA,5,4.85524712897454,0.67921156622376,0.473763508243278,71064,1,0.0189950980392157,1,0.0226232997981172,1,538.041,0.0276923076923077,"not significant",0.716369037424573
"408","genus","Carpinus","group_char","control","dementia","unpaired",NA,1,1,0.0364141037800815,1,150000,1,0.00183823529411765,1,0.00183823529411765,1,11.728,0.0153846153846154,"not significant",0
"409","genus","Carya","group_char","control","dementia","unpaired",NA,3,3,0.0630710778591871,1,150000,1,0.00183823529411765,1,0.00183823529411765,1,1781.156,0.0153846153846154,"not significant",0
"410","genus","Casadabanvirus","group_char","control","dementia","unpaired",NA,8,7.95600148410716,0.911364830008484,0.578402810647929,86760,1,0.0199142156862745,0.875,0.0186980513200083,0.850452644235644,946.148,0.0173076923076923,"not significant",0.555719226908269
"411","genus","Castanea","group_char","control","dementia","unpaired",NA,2,1.97943386919572,-0.216834899207932,1,150000,1,-0.0079656862745098,0.5,-0.00896500868430107,0.449034557100645,199.031,0.0230769230769231,"not significant",0
"412","genus","Catenibacterium","group_char","control","dementia","unpaired",NA,1,1,0.0364141037800815,1,150000,1,0.00183823529411765,1,0.00183823529411765,1,15.844,0.0153846153846154,"not significant",0
"413","genus","Cavia","group_char","control","dementia","unpaired",NA,1,1,0.0364141037800815,1,150000,1,0.00183823529411765,1,0.00183823529411765,1,21.598,0.0153846153846154,"not significant",0
"414","genus","Cequinquevirus","group_char","control","dementia","unpaired",NA,19,16.8389250604985,1.87014109163432,0.23058512943247,34587,1,0.0289280185758514,1,0.0418475220097408,1,381946.844,0.0348178137651822,"not significant",1.19885294968334
"415","genus","Chenopodium","group_char","control","dementia","unpaired",NA,1,1,0.0364141037800815,1,150000,1,0.00183823529411765,1,0.00183823529411765,1,16,0.0153846153846154,"not significant",0
"416","genus","Chionoecetes","group_char","control","dementia","unpaired",NA,1,1,0.0364141037800815,1,150000,1,0.00183823529411765,1,0.00183823529411765,1,758.762,0.0153846153846154,"not significant",0
"417","genus","Chlamydia","group_char","control","dementia","unpaired",NA,38,36.5239669297124,-1.09959160433738,0.682995446697022,102449,1,-0.00838493292053664,0.736842105263158,-0.0124775130644866,0.664082583389691,8487.085,0.0251012145748988,"not significant",-0.408379002329134
"418","genus","Chlorocebus","group_char","control","dementia","unpaired",NA,1,1,0.0364141037800815,1,150000,1,0.00183823529411765,1,0.00183823529411765,1,13.38,0.0153846153846154,"not significant",0
"419","genus","Christensenella","group_char","control","dementia","unpaired",NA,2,2,0.0514973194274527,1,150000,1,0.00183823529411765,1,0.00183823529411765,1,110.858,0.0153846153846154,"not significant",0
"420","genus","Cicer","group_char","control","dementia","unpaired",NA,2,1.97943386919572,-0.216834899207932,1,150000,1,-0.0079656862745098,0.5,-0.00896500868430107,0.449034557100645,53.361,0.0230769230769231,"not significant",0
"421","genus","Cimex","group_char","control","dementia","unpaired",NA,2,1.93835763051867,0.337062293214476,1,150000,1,0.0232843137254902,0.5,0.0124665436090793,0.410835349343522,107.346,0.0307692307692308,"not significant",0
"422","genus","Citrobacter","group_char","control","dementia","unpaired",NA,4,4,0.0728282075601631,1,150000,1,0.00183823529411765,1,0.00183823529411765,1,72.496,0.0153846153846154,"not significant",0
"423","genus","Cladosporium","group_char","control","dementia","unpaired",NA,8,7.93137892681153,-0.180153885970535,1,150000,1,-0.00306372549019608,0.75,-0.00385346681387684,0.709723192492281,423.339,0.0192307692307692,"not significant",0
"424","genus","Clostridioides","group_char","control","dementia","unpaired",NA,14,13.8879473730504,0.517958205223046,0.877180818794541,131577,1,0.00936624649859944,0.785714285714286,0.0079924452872453,0.748887330952518,2341.556,0.0186813186813187,"not significant",0.154544002710045
"425","genus","Clostridium","group_char","control","dementia","unpaired",NA,297,258.868852418243,-0.865817632288518,0.95682695448697,143524,1,0.00126056314781805,0.787878787878788,-0.0122524813789044,0.702799591158131,254975.179,0.0323232323232323,"not significant",-0.0541358191951561
"426","genus","Collinsella","group_char","control","dementia","unpaired",NA,12,11.5808446372532,1.56581626513246,0.18002546649689,27003,1,0.0278799019607843,1,0.0317534714127157,1,19335.945,0.0217948717948718,"not significant",1.34067662658415
"427","genus","Colunavirus","group_char","control","dementia","unpaired",NA,11,10.9216897859114,0.276193631925564,0.879860800927994,131979,1,0.00573752228163993,0.818181818181818,0.00472886513284458,0.785543481611299,1095.66,0.0181818181818182,"not significant",0.15114567750657
"428","genus","Coprinus","group_char","control","dementia","unpaired",NA,2,2,0.0514973194274527,1,150000,1,0.00183823529411765,1,0.00183823529411765,1,37.759,0.0153846153846154,"not significant",0
"429","genus","Coprococcus","group_char","control","dementia","unpaired",NA,86,83.5268811772744,0.352417717301765,0.998446677022153,149767,1,0.00436046511627906,0.802325581395349,0.00157659338546381,0.754362799989205,10070.44,0.0216457960644007,"not significant",0.00194680287769567
"430","genus","Corylus","group_char","control","dementia","unpaired",NA,7,6.9998222184706,1.14911258422467,0.410963926907154,61644,1,0.025297619047619,1,0.025110685857309,1,190.125,0.0153846153846154,"not significant",0.822198509553027
"431","genus","Corynebacterium","group_char","control","dementia","unpaired",NA,17,16.8227227532028,0.590384850952195,0.76764154905634,115146,1,0.00803777393310265,1,0.00958789023388894,1,1483.431,0.0180995475113122,"not significant",0.295461250834782
"432","genus","Crangon","group_char","control","dementia","unpaired",NA,1,1,0.0364141037800815,1,150000,1,0.00183823529411765,1,0.00183823529411765,1,22.703,0.0153846153846154,"not significant",0
"433","genus","Cronobacter","group_char","control","dementia","unpaired",NA,2,1.9942274311059,-0.163318378961818,1,150000,1,-0.00612745098039216,0.5,-0.00444614312847388,0.526900925630692,315.684,0.0538461538461538,"not significant",0
"434","genus","Cryptomeria","group_char","control","dementia","unpaired",NA,5,4.99990063191698,0.703658147265928,0.549856334291105,82478,1,0.0182598039215686,1,0.0181133883037289,1,1737.862,0.0153846153846154,"not significant",0.597975419803445
"435","genus","Ctenocephalides","group_char","control","dementia","unpaired",NA,3,3,0.0630710778591871,1,150000,1,0.00183823529411765,1,0.00183823529411765,1,412.808,0.0153846153846154,"not significant",0
"436","genus","Cucumis","group_char","control","dementia","unpaired",NA,2,2,0.0514973194274527,1,150000,1,0.00183823529411765,1,0.00183823529411765,1,29.538,0.0153846153846154,"not significant",0
"437","genus","Culex","group_char","control","dementia","unpaired",NA,1,1,0.0364141037800815,1,150000,1,0.00183823529411765,1,0.00183823529411765,1,14.06,0.0153846153846154,"not significant",0
"438","genus","Culicoides","group_char","control","dementia","unpaired",NA,11,10.9284170645769,0.71429219385987,0.742015053232978,111302,1,0.013201871657754,0.909090909090909,0.0150203878734565,0.892705736904008,2129.875,0.0181818181818182,"not significant",0.32918606739208
"439","genus","Curvularia","group_char","control","dementia","unpaired",NA,1,1,0.0364141037800815,1,150000,1,0.00183823529411765,1,0.00183823529411765,1,35.841,0.0153846153846154,"not significant",0
"440","genus","Cynodon","group_char","control","dementia","unpaired",NA,4,3.97373654051249,1.42570153057322,0.221731855120966,33259,1,0.0487132352941176,0.75,0.0505879420653548,0.736344176763699,99.366,0.0269230769230769,"not significant",1.22193593432402
"441","genus","Cyprinus","group_char","control","dementia","unpaired",NA,1,1,0.0364141037800815,1,150000,1,0.00183823529411765,1,0.00183823529411765,1,30.581,0.0153846153846154,"not significant",0
"442","genus","Cytomegalovirus","group_char","control","dementia","unpaired",NA,167,130.746662041543,-7.0426866001515,0.237005086632756,35550,1,-0.0476363449571445,0.44311377245509,-0.0768883981667266,0.288439611130107,152828.326,0.15836020267158,"not significant",-1.18250574675718
"443","genus","Dactylis","group_char","control","dementia","unpaired",NA,2,1.98227991438924,1.63131061019514,0.129825801161326,19473,1,0.0741421568627451,1,0.0809783176769094,1,81.565,0.0230769230769231,"not significant",1.51478918107972
"444","genus","Danio","group_char","control","dementia","unpaired",NA,4,3.91131668006731,-0.488928226409515,0.677848814341238,101677,1,-0.0128676470588235,0.5,-0.0153133833965728,0.430559566465174,136.861,0.0269230769230769,"not significant",-0.415400399394777
"445","genus","Daucus","group_char","control","dementia","unpaired",NA,4,3.91385050420929,0.228521009517224,1,150000,1,0.0076593137254902,0.75,0.00969451510132658,0.735406272236726,218.684,0.0269230769230769,"not significant",0
"446","genus","Deltacoronavirus","group_char","control","dementia","unpaired",NA,78,74.0994315766785,0.597950989519325,0.955773628175812,143366,1,0.00609602815485168,0.743589743589744,0.00524028173416083,0.695063135167881,17030.856,0.0293885601577909,"not significant",0.0554579515411729
"447","genus","Deltaretrovirus","group_char","control","dementia","unpaired",NA,5,5,0.0814244113919944,1,150000,1,0.00183823529411765,1,0.00183823529411765,1,87.088,0.0153846153846154,"not significant",0
"448","genus","Deltavirus","group_char","control","dementia","unpaired",NA,1,1,0.0364141037800815,1,150000,1,0.00183823529411765,1,0.00183823529411765,1,576.092,0.0153846153846154,"not significant",0
"449","genus","Dermatophagoides","group_char","control","dementia","unpaired",NA,20,19.7797664026907,0.38266437766399,0.955786961420257,143368,1,0.00612745098039215,0.85,0.00465165436711985,0.814285810478129,1480.924,0.0184615384615385,"not significant",0.0554412150877596
"450","genus","Dialister","group_char","control","dementia","unpaired",NA,53,50.0720886067007,1.02058139870696,0.921560522929847,138234,1,0.00852062523122456,0.905660377358491,0.0127376371456636,0.894009666643116,7697.051,0.0235123367198839,"not significant",0.0984681987545227
"451","genus","Dianthus","group_char","control","dementia","unpaired",NA,1,1,0.0364141037800815,1,150000,1,0.00183823529411765,1,0.00183823529411765,1,11.699,0.0153846153846154,"not significant",0
"452","genus","Dictyocaulus","group_char","control","dementia","unpaired",NA,1,1,1.44030382892098,0.230198465343564,34529,1,0.0839460784313726,1,0.0839460784313726,1,14.95,0.0153846153846154,"not significant",1.19984777614331
"453","genus","Diegovirus","group_char","control","dementia","unpaired",NA,12,11.7434410400381,1.13387950290044,0.524736501756655,78710,1,0.022671568627451,0.833333333333333,0.0185329102837752,0.778276248004381,5715.844,0.0205128205128205,"not significant",0.636061248731294
"454","genus","Dolichovespula","group_char","control","dementia","unpaired",NA,1,1,0.0364141037800815,1,150000,1,0.00183823529411765,1,0.00183823529411765,1,139.192,0.0153846153846154,"not significant",0
"455","genus","Dorea","group_char","control","dementia","unpaired",NA,342,326.021434299582,1.67502581975111,0.9927467150219,148912,1,0.00778652104116506,0.850877192982456,0.00411756116166812,0.800301870681524,93853.181,0.0235267656320288,"not significant",0.00909076981685739
"456","genus","Douglaswolinvirus","group_char","control","dementia","unpaired",NA,32,30.7426147409327,2.25475853806025,0.273224845167699,40983,1,0.0261182598039216,0.90625,0.0273555882123879,0.896689488424478,9124.575,0.0245192307692308,"not significant",1.09566627837311
"457","genus","Drosophila","group_char","control","dementia","unpaired",NA,16,15.9998839076418,0.492965532713074,0.810041266391557,121506,1,0.00696997549019608,1,0.00691643853207561,1,478.673,0.0153846153846154,"not significant",0.240372795097729
"458","genus","Dubowvirus","group_char","control","dementia","unpaired",NA,23,22.7493731335402,0.873047878880189,0.912400583996107,136860,1,0.0118552855924979,0.869565217391304,0.0108160359090947,0.83904208506494,1388.174,0.0187290969899666,"not significant",0.110011084649782
"459","genus","Dysgonomonas","group_char","control","dementia","unpaired",NA,2,2,0.0514973194274527,1,150000,1,0.00183823529411765,1,0.00183823529411765,1,344.695,0.0153846153846154,"not significant",0
"460","genus","Eapunavirus","group_char","control","dementia","unpaired",NA,17,16.691827532396,1.03569279044785,0.617462550249665,92619,1,0.017913783160323,0.764705882352941,0.0158669131668696,0.7135103714741,132214.142,0.0217194570135747,"not significant",0.499449790291165
"461","genus","Ebolavirus","group_char","control","dementia","unpaired",NA,13,12.8748850751155,0.0508764497305578,0.979186805421297,146878,1,0.0021210407239819,0.692307692307692,0.000755940527941547,0.646827177191597,702.54,0.0201183431952663,"not significant",0.0260884300305482
"462","genus","Echinococcus","group_char","control","dementia","unpaired",NA,2,1.79528625035763,1.07606433080564,0.372964180238798,55944,1,0.0661764705882353,1,0.0601760112424282,1,304.681,0.0615384615384615,"not significant",0.890934742782871
"463","genus","Eganvirus","group_char","control","dementia","unpaired",NA,40,38.7989987457338,1.51544596201459,0.776521489856734,116478,1,0.0149203431372549,0.925,0.0149071806642043,0.91225738008761,61830.358,0.0196153846153846,"not significant",0.283855017594058
"464","genus","Eggerthella","group_char","control","dementia","unpaired",NA,1,1,1.44030382892098,0.229725135165766,34458,1,0.0839460784313726,1,0.0839460784313726,1,4.562,0.0153846153846154,"not significant",1.20106719979665
"465","genus","Ehrlichia","group_char","control","dementia","unpaired",NA,8,7.88422218966086,-1.12309766027986,0.891520723195179,133728,1,-0.0222120098039216,0.25,-0.0252621411709276,0.203576921286083,2745.293,0.0423076923076923,"not significant",-0.136380202958146
"466","genus","Eisenbergiella","group_char","control","dementia","unpaired",NA,1,1,0.0364141037800815,1,150000,1,0.00183823529411765,1,0.00183823529411765,1,1223.812,0.0153846153846154,"not significant",0
"467","genus","Entamoeba","group_char","control","dementia","unpaired",NA,4,3.80642129687451,0.431401485524833,0.773748175012167,116062,1,0.0202205882352941,0.5,0.0186277160910324,0.407215238565675,1025.229,0.0653846153846154,"not significant",0.287475609380713
"468","genus","Enterobacter","group_char","control","dementia","unpaired",NA,2,1.93835763051867,0.337062293214476,1,150000,1,0.0232843137254902,0.5,0.0124665436090793,0.410835349343522,53.606,0.0307692307692308,"not significant",0
"469","genus","Enterocloster","group_char","control","dementia","unpaired",NA,6,5.75339658782621,-0.695512789887271,0.537623082512783,80643,1,-0.0145016339869281,0.666666666666667,-0.0194236418818168,0.571061984878463,103972.889,0.0282051282051282,"not significant",-0.616411322332735
"470","genus","Enterococcus","group_char","control","dementia","unpaired",NA,172,162.37954288246,1.79024860153608,0.886127425817161,132919,1,0.0111647856817146,0.813953488372093,0.00742468637998132,0.754790241267495,32369.914,0.0256708407871199,"not significant",0.143206082980706
"471","genus","Enterovirus","group_char","control","dementia","unpaired",NA,222,164.924727168447,-7.6834398502881,0.0941193725375164,14117,1,-0.0381006006006006,0.414414414414414,-0.0725834040886338,0.264837595481381,200284.609,0.167151767151767,"not significant",-1.67405712730984
"472","genus","Epicoccum","group_char","control","dementia","unpaired",NA,2,1.92922201668533,-0.326496291270548,0.809207938613743,121381,1,-0.0220588235294118,0.5,-0.027340239162433,0.404230329854548,919.246,0.130769230769231,"not significant",-0.241447968637207
"473","genus","Epinephelus","group_char","control","dementia","unpaired",NA,4,3.89533792012788,-0.327138725806938,0.831821121192525,124773,1,-0.00796568627450981,0.75,-0.0107491307779564,0.679022165162112,98.815,0.0230769230769231,"not significant",-0.21236649696732
"474","genus","Epseptimavirus","group_char","control","dementia","unpaired",NA,32,31.3216557090315,1.2286292208961,0.732015119899201,109802,1,0.013671875,0.90625,0.0134741273038058,0.89172516707272,1591.396,0.0201923076923077,"not significant",0.342446207064777
"475","genus","Equus","group_char","control","dementia","unpaired",NA,4,4,0.0728282075601631,1,150000,1,0.00183823529411765,1,0.00183823529411765,1,341.656,0.0153846153846154,"not significant",0
"476","genus","Eriocheir","group_char","control","dementia","unpaired",NA,1,1,1.44030382892098,0.230111799254672,34516,1,0.0839460784313726,1,0.0839460784313726,1,8.629,0.0153846153846154,"not significant",1.20007091745254
"477","genus","Erythroparvovirus","group_char","control","dementia","unpaired",NA,6,5.87468614298325,-0.392297338537822,0.746548356344291,111982,1,-0.00796568627450981,0.666666666666667,-0.0101512121170594,0.60194566735737,267.733,0.0230769230769231,"not significant",-0.323193958079387
"478","genus","Escherichia","group_char","control","dementia","unpaired",NA,509,457.333546110149,2.25356231538658,0.973693508709942,146054,1,0.00946805539504612,0.834970530451866,0.00408016270934713,0.769610613705669,752548.522,0.0290161704700015,"not significant",0.0329762730522139
"479","genus","Eshraghiella","group_char","control","dementia","unpaired",NA,18,16.9655565770112,0.0529323719722989,0.976713488576743,146507,1,0.00245098039215686,0.833333333333333,0.00132970467600449,0.792233507543115,31341.155,0.0256410256410256,"not significant",0.0291894584680548
"480","genus","Esox","group_char","control","dementia","unpaired",NA,1,1,1.44030382892098,0.232498450010333,34874,1,0.0839460784313726,1,0.0839460784313726,1,6.72,0.0153846153846154,"not significant",1.19394764107286
"481","genus","Eubacterium","group_char","control","dementia","unpaired",NA,102,99.5823711173987,1.20178925400298,0.971633522443184,145745,1,0.00902297193387159,0.833333333333333,0.00668599004277266,0.790368075642993,190549.423,0.0211161387631976,"not significant",0.0355596000243067
"482","genus","Euphausia","group_char","control","dementia","unpaired",NA,1,1,0.0364141037800815,1,150000,1,0.00183823529411765,1,0.00183823529411765,1,44.474,0.0153846153846154,"not significant",0
"483","genus","Euroglyphus","group_char","control","dementia","unpaired",NA,3,2.91282969217425,-0.383833299258648,0.833721108525943,125058,1,-0.011233660130719,0.666666666666667,-0.0144316737284559,0.585117319924375,138.906,0.0256410256410256,"not significant",-0.209931535914252
"484","genus","Faecalibacterium","group_char","control","dementia","unpaired",NA,211,202.375804950175,0.425984672787582,0.999706668622209,149956,1,0.00355159836446427,0.85781990521327,0.00104845767325268,0.81232906245591,124552.682,0.0228946409041196,"not significant",0.000367636370984929
"485","genus","Faecalicatena","group_char","control","dementia","unpaired",NA,1,1,0.0364141037800815,1,150000,1,0.00183823529411765,1,0.00183823529411765,1,25.271,0.0153846153846154,"not significant",0
"486","genus","Faecalicoccus","group_char","control","dementia","unpaired",NA,1,1,1.44030382892098,0.230038466410224,34505,1,0.0839460784313726,1,0.0839460784313726,1,16.774,0.0153846153846154,"not significant",1.2002597760121
"487","genus","Faecalimonas","group_char","control","dementia","unpaired",NA,3,2.88248998129526,0.582168139585784,0.721181858787608,108177,1,0.0328839869281046,0.666666666666667,0.0270896469469029,0.606306160369161,2607.884,0.0769230769230769,"not significant",0.356879711460295
"488","genus","Faecalitalea","group_char","control","dementia","unpaired",NA,1,1,0.0364141037800815,1,150000,1,0.00183823529411765,1,0.00183823529411765,1,69.278,0.0153846153846154,"not significant",0
"489","genus","Fagopyrum","group_char","control","dementia","unpaired",NA,6,5.77111850513189,1.26495445489365,0.331724455170299,49758,1,0.0330882352941176,1,0.0322118877785314,1,281.285,0.0230769230769231,"not significant",0.970646272447037
"490","genus","Fagus","group_char","control","dementia","unpaired",NA,1,1,0.0364141037800815,1,150000,1,0.00183823529411765,1,0.00183823529411765,1,22.172,0.0153846153846154,"not significant",0
"491","genus","Felixounavirus","group_char","control","dementia","unpaired",NA,22,21.4453891625655,0.685588815756611,0.835994426703822,125399,1,0.00874554367201426,0.954545454545455,0.0103067974858653,0.948492309337293,46517.11,0.0216783216783217,"not significant",0.207019759766699
"492","genus","Firehammervirus","group_char","control","dementia","unpaired",NA,51,50.0893983117769,1.18911373415238,0.884974100172666,132746,1,0.0105608419838524,0.901960784313726,0.0104953165523774,0.883018307283485,111184.709,0.0199095022624434,"not significant",0.144666613749072
"493","genus","Flavonifractor","group_char","control","dementia","unpaired",NA,6,5.69039588122634,0.960907976023088,0.368757541616389,55313,1,0.0265522875816993,1,0.0254277250766584,1,859.621,0.0282051282051282,"not significant",0.898803113114056
"494","genus","Fletchervirus","group_char","control","dementia","unpaired",NA,60,57.8832937144555,0.695963988819882,0.973733508443277,146060,1,0.00735294117647059,0.816666666666667,0.00387626063373588,0.762361700317166,7532.043,0.0217948717948718,"not significant",0.0329261135972265
"495","genus","Forcipomyia","group_char","control","dementia","unpaired",NA,1,1,0.0364141037800815,1,150000,1,0.00183823529411765,1,0.00183823529411765,1,16.642,0.0153846153846154,"not significant",0
"496","genus","Francisella","group_char","control","dementia","unpaired",NA,2,1.94367746376678,0.508362202319741,0.550942993713375,82641,1,0.0232843137254902,1,0.0269350199967929,1,171.953,0.0307692307692308,"not significant",0.596347666670077
"497","genus","Fusarium","group_char","control","dementia","unpaired",NA,3,2.72621721352804,0.598473047146017,0.581056126292491,87158,1,0.0238970588235294,1,0.0337830492602363,1,99.919,0.041025641025641,"not significant",0.55184270432537
"498","genus","Fusicatenibacter","group_char","control","dementia","unpaired",NA,91,83.5348918086527,0.0690120433984671,0.998593342711049,149789,1,0.00287518853695324,0.835164835164835,-0.00386989580901117,0.766792261326134,21536.618,0.0251901944209637,"not significant",0.00176298437985978
"499","genus","Gadus","group_char","control","dementia","unpaired",NA,2,1.97943386919572,-0.216834899207932,1,150000,1,-0.0079656862745098,0.5,-0.00896500868430107,0.449034557100645,123.076,0.0230769230769231,"not significant",0
"500","genus","Gallus","group_char","control","dementia","unpaired",NA,41,34.1597791936599,-0.443464903156073,0.858994273371511,128849,1,-0.00183823529411765,0.609756097560976,-0.0129502423272497,0.497270794263996,7484.067,0.0544090056285178,"not significant",-0.177654559948162
"501","genus","Gammacoronavirus","group_char","control","dementia","unpaired",NA,27,26.6130939606609,1.35584099959663,0.596542689715402,89481,1,0.0157271241830065,0.962962962962963,0.0163210491941839,0.956503143119016,3407.796,0.0188034188034188,"not significant",0.529378817204452
"502","genus","Gammaretrovirus","group_char","control","dementia","unpaired",NA,1,1,-0.3094043027188,1,150000,1,-0.0177696078431373,0,-0.0177696078431373,0,31.802,0.0307692307692308,"not significant",0
"503","genus","Gaprivervirus","group_char","control","dementia","unpaired",NA,51,50.4268442818558,1.2648242174071,0.857094286038093,128564,1,0.0113297770088427,0.843137254901961,0.010981599066609,0.817505172813898,58114.029,0.0193061840120664,"not significant",0.180074239331214
"504","genus","Gasterosteus","group_char","control","dementia","unpaired",NA,5,4.96534711552729,0.552775596838104,0.575642829047806,86346,1,0.0143382352941176,1,0.0164267373005766,1,258.972,0.0184615384615385,"not significant",0.559760471469408
"505","genus","Gelderlandvirus","group_char","control","dementia","unpaired",NA,39,37.4413059600985,2.0333195267002,0.422403850640996,63360,1,0.0207547762694821,0.948717948717949,0.0217419034518251,0.942885403910467,40122.7,0.0236686390532544,"not significant",0.802257795069468
"506","genus","Gemmiger","group_char","control","dementia","unpaired",NA,37,34.3927621268544,0.981857596579526,0.825134499103339,123770,1,0.011940249072602,0.837837837837838,0.00845685788824454,0.771254185157484,2683.343,0.0266112266112266,"not significant",0.220945974904452
"507","genus","Gillichthys","group_char","control","dementia","unpaired",NA,1,1,0.0364141037800815,1,150000,1,0.00183823529411765,1,0.00183823529411765,1,28.312,0.0153846153846154,"not significant",0
"508","genus","Glossina","group_char","control","dementia","unpaired",NA,1,1,0.943188950512739,0.410390597396017,61558,1,0.0643382352941176,1,0.0643382352941176,1,72.147,0.0307692307692308,"not significant",0.823206457360471
"509","genus","Glycine","group_char","control","dementia","unpaired",NA,22,21.4984325722531,0.537687573843433,0.848594342704382,127289,1,0.00857843137254902,0.909090909090909,0.00546540837536004,0.870686567327312,928.398,0.0188811188811189,"not significant",0.190912249845233
"510","genus","Glycyphagus","group_char","control","dementia","unpaired",NA,1,1,0.0364141037800815,1,150000,1,0.00183823529411765,1,0.00183823529411765,1,21.545,0.0153846153846154,"not significant",0
"511","genus","Gossypium","group_char","control","dementia","unpaired",NA,1,1,0.943188950512739,0.410357264284905,61553,1,0.0643382352941176,1,0.0643382352941176,1,42.451,0.0307692307692308,"not significant",0.82326508470106
"512","genus","Gregsiragusavirus","group_char","control","dementia","unpaired",NA,11,10.9195641877383,1.07984594135976,0.569969533536443,85495,1,0.0206662210338681,0.818181818181818,0.0189534497594,0.785125848775901,140146.382,0.0181818181818182,"not significant",0.568096368449039
"513","genus","Haemophilus","group_char","control","dementia","unpaired",NA,204,167.798421289195,-0.338239168741578,0.951193658708942,142679,1,0.00264922145328719,0.75,-0.00549457774609377,0.64722637780584,279056.794,0.0491704374057315,"not significant",-0.0612078742994167
"514","genus","Haliotis","group_char","control","dementia","unpaired",NA,1,1,0.0364141037800815,1,150000,1,0.00183823529411765,1,0.00183823529411765,1,8.278,0.0153846153846154,"not significant",0
"515","genus","Hanrivervirus","group_char","control","dementia","unpaired",NA,9,8.85580042128329,1.05123632789278,0.412883914107239,61932,1,0.0252587145969499,0.555555555555556,0.0220464059676393,0.522797277879075,523.288,0.0256410256410256,"not significant",0.818829120335446
"516","genus","Harmonia","group_char","control","dementia","unpaired",NA,2,1.99993747826885,1.03863061666797,0.411043926373824,61656,1,0.0428921568627451,1,0.0426626149818113,1,44.018,0.0153846153846154,"not significant",0.822057932082751
"517","genus","Hathewaya","group_char","control","dementia","unpaired",NA,1,1,1.44030382892098,0.229138472410184,34370,1,0.0839460784313726,1,0.0839460784313726,1,13.802,0.0153846153846154,"not significant",1.20258108116616
"518","genus","Helianthus","group_char","control","dementia","unpaired",NA,1,1,0.0364141037800815,1,150000,1,0.00183823529411765,1,0.00183823529411765,1,3.474,0.0153846153846154,"not significant",0
"519","genus","Helicobacter","group_char","control","dementia","unpaired",NA,85,83.4900979320259,2.87482734538767,0.493830041133059,74074,1,0.0198024798154556,0.870588235294118,0.0206733124358812,0.850267138063344,40613.042,0.0209954751131222,"not significant",0.684229841761998
"520","genus","Henipavirus","group_char","control","dementia","unpaired",NA,1,1,0.0364141037800815,1,150000,1,0.00183823529411765,1,0.00183823529411765,1,44.088,0.0153846153846154,"not significant",0
"521","genus","Hepacivirus","group_char","control","dementia","unpaired",NA,4,3.95886773839144,-0.30665085525566,1,150000,1,-0.0079656862745098,0.5,-0.00896500868430107,0.449034557100645,80.867,0.0230769230769231,"not significant",0
"522","genus","Hepatovirus","group_char","control","dementia","unpaired",NA,6,5.94120255348249,-0.23174426043521,1,150000,1,-0.00469771241830065,0.666666666666667,-0.00561724182026864,0.6197706671663,565.312,0.0205128205128205,"not significant",0
"523","genus","Hespellia","group_char","control","dementia","unpaired",NA,2,2,0.0514973194274527,1,150000,1,0.00183823529411765,1,0.00183823529411765,1,36.185,0.0153846153846154,"not significant",0
"524","genus","Hesperocyparis","group_char","control","dementia","unpaired",NA,1,1,0.0364141037800815,1,150000,1,0.00183823529411765,1,0.00183823529411765,1,25.501,0.0153846153846154,"not significant",0
"525","genus","Heterodera","group_char","control","dementia","unpaired",NA,1,1,0.0364141037800815,1,150000,1,0.00183823529411765,1,0.00183823529411765,1,16.321,0.0153846153846154,"not significant",0
"526","genus","Hevea","group_char","control","dementia","unpaired",NA,4,3.99990673883154,0.768893416858854,0.332877780814795,49931,1,0.0223651960784314,1,0.0221935196089669,1,155.529,0.0153846153846154,"not significant",0.968333617074461
"527","genus","Hippoglossus","group_char","control","dementia","unpaired",NA,1,1,0.0364141037800815,1,150000,1,0.00183823529411765,1,0.00183823529411765,1,8.891,0.0153846153846154,"not significant",0
"528","genus","Holdemanella","group_char","control","dementia","unpaired",NA,7,6.66910917932783,-0.902089204598746,0.439510403263978,65926,1,-0.0177696078431373,0.571428571428571,-0.0239287085921876,0.477125317961574,991.956,0.0307692307692308,"not significant",-0.773020238428766
"529","genus","Homarus","group_char","control","dementia","unpaired",NA,1,1,0.943188950512739,0.413190578729475,61978,1,0.0643382352941176,1,0.0643382352941176,1,24.957,0.0307692307692308,"not significant",0.818291814912349
"530","genus","Homo","group_char","control","dementia","unpaired",NA,762,732.560024986515,7.03785696710609,0.812161252258318,121824,1,0.0168223457361948,0.884514435695538,0.0167726337523736,0.856989756516391,1848183.599,0.0218049666868565,"not significant",0.237638802709194
"531","genus","Hopescreekvirus","group_char","control","dementia","unpaired",NA,42,37.8736115131247,-0.0520424336104371,0.987253418310545,148088,1,0.00242180205415499,0.738095238095238,-0.0056695598606049,0.655788602517098,4143.704,0.0333333333333333,"not significant",-0.0159761506263175
"532","genus","Hordeum","group_char","control","dementia","unpaired",NA,10,9.04748196511752,1.12370206631589,0.410790594729368,61618,1,0.0252450980392157,0.9,0.0224833129525695,0.892648160787704,816.027,0.0292307692307692,"not significant",0.822503149827843
"533","genus","Hoylesella","group_char","control","dementia","unpaired",NA,4,3.96568946340576,-0.127388034426873,1,150000,1,-0.00306372549019608,0.75,-0.00385346681387684,0.709723192492281,106.254,0.0192307692307692,"not significant",0
"534","genus","Ixodes","group_char","control","dementia","unpaired",NA,1,1,0.0364141037800815,1,150000,1,0.00183823529411765,1,0.00183823529411765,1,21.837,0.0153846153846154,"not significant",0
"535","genus","Jasus","group_char","control","dementia","unpaired",NA,1,1,0.0364141037800815,1,150000,1,0.00183823529411765,1,0.00183823529411765,1,10.57,0.0153846153846154,"not significant",0
"536","genus","Jerseyvirus","group_char","control","dementia","unpaired",NA,31,30.9069524347216,2.04535406904362,0.425017166552223,63752,1,0.0217623339658444,0.967741935483871,0.0216177664549777,0.960882593161884,1784.637,0.0163771712158809,"not significant",0.797747270032546
"537","genus","Jiaodavirus","group_char","control","dementia","unpaired",NA,34,33.6128048773554,1.01319869609255,0.883214111905921,132482,1,0.0110294117647059,0.941176470588235,0.00994202938090496,0.919587621239526,3141.459,0.0176470588235294,"not significant",0.146895996585507
"538","genus","Jilinvirus","group_char","control","dementia","unpaired",NA,14,12.9540758548446,0.47988237778765,0.768441543723042,115266,1,0.00849089635854341,0.928571428571429,0.00982330269877059,0.875505104844222,643422.604,0.0285714285714286,"not significant",0.294414034762901
"539","genus","Juglans","group_char","control","dementia","unpaired",NA,5,5,0.0814244113919944,1,150000,1,0.00183823529411765,1,0.00183823529411765,1,39.279,0.0153846153846154,"not significant",0
"540","genus","Junavirus","group_char","control","dementia","unpaired",NA,16,15.7141811996728,0.771581450745496,0.682515449897001,102377,1,0.0125612745098039,0.8125,0.0134779971541776,0.792132894713093,1001.522,0.0230769230769231,"not significant",0.409032991701255
"541","genus","Juniperus","group_char","control","dementia","unpaired",NA,1,1,0.0364141037800815,1,150000,1,0.00183823529411765,1,0.00183823529411765,1,15.046,0.0153846153846154,"not significant",0
"542","genus","Kali","group_char","control","dementia","unpaired",NA,3,3,0.0630710778591871,1,150000,1,0.00183823529411765,1,0.00183823529411765,1,49.219,0.0153846153846154,"not significant",0
"543","genus","Kayvirus","group_char","control","dementia","unpaired",NA,42,41.0672630606687,0.262036100815916,0.981086792754715,147163,1,0.00469771241830065,0.761904761904762,0.00204289550669847,0.70452302134614,6299.304,0.0223443223443223,"not significant",0.0237064103116129
"544","genus","Kineothrix","group_char","control","dementia","unpaired",NA,1,1,0.0364141037800815,1,150000,1,0.00183823529411765,1,0.00183823529411765,1,22.952,0.0153846153846154,"not significant",0
"545","genus","Klebsiella","group_char","control","dementia","unpaired",NA,4,3.96939550655093,1.90797727465572,0.131039126405824,19655,1,0.0585171568627451,1,0.0628243389626447,1,294.838,0.0192307692307692,"not significant",1.5100168432641
"546","genus","Kochikohdavirus","group_char","control","dementia","unpaired",NA,1,1,0.0364141037800815,1,150000,1,0.00183823529411765,1,0.00183823529411765,1,12.66,0.0153846153846154,"not significant",0
"547","genus","Krischvirus","group_char","control","dementia","unpaired",NA,64,61.4525023283396,0.811860826532533,0.977153485643429,146573,1,0.00785079656862745,0.796875,0.00661167114263202,0.753879442239232,291987.324,0.0247596153846154,"not significant",0.0286377733616034
"548","genus","Kuttervirus","group_char","control","dementia","unpaired",NA,32,31.3223212990032,0.70068119080989,0.945900360664262,141885,1,0.00915287990196078,0.875,0.00659859857840943,0.833929098610563,3064.578,0.0197115384615385,"not significant",0.0678558796909553
"549","genus","Lachnoclostridium","group_char","control","dementia","unpaired",NA,7,6.76019002887476,0.27863181860127,0.785281431457124,117792,1,0.00849089635854342,0.714285714285714,0.0123091197390236,0.678111199965373,84648.048,0.0285714285714286,"not significant",0.272442976550822
"550","genus","Lachnospira","group_char","control","dementia","unpaired",NA,85,82.0154554424668,1.8760707585841,0.876880820794528,131532,1,0.0132713379469435,0.905882352941176,0.0124035401820029,0.876931288463843,9028.888,0.0208144796380091,"not significant",0.154924522624134
"551","genus","Lacnuvirus","group_char","control","dementia","unpaired",NA,5,4.99985028267632,1.32866613816657,0.24829167805548,37243,1,0.0346813725490196,1,0.0344612584849552,1,197.275,0.0153846153846154,"not significant",1.15450868967355
"552","genus","Lacticaseibacillus","group_char","control","dementia","unpaired",NA,140,135.081830924342,1.94989454443912,0.959186938753742,143878,1,0.0111957282913166,0.85,0.0105785608807637,0.820759061708875,48737.845,0.0223076923076923,"not significant",0.0511739133225075
"553","genus","Lactiplantibacillus","group_char","control","dementia","unpaired",NA,153,142.4452993975,1.28125036365472,0.936647089019407,140497,1,0.00950355632449059,0.751633986928105,0.00527820419373633,0.692633057741477,279549.173,0.0291603821015586,"not significant",0.0794847147346161
"554","genus","Lactobacillus","group_char","control","dementia","unpaired",NA,202,192.515650563515,1.11814833634571,0.987253418310545,148088,1,0.00656425936711322,0.861386138613861,0.00530379450171163,0.818416217312484,103087.403,0.0247524752475248,"not significant",0.0159761506263175
"555","genus","Lactococcus","group_char","control","dementia","unpaired",NA,1,1,0.0364141037800815,1,150000,1,0.00183823529411765,1,0.00183823529411765,1,46.186,0.0153846153846154,"not significant",0
"556","genus","Lafunavirus","group_char","control","dementia","unpaired",NA,16,14.9094139476381,0.652301035194759,0.69042873047513,103564,1,0.0115655637254902,0.875,0.00907512436616828,0.788245960078043,1771.24,0.0278846153846154,"not significant",0.398273312310599
"557","genus","Lambdavirus","group_char","control","dementia","unpaired",NA,4,3.89640653888332,1.04978323150822,0.411570589529403,61735,1,0.0330882352941176,1,0.0340455060719202,1,251309.245,0.0230769230769231,"not significant",0.821132868904496
"558","genus","Larmunavirus","group_char","control","dementia","unpaired",NA,9,8.9245949102032,0.25652169631345,0.811394590702729,121709,1,0.00701252723311547,0.555555555555556,0.00725291650540138,0.525517817156785,2008.303,0.0256410256410256,"not significant",0.238627304558344
"559","genus","Lates","group_char","control","dementia","unpaired",NA,2,2,0.0514973194274527,1,150000,1,0.00183823529411765,1,0.00183823529411765,1,40.882,0.0153846153846154,"not significant",0
"560","genus","Leclercia","group_char","control","dementia","unpaired",NA,2,1.98961321890197,-0.651214489402362,0.583709441937054,87556,1,-0.0275735294117647,0,-0.0282818926079722,0,94.904,0.0384615384615385,"not significant",-0.547974456850417
"561","genus","Lederbergvirus","group_char","control","dementia","unpaired",NA,23,20.0710861173248,1.32224981439249,0.428597142685715,64289,1,0.0211263853367434,0.869565217391304,0.0203474436010638,0.821903489623835,69108.553,0.0394648829431438,"not significant",0.791594520971483
"562","genus","Legionella","group_char","control","dementia","unpaired",NA,196,187.423801464474,1.94999520477869,0.938513743241712,140777,1,0.0101290516206483,0.846938775510204,0.00810106679990522,0.798883825955101,108156.222,0.0226844583987441,"not significant",0.0771380253592405
"563","genus","Leishmania","group_char","control","dementia","unpaired",NA,6,5.99989656817205,0.657004837909836,0.613415910560596,92012,1,0.0155228758169935,1,0.0153958261257618,1,335.307,0.0153846153846154,"not significant",0.505203502477463
"564","genus","Lens","group_char","control","dementia","unpaired",NA,2,1.99374715730185,-1.02296970154152,0.566589556069626,84988,1,-0.0471813725490196,0,-0.047730411984464,0,274.192,0.0538461538461538,"not significant",-0.573081435936792
"565","genus","Lentivirus","group_char","control","dementia","unpaired",NA,7,6.94037271366014,0.878491681577955,0.409103939307071,61365,1,0.0196953781512605,1,0.022312434676285,1,179.497,0.0197802197802198,"not significant",0.825471530473194
"566","genus","Lepidoglyphus","group_char","control","dementia","unpaired",NA,1,1,0.0364141037800815,1,150000,1,0.00183823529411765,1,0.00183823529411765,1,8.566,0.0153846153846154,"not significant",0
"567","genus","Lepisma","group_char","control","dementia","unpaired",NA,1,1,1.44030382892098,0.231745121699189,34761,1,0.0839460784313726,1,0.0839460784313726,1,24.061,0.0153846153846154,"not significant",1.1958755655315
"568","genus","Leptospira","group_char","control","dementia","unpaired",NA,4,3.96821348784229,0.594124428340409,0.550829661135592,82624,1,0.0174632352941176,1,0.0198854050509511,1,161.268,0.0192307692307692,"not significant",0.596517358476226
"569","genus","Leptotrichia","group_char","control","dementia","unpaired",NA,2,1.99993747826885,1.03863061666797,0.412590582729448,61888,1,0.0428921568627451,1,0.0426626149818113,1,38.056,0.0153846153846154,"not significant",0.81934328594571
"570","genus","Lethocerus","group_char","control","dementia","unpaired",NA,1,1,1.44030382892098,0.229171805521297,34375,1,0.0839460784313726,1,0.0839460784313726,1,17.535,0.0153846153846154,"not significant",1.20249499132226
"571","genus","Leyella","group_char","control","dementia","unpaired",NA,1,1,0.0364141037800815,1,150000,1,0.00183823529411765,1,0.00183823529411765,1,53.854,0.0153846153846154,"not significant",0
"572","genus","Ligilactobacillus","group_char","control","dementia","unpaired",NA,75,73.6478377714294,2.20757095699174,0.719161872254185,107874,1,0.0163153594771242,0.906666666666667,0.0161067817426603,0.882365665881921,12108.69,0.0194871794871795,"not significant",0.359579157620072
"573","genus","Limnonectes","group_char","control","dementia","unpaired",NA,2,2,0.0514973194274527,1,150000,1,0.00183823529411765,1,0.00183823529411765,1,42.798,0.0153846153846154,"not significant",0
"574","genus","Limosilactobacillus","group_char","control","dementia","unpaired",NA,80,75.1519025253353,0.898661846980982,0.956946953686975,143542,1,0.00799632352941176,0.7875,0.00750309114404112,0.734392015192416,399564.608,0.0282692307692308,"not significant",0.0539852025704417
"575","genus","Limulus","group_char","control","dementia","unpaired",NA,1,1,0.0364141037800815,1,150000,1,0.00183823529411765,1,0.00183823529411765,1,73.524,0.0153846153846154,"not significant",0
"576","genus","Listeria","group_char","control","dementia","unpaired",NA,307,295.601230600384,1.00927167913892,0.996013359910934,149402,1,0.00572627259372807,0.807817589576547,0.00358862644731805,0.761769165680834,118300.379,0.0245051365572538,"not significant",0.00499653317396536
"577","genus","Locusta","group_char","control","dementia","unpaired",NA,1,1,0.0364141037800815,1,150000,1,0.00183823529411765,1,0.00183823529411765,1,9.66,0.0153846153846154,"not significant",0
"578","genus","Lolium","group_char","control","dementia","unpaired",NA,4,3.84693079889677,-0.046359790420352,1,150000,1,0.00275735294117647,0.75,-0.0017406363312393,0.669802925847784,276.104,0.0307692307692308,"not significant",0
"579","genus","Lotus","group_char","control","dementia","unpaired",NA,3,2.97430651165373,-0.360933479696844,0.91632722448517,137449,1,-0.011233660130719,0.333333333333333,-0.0120927572084919,0.289519382366912,377.119,0.0256410256410256,"not significant",-0.105061228096173
"580","genus","Lupinus","group_char","control","dementia","unpaired",NA,11,10.479928466331,1.77123402650581,0.153918973873508,23087,1,0.039828431372549,0.909090909090909,0.0341791587164865,0.849642698414651,1709.251,0.0265734265734266,"not significant",1.42582461483878
"581","genus","Lymphocryptovirus","group_char","control","dementia","unpaired",NA,253,186.324627525611,-0.443172634438496,0.928533809774602,139280,1,0.000157424629931024,0.565217391304348,-0.00538116349088258,0.510406389785597,326216.775,0.197750076010946,"not significant",-0.0896896891626654
"582","genus","Lyssavirus","group_char","control","dementia","unpaired",NA,2,2,0.0514973194274527,1,150000,1,0.00183823529411765,1,0.00183823529411765,1,49.875,0.0153846153846154,"not significant",0
"583","genus","Maconellicoccus","group_char","control","dementia","unpaired",NA,1,1,0.0364141037800815,1,150000,1,0.00183823529411765,1,0.00183823529411765,1,12.305,0.0153846153846154,"not significant",0
"584","genus","Malacoplasma","group_char","control","dementia","unpaired",NA,2,2,-0.437563761161518,1,150000,1,-0.0177696078431373,0,-0.0177696078431373,0,164.536,0.0307692307692308,"not significant",0
"585","genus","Malassezia","group_char","control","dementia","unpaired",NA,9,8.99988980861179,0.572570651366212,0.746401690655396,111960,1,0.0109613289760349,1,0.0108710384134305,1,219.022,0.0153846153846154,"not significant",0.323387637746844
"586","genus","Malus","group_char","control","dementia","unpaired",NA,5,4.96140005391126,0.492764175005623,0.659222271851521,98883,1,0.0143382352941176,0.8,0.0127924668911631,0.764756831680128,222.878,0.0184615384615385,"not significant",0.440987188587428
"587","genus","Marvinbryantia","group_char","control","dementia","unpaired",NA,1,1,0.0364141037800815,1,150000,1,0.00183823529411765,1,0.00183823529411765,1,22.634,0.0153846153846154,"not significant",0
"588","genus","Mastadenovirus","group_char","control","dementia","unpaired",NA,27,20.9613329281824,-0.457908711943881,0.841927720481863,126289,1,-0.00528776325344953,0.555555555555556,-0.0125240369082333,0.458844593592814,27880.076,0.214245014245014,"not significant",-0.199428305618421
"589","genus","Mediterranea","group_char","control","dementia","unpaired",NA,2,2,0.0514973194274527,1,150000,1,0.00183823529411765,1,0.00183823529411765,1,53.382,0.0153846153846154,"not significant",0
"590","genus","Mediterraneibacter","group_char","control","dementia","unpaired",NA,273,248.974444691212,1.97454989071626,0.982893447377017,147434,1,0.00974780938016237,0.846153846153846,0.00800891322116905,0.796498850418219,459356.547,0.0256973795435334,"not significant",0.0214415270478189
"591","genus","Megamonas","group_char","control","dementia","unpaired",NA,1,1,0.0364141037800815,1,150000,1,0.00183823529411765,1,0.00183823529411765,1,176.197,0.0153846153846154,"not significant",0
"592","genus","Megasphaera","group_char","control","dementia","unpaired",NA,5,4.78059542288606,1.17104059804239,0.265404897300685,39810,1,0.0393382352941177,0.8,0.0288988741643173,0.714321733246828,201.257,0.0246153846153846,"not significant",1.11370701863818
"593","genus","Meleagris","group_char","control","dementia","unpaired",NA,5,4.61900507318686,-0.0453071486321257,0.945200365330898,141780,1,0.00330882352941176,0.6,-0.00466807526520376,0.463567481847821,1111.792,0.04,"not significant",-0.0687352421749582
"594","genus","Meriones","group_char","control","dementia","unpaired",NA,1,1,1.44030382892098,0.231831787788081,34774,1,0.0839460784313726,1,0.0839460784313726,1,17.313,0.0153846153846154,"not significant",1.19565354264656
"595","genus","Mesocricetus","group_char","control","dementia","unpaired",NA,1,1,0.0364141037800815,1,150000,1,0.00183823529411765,1,0.00183823529411765,1,22.153,0.0153846153846154,"not significant",0
"596","genus","Mesomycoplasma","group_char","control","dementia","unpaired",NA,21,20.5484642767734,0.652710568713775,0.831407790614729,124711,1,0.0100081699346405,0.80952380952381,0.00857567877238214,0.774825119729092,3938.612,0.0212454212454212,"not significant",0.212896374087415
"597","genus","Metarhizium","group_char","control","dementia","unpaired",NA,2,2,0.0514973194274527,1,150000,1,0.00183823529411765,1,0.00183823529411765,1,526.713,0.0153846153846154,"not significant",0
"598","genus","Mitsuokella","group_char","control","dementia","unpaired",NA,1,1,0.0364141037800815,1,150000,1,0.00183823529411765,1,0.00183823529411765,1,35.141,0.0153846153846154,"not significant",0
"599","genus","Mizuhopecten","group_char","control","dementia","unpaired",NA,1,1,0.0364141037800815,1,150000,1,0.00183823529411765,1,0.00183823529411765,1,9.385,0.0153846153846154,"not significant",0
"600","genus","Monodelphis","group_char","control","dementia","unpaired",NA,1,1,0.0364141037800815,1,150000,1,0.00183823529411765,1,0.00183823529411765,1,92.804,0.0153846153846154,"not significant",0
"601","genus","Moorena","group_char","control","dementia","unpaired",NA,2,2,0.0514973194274527,1,150000,1,0.00183823529411765,1,0.00183823529411765,1,88.427,0.0153846153846154,"not significant",0
"602","genus","Moraxella","group_char","control","dementia","unpaired",NA,3,2.99991694726006,0.867563896050143,0.411130592462717,61669,1,0.0292075163398693,1,0.0290038586779212,1,111.089,0.0153846153846154,"not significant",0.821905658153592
"603","genus","Morbillivirus","group_char","control","dementia","unpaired",NA,5,4.9625619702088,-0.0997204428617258,1,150000,1,-0.00208333333333333,0.8,-0.00276456266087263,0.765257304295496,113.209,0.0184615384615385,"not significant",0
"604","genus","Mosigvirus","group_char","control","dementia","unpaired",NA,25,23.2457745826069,0.44842070234197,0.901807321284525,135271,1,0.0066421568627451,0.84,0.00522841696981247,0.799216288280258,2492.545,0.0270769230769231,"not significant",0.123378576045306
"605","genus","Mus","group_char","control","dementia","unpaired",NA,14,13.8175355585645,1.21370464577841,0.560876260824928,84131,1,0.0210959383753501,0.857142857142857,0.0186257105157598,0.818835435877106,763.142,0.0186813186813187,"not significant",0.581540455383574
"606","genus","Musa","group_char","control","dementia","unpaired",NA,3,2.99991632580717,1.67806609015207,0.232558449610336,34883,1,0.0565767973856209,1,0.0563723791751085,1,26.166,0.0153846153846154,"not significant",1.19379428029311
"607","genus","Mycobacterium","group_char","control","dementia","unpaired",NA,89,87.7026170774408,1.63007945877234,0.945607029286471,141841,1,0.0110500660938533,0.887640449438202,0.0119974270728033,0.862364086344606,219015.327,0.0190146931719965,"not significant",0.0682243680200206
"608","genus","Mycoplasmoides","group_char","control","dementia","unpaired",NA,66,58.5494130143017,-0.604794930029483,0.829167805547963,124375,1,0.00337938205585265,0.636363636363636,-0.0126890613295721,0.527606660007977,67912.737,0.0463869463869464,"not significant",-0.215769010248958
"609","genus","Mytilus","group_char","control","dementia","unpaired",NA,2,2,0.0514973194274527,1,150000,1,0.00183823529411765,1,0.00183823529411765,1,91.151,0.0153846153846154,"not significant",0
"610","genus","Nannizzia","group_char","control","dementia","unpaired",NA,5,5,0.0814244113919944,1,150000,1,0.00183823529411765,1,0.00183823529411765,1,76.813,0.0153846153846154,"not significant",0
"611","genus","Nasonia","group_char","control","dementia","unpaired",NA,6,5.95840900357426,1.01426875531052,0.485363430910461,72804,1,0.0259395424836601,0.833333333333333,0.0241325297878655,0.802248566351381,653.453,0.017948717948718,"not significant",0.697702233783465
"612","genus","Necator","group_char","control","dementia","unpaired",NA,1,1,-0.593431060140572,1,150000,1,-0.0373774509803922,0,-0.0373774509803922,0,473.697,0.0461538461538462,"not significant",0
"613","genus","Negarvirus","group_char","control","dementia","unpaired",NA,8,7.03701005337517,0.95906572190287,0.429517136552423,64427,1,0.0237438725490196,1,0.0302483252995826,1,364.929,0.0384615384615385,"not significant",0.790018204989199
"614","genus","Negativibacillus","group_char","control","dementia","unpaired",NA,2,1.98087147550815,0.752069658266419,0.407810614595903,61171,1,0.0330882352941176,1,0.0361591136132752,1,436.679,0.0230769230769231,"not significant",0.827752615866503
"615","genus","Neisseria","group_char","control","dementia","unpaired",NA,44,38.0902736763129,-0.188492436685513,0.933787108085946,140068,1,0.00359291443850267,0.772727272727273,-0.00818734947933056,0.685361861591965,6826.439,0.0447552447552448,"not significant",-0.0830810318521604
"616","genus","Nicotiana","group_char","control","dementia","unpaired",NA,2,2,0.84480952510659,0.551782988113413,82767,1,0.0447303921568627,1,0.0447303921568627,1,230.061,0.0461538461538462,"not significant",0.595090485623179
"617","genus","Norovirus","group_char","control","dementia","unpaired",NA,36,29.8119636089099,-1.81158735658051,0.53991640055733,80987,1,-0.0242374727668845,0.361111111111111,-0.0379805578260944,0.249048171062892,17420.572,0.132478632478632,"not significant",-0.612939414446373
"618","genus","Novosibovirus","group_char","control","dementia","unpaired",NA,14,13.2887947657107,0.00982535538420941,0.994433370444197,149165,1,0.00542717086834734,0.714285714285714,-0.00332298203266442,0.627415955492695,432.519,0.0263736263736264,"not significant",0.00697679211902958
"619","genus","Octopus","group_char","control","dementia","unpaired",NA,1,1,0.0364141037800815,1,150000,1,0.00183823529411765,1,0.00183823529411765,1,110.697,0.0153846153846154,"not significant",0
"620","genus","Odoribacter","group_char","control","dementia","unpaired",NA,51,49.7095489596168,0.754483044342988,0.945113699242005,141767,1,0.0082540369088812,0.823529411764706,0.00602615839500826,0.781438091485431,51027.887,0.0217194570135747,"not significant",0.068844119309338
"621","genus","Olea","group_char","control","dementia","unpaired",NA,1,1,0.0364141037800815,1,150000,1,0.00183823529411765,1,0.00183823529411765,1,26.499,0.0153846153846154,"not significant",0
"622","genus","Oncorhynchus","group_char","control","dementia","unpaired",NA,5,4.8836660123156,-0.283838052095077,0.805641295724695,120846,1,-0.00600490196078431,0.8,-0.00842593179185538,0.738263739307688,151.106,0.0215384615384615,"not significant",-0.246052883147142
"623","genus","Oreochromis","group_char","control","dementia","unpaired",NA,1,1,1.44030382892098,0.230871794188039,34630,1,0.0839460784313726,1,0.0839460784313726,1,18.77,0.0153846153846154,"not significant",1.19811617111468
"624","genus","Orthobornavirus","group_char","control","dementia","unpaired",NA,1,1,1.44030382892098,0.230091799388004,34513,1,0.0839460784313726,1,0.0839460784313726,1,13.652,0.0153846153846154,"not significant",1.20012242008729
"625","genus","Orthoebolavirus","group_char","control","dementia","unpaired",NA,5,4.99990063191698,0.703658147265928,0.552229651802321,82834,1,0.0182598039215686,1,0.0181133883037289,1,809.236,0.0153846153846154,"not significant",0.594422367555607
"626","genus","Orthoflavivirus","group_char","control","dementia","unpaired",NA,21,18.6412575670999,0.443041966585345,0.86666755554963,130000,1,0.00942460317460317,0.857142857142857,-0.00104196235900118,0.766186396088473,1388.205,0.0278388278388278,"not significant",0.16789287492582
"627","genus","Orthopneumovirus","group_char","control","dementia","unpaired",NA,45,32.1108110554189,1.3175118239064,0.611389257404951,91708,1,0.00497004357298475,0.577777777777778,0.0201372030172037,0.636136727939174,14398468.608,0.312136752136752,"not significant",0.50809138391717
"628","genus","Oryctolagus","group_char","control","dementia","unpaired",NA,9,8.92541934852273,0.719463660699429,0.672615515896561,100892,1,0.0157271241830065,0.777777777777778,0.0139538866090748,0.73981523246614,194.143,0.0188034188034188,"not significant",0.422561096266186
"629","genus","Oryza","group_char","control","dementia","unpaired",NA,30,29.5168641877815,1.24863829914016,0.631629122472517,94744,1,0.0136846405228758,0.966666666666667,0.0143508900134225,0.960925158247134,7184.663,0.018974358974359,"not significant",0.479435107947112
"630","genus","Oryzias","group_char","control","dementia","unpaired",NA,3,2.99991694726006,0.867563896050143,0.548623009179939,82293,1,0.0292075163398693,1,0.0290038586779212,1,38.782,0.0153846153846154,"not significant",0.599824791534656
"631","genus","Oscillibacter","group_char","control","dementia","unpaired",NA,25,24.2538212559476,-0.0686379806109429,0.99560669595536,149341,1,-0.000220588235294118,0.88,-0.000676880140340355,0.850646993152176,1464.551,0.0221538461538462,"not significant",-0.00550621789186423
"632","genus","Ovis","group_char","control","dementia","unpaired",NA,10,8.70565342372703,-0.902857985074858,0.541336391090726,81200,1,-0.0182598039215686,0.6,-0.025038197659563,0.497147329143935,1479.415,0.0569230769230769,"not significant",-0.610793358068547
"633","genus","Pagrus","group_char","control","dementia","unpaired",NA,1,1,0.0364141037800815,1,150000,1,0.00183823529411765,1,0.00183823529411765,1,39.592,0.0153846153846154,"not significant",0
"634","genus","Pan","group_char","control","dementia","unpaired",NA,3,3,2.49467941002713,0.049693002046653,7453,1,0.0839460784313725,1,0.0839460784313726,1,40.403,0.0153846153846154,"nominal only",1.96259715090977
"635","genus","Panax","group_char","control","dementia","unpaired",NA,2,2,0.0514973194274527,1,150000,1,0.00183823529411765,1,0.00183823529411765,1,128.161,0.0153846153846154,"not significant",0
"636","genus","Parabacteroides","group_char","control","dementia","unpaired",NA,548,458.331568029815,1.74268592571999,0.972120185865428,145818,1,0.00759893373407764,0.85036496350365,0.00103795033286134,0.780691688530545,426816.957,0.0334362717574396,"not significant",0.0349492787087595
"637","genus","Paraprevotella","group_char","control","dementia","unpaired",NA,11,6.22161787336039,-0.11852894390226,0.916520556529623,137478,1,-0.00696301247771836,0.727272727272727,-0.00266520609752585,0.595477477137653,10930.179,0.18041958041958,"not significant",-0.104817584461806
"638","genus","Paslahepevirus","group_char","control","dementia","unpaired",NA,1,1,0.0364141037800815,1,150000,1,0.00183823529411765,1,0.00183823529411765,1,37.299,0.0153846153846154,"not significant",0
"639","genus","Paspalum","group_char","control","dementia","unpaired",NA,1,1,0.0364141037800815,1,150000,1,0.00183823529411765,1,0.00183823529411765,1,21.382,0.0153846153846154,"not significant",0
"640","genus","Pebcunavirus","group_char","control","dementia","unpaired",NA,26,24.900550395522,1.35563413768959,0.545356364290905,81803,1,0.0205976621417798,0.807692307692308,0.01705106571016,0.747467745777449,191061.776,0.0254437869822485,"not significant",0.604733080399565
"641","genus","Pecentumvirus","group_char","control","dementia","unpaired",NA,51,50.3869359104162,1.48710918142311,0.858940940393731,128841,1,0.0137086697424068,0.862745098039216,0.012044694619076,0.82803462231775,46355.611,0.0187028657616893,"not significant",0.177722466519982
"642","genus","Pediculus","group_char","control","dementia","unpaired",NA,1,1,0.0364141037800815,1,150000,1,0.00183823529411765,1,0.00183823529411765,1,24.776,0.0153846153846154,"not significant",0
"643","genus","Peeveelvirus","group_char","control","dementia","unpaired",NA,1,1,0.0364141037800815,1,150000,1,0.00183823529411765,1,0.00183823529411765,1,101.684,0.0153846153846154,"not significant",0
"644","genus","Penaeus","group_char","control","dementia","unpaired",NA,3,3,0.0630710778591871,1,150000,1,0.00183823529411765,1,0.00183823529411765,1,56.653,0.0153846153846154,"not significant",0
"645","genus","Penicillium","group_char","control","dementia","unpaired",NA,13,12.8151241579847,0.869762889788724,0.534583102779315,80187,1,0.0147530165912519,0.923076923076923,0.0158332495624811,0.911370387058285,1708.47,0.0201183431952663,"not significant",0.621025108728868
"646","genus","Periplaneta","group_char","control","dementia","unpaired",NA,6,6,0.0891959737019519,1,150000,1,0.00183823529411765,1,0.00183823529411765,1,139.259,0.0153846153846154,"not significant",0
"647","genus","Phalaris","group_char","control","dementia","unpaired",NA,1,1,1.44030382892098,0.231045126365824,34656,1,0.0839460784313726,1,0.0839460784313726,1,7.168,0.0153846153846154,"not significant",1.19767099243811
"648","genus","Phascolarctobacterium","group_char","control","dementia","unpaired",NA,6,6,0.0891959737019519,1,150000,1,0.00183823529411765,1,0.00183823529411765,1,220.597,0.0153846153846154,"not significant",0
"649","genus","Phaseolus","group_char","control","dementia","unpaired",NA,6,6,0.0891959737019519,1,150000,1,0.00183823529411765,1,0.00183823529411765,1,1070.561,0.0153846153846154,"not significant",0
"650","genus","Phifelvirus","group_char","control","dementia","unpaired",NA,9,8.9266695988484,0.279539830123655,0.958313611242592,143747,1,0.00660403050108933,0.777777777777778,0.00534109993170651,0.740121635603454,506.381,0.0188034188034188,"not significant",0.0522699321247057
"651","genus","Phleum","group_char","control","dementia","unpaired",NA,11,10.8873658294181,0.0344511630733807,1,150000,1,0.00217245989304813,0.636363636363636,0.000573994545743582,0.587454834148181,23242.008,0.020979020979021,"not significant",0
"652","genus","Phocaeicola","group_char","control","dementia","unpaired",NA,1154,1120.34548480355,6.92137460949014,0.926260491596723,138939,1,0.0136672953410135,0.869150779896014,0.0127913447193902,0.838805426258136,2183476.952,0.0213438208238902,"not significant",0.0925507247520366
"653","genus","Pinus","group_char","control","dementia","unpaired",NA,2,1.99997262275412,0.44487336620264,0.659155605629296,98873,1,0.0232843137254902,0.5,0.0231324208159575,0.498150080385393,32.151,0.0307692307692308,"not significant",0.441079276613092
"654","genus","Pistacia","group_char","control","dementia","unpaired",NA,5,4.7025214461417,1.22190386714763,0.179598802674649,26939,1,0.0354166666666667,1,0.052307568507572,1,6557.483,0.0276923076923077,"not significant",1.34199134281322
"655","genus","Pisum","group_char","control","dementia","unpaired",NA,16,15.7069042130921,-0.459673631242545,0.750741661722255,112611,1,-0.00551470588235294,0.75,-0.00737752010123153,0.694033324649005,777.527,0.0211538461538462,"not significant",-0.317661574389515
"656","genus","Plasmodium","group_char","control","dementia","unpaired",NA,215,208.294411812012,1.41134433248042,0.966740221731855,145011,1,0.00692259461924308,0.841860465116279,0.00673727129349079,0.808008009605248,102840.51,0.0221824686940966,"not significant",0.0416970298602827
"657","genus","Platanus","group_char","control","dementia","unpaired",NA,1,1,-0.3094043027188,1,150000,1,-0.0177696078431373,0,-0.0177696078431373,0,161.228,0.0307692307692308,"not significant",0
"658","genus","Platichthys","group_char","control","dementia","unpaired",NA,1,1,0.0364141037800815,1,150000,1,0.00183823529411765,1,0.00183823529411765,1,100.155,0.0153846153846154,"not significant",0
"659","genus","Pleeduovirus","group_char","control","dementia","unpaired",NA,9,8.95921606934828,0.919381889531357,0.434003773308178,65100,1,0.0179057734204793,1,0.0189252076006063,1,402.173,0.0170940170940171,"not significant",0.782358742476556
"660","genus","Plodia","group_char","control","dementia","unpaired",NA,2,2,0.0514973194274527,1,150000,1,0.00183823529411765,1,0.00183823529411765,1,254.838,0.0153846153846154,"not significant",0
"661","genus","Porphyromonas","group_char","control","dementia","unpaired",NA,20,14.0153998179239,1.74511432382776,0.167138885740762,25070,1,0.0290441176470588,0.95,0.0412747891674655,0.893917326744883,7955.181,0.0584615384615385,"not significant",1.38145571332952
"662","genus","Portunus","group_char","control","dementia","unpaired",NA,3,3,0.0630710778591871,1,150000,1,0.00183823529411765,1,0.00183823529411765,1,238.52,0.0153846153846154,"not significant",0
"663","genus","Prevotella","group_char","control","dementia","unpaired",NA,59,35.9562821219621,1.19818269030864,0.503083312777915,75462,1,0.0135738617480891,0.847457627118644,0.0159275871691819,0.808344071763449,1757604.904,0.101173402868318,"not significant",0.669646266717524
"664","genus","Propithecus","group_char","control","dementia","unpaired",NA,1,1,0.0364141037800815,1,150000,1,0.00183823529411765,1,0.00183823529411765,1,36.24,0.0153846153846154,"not significant",0
"665","genus","Prunus","group_char","control","dementia","unpaired",NA,4,4,0.0728282075601631,1,150000,1,0.00183823529411765,1,0.00183823529411765,1,116.089,0.0153846153846154,"not significant",0
"666","genus","Psavirus","group_char","control","dementia","unpaired",NA,3,2.99991694726006,0.867563896050143,0.549669668868874,82450,1,0.0292075163398693,1,0.0290038586779212,1,295.216,0.0153846153846154,"not significant",0.598255193246334
"667","genus","Pseudocardium","group_char","control","dementia","unpaired",NA,1,1,2.08701655935568,0.0508996606689289,7634,1,0.146446078431373,1,0.146446078431373,1,60.704,0.0307692307692308,"not significant",1.95232475118078
"668","genus","Pseudoflavonifractor","group_char","control","dementia","unpaired",NA,1,1,0.0364141037800815,1,150000,1,0.00183823529411765,1,0.00183823529411765,1,33.916,0.0153846153846154,"not significant",0
"669","genus","Pseudomonas","group_char","control","dementia","unpaired",NA,100,79.3849107116593,7.6701025609452,0.0141999053339644,2129,1,0.0612500000000001,0.88,0.0886823562391983,0.880829316671388,43208.735,0.0615384615384615,"nominal only",2.45216621280381
"670","genus","Psoroptes","group_char","control","dementia","unpaired",NA,1,1,0.0364141037800815,1,150000,1,0.00183823529411765,1,0.00183823529411765,1,21.563,0.0153846153846154,"not significant",0
"671","genus","Punavirus","group_char","control","dementia","unpaired",NA,23,22.6514246000768,1.01335246435897,0.787614749235005,118142,1,0.0137201619778346,0.869565217391304,0.0131378219821608,0.841741261377748,1120.254,0.020066889632107,"not significant",0.269409275374028
"672","genus","Pyrus","group_char","control","dementia","unpaired",NA,3,2.99991694726006,0.867563896050143,0.411157258951607,61673,1,0.0292075163398693,1,0.0290038586779212,1,28.254,0.0153846153846154,"not significant",0.821858808470949
"673","genus","Quercus","group_char","control","dementia","unpaired",NA,5,4.89019085031628,-0.435588020167962,0.702321984520103,105348,1,-0.0099264705882353,0.6,-0.0122750733672574,0.531432645065369,265.978,0.0246153846153846,"not significant",-0.38218791581809
"674","genus","Ralstonia","group_char","control","dementia","unpaired",NA,3,2.24455192240285,-0.578980287942574,0.551336324424504,82700,1,-0.0271650326797386,0.666666666666667,-0.05096078364443,0.393183106283734,1539.718,0.102564102564103,"not significant",-0.595758869433976
"675","genus","Rangifer","group_char","control","dementia","unpaired",NA,1,1,-0.3094043027188,1,150000,1,-0.0177696078431373,0,-0.0177696078431373,0,89.948,0.0307692307692308,"not significant",0
"676","genus","Rattus","group_char","control","dementia","unpaired",NA,12,11.9535048424691,0.79224304310872,0.802167985546763,120325,1,0.0138888888888889,0.916666666666667,0.0131723984834871,0.899465443029212,24425.178,0.0166666666666667,"not significant",0.250542314608711
"677","genus","Rhadinovirus","group_char","control","dementia","unpaired",NA,2,2,0.0514973194274527,1,150000,1,0.00183823529411765,1,0.00183823529411765,1,14.069,0.0153846153846154,"not significant",0
"678","genus","Rhizopus","group_char","control","dementia","unpaired",NA,1,1,1.44030382892098,0.229571802854648,34435,1,0.0839460784313726,1,0.0839460784313726,1,198.538,0.0153846153846154,"not significant",1.20146260756935
"679","genus","Rhodotorula","group_char","control","dementia","unpaired",NA,2,2,0.0514973194274527,1,150000,1,0.00183823529411765,1,0.00183823529411765,1,16.278,0.0153846153846154,"not significant",0
"680","genus","Rickettsia","group_char","control","dementia","unpaired",NA,6,5.87532367532133,-0.249065132815416,1,150000,1,-0.00469771241830065,0.833333333333333,-0.00682668303942597,0.779044582494638,275.438,0.0205128205128205,"not significant",0
"681","genus","Romboutsia","group_char","control","dementia","unpaired",NA,13,12.9190897016549,-0.0958349323004724,1,150000,1,-0.00117835595776772,0.846153846153846,-0.00173822152247463,0.817600702353794,955.854,0.0177514792899408,"not significant",0
"682","genus","Roseburia","group_char","control","dementia","unpaired",NA,309,298.369330165159,2.7865646263527,0.961160258931607,144174,1,0.0109362110540009,0.870550161812298,0.0105477191679934,0.836632109070676,491297.838,0.0220064724919094,"not significant",0.04869763714127
"683","genus","Roseolovirus","group_char","control","dementia","unpaired",NA,8,7.21056683821327,-1.08134166284507,0.303704641969054,45555,1,-0.0143995098039216,0.625,-0.0362075155015973,0.470264067370846,3369.905,0.0442307692307692,"not significant",-1.02852137384756
"684","genus","Rotavirus","group_char","control","dementia","unpaired",NA,2,2,0.0514973194274527,1,150000,1,0.00183823529411765,1,0.00183823529411765,1,174.185,0.0153846153846154,"not significant",0
"685","genus","Rubivirus","group_char","control","dementia","unpaired",NA,4,3.8367514682857,-0.82345792973041,0.783288111412591,117493,1,-0.022671568627451,0.5,-0.0279207562799514,0.399640837345833,229.324,0.0346153846153846,"not significant",-0.275036610500909
"686","genus","Ruditapes","group_char","control","dementia","unpaired",NA,1,1,0.0364141037800815,1,150000,1,0.00183823529411765,1,0.00183823529411765,1,8.827,0.0153846153846154,"not significant",0
"687","genus","Ruminiclostridium","group_char","control","dementia","unpaired",NA,1,1,0.0364141037800815,1,150000,1,0.00183823529411765,1,0.00183823529411765,1,77.857,0.0153846153846154,"not significant",0
"688","genus","Ruminococcus","group_char","control","dementia","unpaired",NA,382,369.795199486901,2.41180167086215,0.995006699955334,149251,1,0.00892811313006883,0.848167539267016,0.00767619940678596,0.80845803512057,494799.828,0.021627064035441,"not significant",0.00625821438835074
"689","genus","Saccharomyces","group_char","control","dementia","unpaired",NA,1,1,0.0364141037800815,1,150000,1,0.00183823529411765,1,0.00183823529411765,1,20.757,0.0153846153846154,"not significant",0
"690","genus","Salmo","group_char","control","dementia","unpaired",NA,7,6.72177371381139,-0.1968011905986,0.873487510083266,131023,1,-0.000437675070028013,0.714285714285714,-0.00663552149735604,0.624126953596831,281.979,0.0263736263736264,"not significant",-0.15923020145906
"691","genus","Salmonella","group_char","control","dementia","unpaired",NA,190,178.527322900269,3.56867887208301,0.640675728828474,96101,1,0.0178083075335398,0.842105263157895,0.0200716027942941,0.809296926237338,331530.399,0.0259109311740891,"not significant",0.466754225576713
"692","genus","Salvelinus","group_char","control","dementia","unpaired",NA,2,1.97943386919572,-0.216834899207932,1,150000,1,-0.0079656862745098,0.5,-0.00896500868430107,0.449034557100645,94.154,0.0230769230769231,"not significant",0
"693","genus","Saphexavirus","group_char","control","dementia","unpaired",NA,9,8.8423072437943,0.559145191351574,0.717701881987453,107655,1,0.0135484749455338,0.777777777777778,0.0104342367385529,0.725121926293566,603.759,0.0205128205128205,"not significant",0.361531873963585
"694","genus","Sarcina","group_char","control","dementia","unpaired",NA,2,1.99993747826885,1.03863061666797,0.410743928373811,61611,1,0.0428921568627451,1,0.0426626149818113,1,85.914,0.0153846153846154,"not significant",0.822585181405969
"695","genus","Sarcoptes","group_char","control","dementia","unpaired",NA,7,7,0.0963426628173928,1,150000,1,0.00183823529411765,1,0.00183823529411765,1,194.361,0.0153846153846154,"not significant",0
"696","genus","Schistosoma","group_char","control","dementia","unpaired",NA,2,1.99993747826885,1.03863061666797,0.411603922640516,61740,1,0.0428921568627451,1,0.0426626149818113,1,83.674,0.0153846153846154,"not significant",0.821074344247664
"697","genus","Sebastes","group_char","control","dementia","unpaired",NA,1,1,0.0364141037800815,1,150000,1,0.00183823529411765,1,0.00183823529411765,1,16.031,0.0153846153846154,"not significant",0
"698","genus","Secale","group_char","control","dementia","unpaired",NA,3,2.91559426649248,0.458283388478841,0.552302984646769,82845,1,0.0161356209150327,1,0.0195759030415227,1,671.351,0.0256410256410256,"not significant",0.594312701890731
"699","genus","Segatella","group_char","control","dementia","unpaired",NA,85,61.3915991360184,1.51391885630225,0.63997573349511,95996,1,0.0156502306805075,0.823529411764706,0.0138161596415121,0.7322990299328,53022.212,0.0485067873303167,"not significant",0.467732728021692
"700","genus","Sepiella","group_char","control","dementia","unpaired",NA,1,1,0.0364141037800815,1,150000,1,0.00183823529411765,1,0.00183823529411765,1,45.301,0.0153846153846154,"not significant",0
"701","genus","Sepioteuthis","group_char","control","dementia","unpaired",NA,1,1,0.597370544013857,0.55272964846901,82909,1,0.0447303921568627,1,0.0447303921568627,1,33.22,0.0461538461538462,"not significant",0.593674788801702
"702","genus","Septimatrevirus","group_char","control","dementia","unpaired",NA,13,12.8258387023318,0.916387623975222,0.638769074872834,95815,1,0.0162613122171946,0.923076923076923,0.0152730444631457,0.89583256379733,283.964,0.0189349112426036,"not significant",0.469420532476258
"703","genus","Sesamum","group_char","control","dementia","unpaired",NA,4,4,0.0728282075601631,1,150000,1,0.00183823529411765,1,0.00183823529411765,1,140.259,0.0153846153846154,"not significant",0
"704","genus","Setaria","group_char","control","dementia","unpaired",NA,2,1.94367746376678,0.508362202319741,0.548929673802175,82339,1,0.0232843137254902,1,0.0269350199967929,1,91.363,0.0307692307692308,"not significant",0.599364756329507
"705","genus","Shigella","group_char","control","dementia","unpaired",NA,92,81.9821390028277,2.81225101355299,0.394710701928654,59206,1,0.021019820971867,0.891304347826087,0.0254219319967606,0.854889786393173,2432320.305,0.0339464882943144,"not significant",0.851105587392365
"706","genus","Simplexvirus","group_char","control","dementia","unpaired",NA,67,50.1093629607917,0.37650736977952,0.909640602395984,136446,1,0.000283508925958438,0.522388059701492,0.0110957115542346,0.509683472924054,88738.67,0.194489092996556,"not significant",0.11349187736999
"707","genus","Simulium","group_char","control","dementia","unpaired",NA,1,1,0.0364141037800815,1,150000,1,0.00183823529411765,1,0.00183823529411765,1,19.36,0.0153846153846154,"not significant",0
"708","genus","Sinapis","group_char","control","dementia","unpaired",NA,1,1,1.44030382892098,0.231911787254752,34786,1,0.0839460784313726,1,0.0839460784313726,1,3.208,0.0153846153846154,"not significant",1.19544865074464
"709","genus","Sinonovacula","group_char","control","dementia","unpaired",NA,1,1,0.0364141037800815,1,150000,1,0.00183823529411765,1,0.00183823529411765,1,554.901,0.0153846153846154,"not significant",0
"710","genus","Skunavirus","group_char","control","dementia","unpaired",NA,24,19.7924687413682,1.74809578900135,0.243391710721929,36508,1,0.0279309640522876,0.916666666666667,0.0339044704536995,0.870594177817379,731902.473,0.0512820512820513,"not significant",1.16655107575523
"711","genus","Solanum","group_char","control","dementia","unpaired",NA,10,9.8969852594312,0.466987684501065,0.740621729188472,111093,1,0.0104166666666667,0.7,0.00965801269353031,0.661916206107979,811.034,0.0215384615384615,"not significant",0.331030126996472
"712","genus","Solenopsis","group_char","control","dementia","unpaired",NA,4,4,0.0728282075601631,1,150000,1,0.00183823529411765,1,0.00183823529411765,1,412.712,0.0153846153846154,"not significant",0
"713","genus","Sorghum","group_char","control","dementia","unpaired",NA,1,1,1.44030382892098,0.230038466410224,34505,1,0.0839460784313726,1,0.0839460784313726,1,17.129,0.0153846153846154,"not significant",1.2002597760121
"714","genus","Spinacia","group_char","control","dementia","unpaired",NA,1,1,0.0364141037800815,1,150000,1,0.00183823529411765,1,0.00183823529411765,1,13.083,0.0153846153846154,"not significant",0
"715","genus","Stachybotrys","group_char","control","dementia","unpaired",NA,1,1,0.0364141037800815,1,150000,1,0.00183823529411765,1,0.00183823529411765,1,8.858,0.0153846153846154,"not significant",0
"716","genus","Staphylococcus","group_char","control","dementia","unpaired",NA,457,341.561473494278,-3.29245131254913,0.550222998513343,82533,1,-0.00634331960355254,0.599562363238512,-0.0194267675921082,0.485310562078072,1226209.842,0.0904561521629355,"not significant",-0.597426001035533
"717","genus","Streptococcus","group_char","control","dementia","unpaired",NA,404,289.639948426817,-6.46081850219578,0.202071986186759,30310,1,-0.0196412104445738,0.561881188118812,-0.0461781936416477,0.407709270097021,473767.055,0.100647372429551,"not significant",-1.27567059830478
"718","genus","Streptomyces","group_char","control","dementia","unpaired",NA,1,1,1.44030382892098,0.230765128232478,34614,1,0.0839460784313726,1,0.0839460784313726,1,4.843,0.0153846153846154,"not significant",1.19839024528579
"719","genus","Strongylocentrotus","group_char","control","dementia","unpaired",NA,1,1,0.0364141037800815,1,150000,1,0.00183823529411765,1,0.00183823529411765,1,204.762,0.0153846153846154,"not significant",0
"720","genus","Struthio","group_char","control","dementia","unpaired",NA,1,1,0.0651413118027206,1,150000,1,0.00551470588235294,1,0.00551470588235294,1,136.232,0.0769230769230769,"not significant",0
"721","genus","Stutzerimonas","group_char","control","dementia","unpaired",NA,1,1,0.0364141037800815,1,150000,1,0.00183823529411765,1,0.00183823529411765,1,10.29,0.0153846153846154,"not significant",0
"722","genus","Styela","group_char","control","dementia","unpaired",NA,2,1.97943386919572,-0.216834899207932,1,150000,1,-0.0079656862745098,0.5,-0.00896500868430107,0.449034557100645,101.804,0.0230769230769231,"not significant",0
"723","genus","Subdoligranulum","group_char","control","dementia","unpaired",NA,53,51.2127113963527,1.77070589274655,0.684122105852628,102618,1,0.0161972807991121,0.886792452830189,0.0160430572490128,0.848785211576238,38021.01,0.0223512336719884,"not significant",0.406844629242793
"724","genus","Suidasia","group_char","control","dementia","unpaired",NA,1,1,0.0364141037800815,1,150000,1,0.00183823529411765,1,0.00183823529411765,1,11.209,0.0153846153846154,"not significant",0
"725","genus","Sus","group_char","control","dementia","unpaired",NA,4,3.96568946340576,-0.127388034426873,1,150000,1,-0.00306372549019608,0.75,-0.00385346681387685,0.709723192492281,72.129,0.0192307692307692,"not significant",0
"726","genus","Sutterella","group_char","control","dementia","unpaired",NA,14,13.9995993546027,1.9987823312364,0.202351984320105,30352,1,0.0311624649859944,1,0.0309519974384403,1,638.408,0.0153846153846154,"not significant",1.2748792506855
"727","genus","Syntelopodeuma","group_char","control","dementia","unpaired",NA,1,1,0.0364141037800815,1,150000,1,0.00183823529411765,1,0.00183823529411765,1,6.413,0.0153846153846154,"not significant",0
"728","genus","Tabanus","group_char","control","dementia","unpaired",NA,3,2.99991694726006,0.867563896050143,0.548983006779955,82347,1,0.0292075163398693,1,0.0290038586779212,1,48.791,0.0153846153846154,"not significant",0.599284763156265
"729","genus","Taipeivirus","group_char","control","dementia","unpaired",NA,46,44.9752709812987,1.89661316536094,0.593542709715269,89031,1,0.0172900682011935,0.934782608695652,0.0201657836374299,0.920549731660984,2791.173,0.020066889632107,"not significant",0.533709248158705
"730","genus","Takifugu","group_char","control","dementia","unpaired",NA,2,1.94367746376678,0.508362202319741,0.551276324824501,82691,1,0.0232843137254902,1,0.0269350199967929,1,141.128,0.0307692307692308,"not significant",0.595848672607556
"731","genus","Teetrevirus","group_char","control","dementia","unpaired",NA,17,16.9998834618667,0.487064813068436,0.961473590176065,144221,1,0.00666810841983852,1,0.00661752516507922,1,1896.24,0.0153846153846154,"not significant",0.0483044725013717
"732","genus","Tequatrovirus","group_char","control","dementia","unpaired",NA,48,47.1890492216037,0.756178566803003,0.93951373657509,140927,1,0.00776143790849673,0.8125,0.00725036854152088,0.776855114460811,6044.663,0.021474358974359,"not significant",0.0758810458778879
"733","genus","Teseptimavirus","group_char","control","dementia","unpaired",NA,19,18.0270595472792,-0.0974036501040538,0.975146832354451,146272,1,0.000161248710010321,0.842105263157895,-0.00332190798212719,0.768510731274332,8812.702,0.0234817813765182,"not significant",-0.031153865100064
"734","genus","Tetraodon","group_char","control","dementia","unpaired",NA,3,2.97107939095316,1.40259305598468,0.161665588896074,24249,1,0.0500408496732026,1,0.0508950064497189,1,108.127,0.0205128205128205,"not significant",1.39949168891511
"735","genus","Tetronarce","group_char","control","dementia","unpaired",NA,1,1,-0.593431060140572,1,150000,1,-0.0373774509803922,0,-0.0373774509803922,0,24.881,0.0461538461538462,"not significant",0
"736","genus","Thaumatococcus","group_char","control","dementia","unpaired",NA,2,2,0.0514973194274527,1,150000,1,0.00183823529411765,1,0.00183823529411765,1,98.524,0.0153846153846154,"not significant",0
"737","genus","Thogotovirus","group_char","control","dementia","unpaired",NA,1,1,0.0364141037800815,1,150000,1,0.00183823529411765,1,0.00183823529411765,1,22.727,0.0153846153846154,"not significant",0
"738","genus","Thunnus","group_char","control","dementia","unpaired",NA,2,1.99993747826885,1.03863061666797,0.412583916107226,61887,1,0.0428921568627451,1,0.0426626149818113,1,21.176,0.0153846153846154,"not significant",0.819354974044998
"739","genus","Tlsvirus","group_char","control","dementia","unpaired",NA,21,18.4596769275955,0.924985210424785,0.597096019359871,89564,1,0.0136846405228758,0.904761904761905,0.0205434895076792,0.893535405088985,146569.266,0.0336996336996337,"not significant",0.528581178920088
"740","genus","Toxoplasma","group_char","control","dementia","unpaired",NA,9,8.84407745486157,0.130135920535394,1,150000,1,0.00442538126361656,0.777777777777778,0.00199637190351417,0.725439211165482,160.494,0.0205128205128205,"not significant",0
"741","genus","Traversvirus","group_char","control","dementia","unpaired",NA,10,9.92789603372579,0.319893906331473,0.878194145372364,131729,1,0.00612745098039216,0.9,0.00682277692908891,0.882527001736676,89581.858,0.0184615384615385,"not significant",0.153258856100431
"742","genus","Tribolium","group_char","control","dementia","unpaired",NA,1,1,0.0364141037800815,1,150000,1,0.00183823529411765,1,0.00183823529411765,1,26.776,0.0153846153846154,"not significant",0
"743","genus","Trichomonas","group_char","control","dementia","unpaired",NA,2,2,0.0514973194274527,1,150000,1,0.00183823529411765,1,0.00183823529411765,1,214.253,0.0153846153846154,"not significant",0
"744","genus","Trichophyton","group_char","control","dementia","unpaired",NA,15,14.8865121160836,0.168891377619032,1,150000,1,0.00339052287581699,0.8,0.00241375372530938,0.7650907168672,312.698,0.0184615384615385,"not significant",0
"745","genus","Trichosanthes","group_char","control","dementia","unpaired",NA,1,1,0.0364141037800815,1,150000,1,0.00183823529411765,1,0.00183823529411765,1,60.371,0.0153846153846154,"not significant",0
"746","genus","Triticum","group_char","control","dementia","unpaired",NA,35,29.2884258495569,2.84951969020729,0.171658855607629,25748,1,0.0366071428571429,0.942857142857143,0.0328103271115913,0.914888460826683,3650.621,0.0378021978021978,"not significant",1.36689297071709
"747","genus","Tropheryma","group_char","control","dementia","unpaired",NA,1,1,0.0364141037800815,1,150000,1,0.00183823529411765,1,0.00183823529411765,1,7.975,0.0153846153846154,"not significant",0
"748","genus","Tupaia","group_char","control","dementia","unpaired",NA,3,3,2.49467941002713,0.0101932653782308,1528,1,0.0839460784313725,1,0.0839460784313726,1,72.517,0.0153846153846154,"nominal only",2.56920324560143
"749","genus","Tyrophagus","group_char","control","dementia","unpaired",NA,5,5,0.0814244113919944,1,150000,1,0.00183823529411765,1,0.00183823529411765,1,1585.994,0.0153846153846154,"not significant",0
"750","genus","Tyzzerella","group_char","control","dementia","unpaired",NA,1,1,0.0364141037800815,1,150000,1,0.00183823529411765,1,0.00183823529411765,1,10.194,0.0153846153846154,"not significant",0
"751","genus","Varicellovirus","group_char","control","dementia","unpaired",NA,45,34.0368416007097,-0.063664851498369,0.981540123065846,147231,1,0.00573257080610021,0.6,-0.0107510448657095,0.425327247739432,31822.663,0.202735042735043,"not significant",-0.023138089146533
"752","genus","Veillonella","group_char","control","dementia","unpaired",NA,1,1,0.0364141037800815,1,150000,1,0.00183823529411765,1,0.00183823529411765,1,36.328,0.0153846153846154,"not significant",0
"753","genus","Vesiculovirus","group_char","control","dementia","unpaired",NA,2,1.99993747826885,1.03863061666797,0.412717248551676,61907,1,0.0428921568627451,1,0.0426626149818113,1,83.129,0.0153846153846154,"not significant",0.819121233321818
"754","genus","Vespula","group_char","control","dementia","unpaired",NA,9,8.70227324350605,-0.188657760116551,0.915767228218479,137365,1,-0.00211056644880174,0.777777777777778,-0.00372574289286529,0.724817546018492,2153.794,0.0256410256410256,"not significant",-0.105766989734297
"755","genus","Vibrio","group_char","control","dementia","unpaired",NA,290,271.655679075163,1.00697431577387,0.999846667688882,149977,1,0.00567528735632186,0.844827586206897,0.0010373815377044,0.784251705725201,134802.601,0.0239257294429708,"not significant",0.000192173554414053
"756","genus","Victivallis","group_char","control","dementia","unpaired",NA,1,1,-0.3094043027188,1,150000,1,-0.0177696078431373,0,-0.0177696078431373,0,18.342,0.0307692307692308,"not significant",0
"757","genus","Vigna","group_char","control","dementia","unpaired",NA,1,1,0.0364141037800815,1,150000,1,0.00183823529411765,1,0.00183823529411765,1,82.634,0.0153846153846154,"not significant",0
"758","genus","Vitis","group_char","control","dementia","unpaired",NA,4,3.96821348784229,0.594124428340409,0.552589649402337,82888,1,0.0174632352941176,1,0.0198854050509511,1,209.658,0.0192307692307692,"not significant",0.593884077392635
"759","genus","Xanthomonas","group_char","control","dementia","unpaired",NA,4,4,0.0728282075601631,1,150000,1,0.00183823529411765,1,0.00183823529411765,1,493.016,0.0153846153846154,"not significant",0
"760","genus","Yersinia","group_char","control","dementia","unpaired",NA,50,46.1834328628658,1.48283110150149,0.716135225765162,107420,1,0.0161764705882353,0.84,0.0168695636424554,0.80161528211348,3605.273,0.0286153846153846,"not significant",0.363628789166126
"761","genus","Zea","group_char","control","dementia","unpaired",NA,19,18.9478197667682,4.17857093177358,0.00709995266698222,1064,1,0.0569852941176471,0.947368421052632,0.0558917796923482,0.935700029870885,336.449,0.0161943319838057,"nominal only",2.6921193763148
"762","is_EBV","TRUE","group_char","control","dementia","unpaired",NA,46,39.0059471438711,-0.746087918381311,0.809261271591523,121389,0.809261271591523,-0.0117753623188406,0.478260869565217,-0.0105159145866321,0.495231434402412,101468.523,0.332775919732441,"not significant",-0.24137914918325
"763","is_EM","TRUE","group_char","control","dementia","unpaired",NA,7327,6651.06196555038,12.2602092179942,0.976446823687842,146467,0.976446823687842,0.0105646888890664,0.859697011055002,0.0088076819133281,0.816897748976917,17566982.545,0.0257887056303871,"not significant",0.0295238173910557
"764","is_IgA","TRUE","group_char","control","dementia","unpaired",NA,1321,1199.66599954196,3.27731666296815,0.991906720621862,148786,0.991906720621862,0.0080686608481395,0.825132475397426,0.00403982803432114,0.769014664805722,1091844.399,0.0270773889244745,"not significant",0.010143595409208
"765","is_MPA","TRUE","group_char","control","dementia","unpaired",NA,2311,2227.98949117667,7.50848859363778,0.985340097732682,147801,0.985340097732682,0.0111214163294044,0.862829943747295,0.00956999075558491,0.826502924765747,4371127.493,0.022094997170722,"not significant",0.0183744966503741
"766","is_PNP","TRUE","group_char","control","dementia","unpaired",NA,7740,7040.66744676072,12.5349666009484,0.977113485910094,146567,0.977113485910094,0.0105289241019396,0.858397932816537,0.00879310356912315,0.815592609901354,19213644.174,0.0257702246074339,"not significant",0.0286879261904082
"767","is_allergens","TRUE","group_char","control","dementia","unpaired",NA,937,872.552243793226,5.38108589375661,0.898694008706609,134804,0.898694008706609,0.0128584918492478,0.856990394877268,0.0102841727493446,0.809210589685882,528905.998,0.025301699367868,"not significant",0.127311310450251
"768","is_auto","TRUE","group_char","control","dementia","unpaired",NA,841,624.363388287707,3.59244967354539,0.738088412743915,110713,0.738088412743915,0.0123620048495023,0.808561236623068,0.00652326441873123,0.723585060074522,1462140.528,0.0563065947132535,"not significant",0.33438585375105
"769","is_flagellum","TRUE","group_char","control","dementia","unpaired",NA,384,357.028247718871,5.23797520758425,0.547856347624349,82178,0.547856347624349,0.0187142565359478,0.838541666666667,0.0219788307086469,0.809228972401026,1369119.43,0.0276442307692308,"not significant",0.600975435440362
"770","is_infect","TRUE","group_char","control","dementia","unpaired",NA,893,646.840557459756,-3.1650733223432,0.62840914393904,94261,0.62840914393904,-0.00394750565399728,0.633818589025756,-0.0176937535940272,0.511514992565683,1034844.233,0.102454991816694,"not significant",-0.483967204759156
"771","is_patho","TRUE","group_char","control","dementia","unpaired",NA,1670,1402.96892808488,1.4368289703459,0.988473410177266,148271,0.988473410177266,0.00639309616062002,0.797604790419162,-0.00252277090102566,0.714977962881335,4921374.545,0.0366927683095348,"not significant",0.0144469405108113
"772","is_probio","TRUE","group_char","control","dementia","unpaired",NA,1024,967.637726248165,4.67130466501829,0.975180165465564,146277,0.975180165465564,0.0109803442861521,0.8349609375,0.00968174171263136,0.78857275118953,1456615.025,0.0251352163461538,"not significant",0.0311120679894033
"773","is_toxin","TRUE","group_char","control","dementia","unpaired",NA,1638,1341.92191079013,0.540726297399964,0.987273418177212,148091,0.987273418177212,0.0057167097608275,0.766788766788767,-0.00287199713391702,0.668178994342554,1784950.538,0.0456936226166995,"not significant",0.0159510813165873
"774","order","Acholeplasmatales","group_char","control","dementia","unpaired",NA,4,3.96568946340576,-0.127388034426873,1,150000,1,-0.00306372549019608,0.75,-0.00385346681387684,0.709723192492281,1503.855,0.0192307692307692,"not significant",0
"775","order","Acidaminococcales","group_char","control","dementia","unpaired",NA,7,7,0.0963426628173928,1,150000,1,0.00183823529411765,1,0.00183823529411765,1,357.8,0.0153846153846154,"not significant",0
"776","order","Agaricales","group_char","control","dementia","unpaired",NA,2,2,0.0514973194274527,1,150000,1,0.00183823529411765,1,0.00183823529411765,1,37.759,0.0153846153846154,"not significant",0
"777","order","Amarillovirales","group_char","control","dementia","unpaired",NA,25,22.5627764109677,0.292660904867345,0.919340537729748,137901,1,0.0066421568627451,0.8,-0.00230731240836431,0.715535664205536,1469.072,0.0270769230769231,"not significant",0.101264447669189
"778","order","Anostraca","group_char","control","dementia","unpaired",NA,2,1.94193981858091,-0.463994053247961,1,150000,1,-0.0177696078431373,0.5,-0.0211600093684065,0.413544761105635,502.996,0.0307692307692308,"not significant",0
"779","order","Anseriformes","group_char","control","dementia","unpaired",NA,2,1.98961321890197,-0.651214489402362,0.676828821141192,101524,1,-0.0275735294117647,0,-0.0282818926079722,0,92.551,0.0384615384615385,"not significant",-0.416794369542009
"780","order","Anura","group_char","control","dementia","unpaired",NA,4,4,0.0728282075601631,1,150000,1,0.00183823529411765,1,0.00183823529411765,1,126.26,0.0153846153846154,"not significant",0
"781","order","Apiales","group_char","control","dementia","unpaired",NA,7,6.86662296589426,0.221271584751424,0.93530709795268,140296,1,0.00516456582633053,0.857142857142857,0.00660849725382285,0.839341084419172,354.409,0.021978021978022,"not significant",0.0811695716482055
"782","order","Articulavirales","group_char","control","dementia","unpaired",NA,180,154.914279280685,-1.4545405406213,0.728001813321244,109200,1,-0.0014705882352941,0.677777777777778,-0.0152240915026852,0.590691011102119,31051.737,0.0516239316239316,"not significant",-0.347784789931263
"783","order","Artiodactyla","group_char","control","dementia","unpaired",NA,88,76.1076840274605,-1.74683816143567,0.586322757848281,87948,1,-0.0101520721925134,0.534090909090909,-0.0196275381801608,0.428363208214528,15391.625,0.048951048951049,"not significant",-0.544172523238177
"784","order","Asparagales","group_char","control","dementia","unpaired",NA,2,1.97943386919572,-0.216834899207932,1,150000,1,-0.0079656862745098,0.5,-0.00896500868430107,0.449034557100645,99.952,0.0230769230769231,"not significant",0
"785","order","Asterales","group_char","control","dementia","unpaired",NA,8,8,0.102994638854905,1,150000,1,0.00183823529411765,1,0.00183823529411765,1,194.914,0.0153846153846154,"not significant",0
"786","order","Bacillales","group_char","control","dementia","unpaired",NA,913,710.908758928104,-1.49730746247467,0.866947553682975,130042,1,0.00146240040375407,0.717415115005477,-0.00847205747029737,0.610685001847897,1425881.049,0.0568876906226304,"not significant",-0.167536978965211
"787","order","Bacteroidales","group_char","control","dementia","unpaired",NA,4473,3922.05060478272,10.2417217222921,0.950140332397784,142521,1,0.0114857171350535,0.85937849318131,0.00937114437876364,0.813065527743634,14034930.889,0.0283100311269325,"not significant",0.0625305522042563
"788","order","Beloniformes","group_char","control","dementia","unpaired",NA,3,2.99991694726006,0.867563896050143,0.553049646335691,82957,1,0.0292075163398693,1,0.0290038586779212,1,38.782,0.0153846153846154,"not significant",0.593196512489874
"789","order","Bifidobacteriales","group_char","control","dementia","unpaired",NA,340,323.655595700003,2.73840521693216,0.988673408843941,148301,1,0.0108924452133795,0.85,0.00936601676455215,0.803644843670398,754319.848,0.0234389140271493,"not significant",0.0141962536461258
"790","order","Blattodea","group_char","control","dementia","unpaired",NA,18,17.492647716876,2.09006763868634,0.175225498496677,26283,1,0.0319989106753813,0.944444444444444,0.0385269491950244,0.929077803614299,6276.195,0.0239316239316239,"not significant",1.35560305755395
"791","order","Brassicales","group_char","control","dementia","unpaired",NA,8,7.7951686144036,1.04310978462449,0.399564002906647,59934,1,0.0228247549019608,1,0.0247880962000411,1,585.841,0.0230769230769231,"not significant",0.842400161049855
"792","order","Burkholderiales","group_char","control","dementia","unpaired",NA,88,76.3919916045946,1.36321966694961,0.95052699648669,142579,1,0.0127144607843137,0.897727272727273,0.00192078762996056,0.816612985381002,31880.685,0.0295454545454545,"not significant",0.0620449996280711
"793","order","Camarodonta","group_char","control","dementia","unpaired",NA,1,1,0.0364141037800815,1,150000,1,0.00183823529411765,1,0.00183823529411765,1,204.762,0.0153846153846154,"not significant",0
"794","order","Campylobacterales","group_char","control","dementia","unpaired",NA,242,236.08982986329,3.31931497483413,0.8937473750175,134062,1,0.014143777345649,0.855371900826446,0.013736181386467,0.826449958330996,631244.173,0.0211697393515575,"not significant",0.13356397202758
"795","order","Candidatus Gastranaerophilales","group_char","control","dementia","unpaired",NA,10,9.71831311254781,-0.628718367300293,0.61395590696062,92093,1,-0.0099264705882353,0.7,-0.0129860190650382,0.621981513841527,2992.655,0.0246153846153846,"not significant",-0.504434745405903
"796","order","Cardiida","group_char","control","dementia","unpaired",NA,1,1,0.0364141037800815,1,150000,1,0.00183823529411765,1,0.00183823529411765,1,554.901,0.0153846153846154,"not significant",0
"797","order","Carnivora","group_char","control","dementia","unpaired",NA,1,1,0.0364141037800815,1,150000,1,0.00183823529411765,1,0.00183823529411765,1,12.316,0.0153846153846154,"not significant",0
"798","order","Caryophyllales","group_char","control","dementia","unpaired",NA,13,12.7192574137813,0.975340486754173,0.597229351804321,89584,1,0.0162613122171946,1,0.0165289760927611,1,384.208,0.0189349112426036,"not significant",0.528389027213669
"799","order","Chlamydiales","group_char","control","dementia","unpaired",NA,38,36.5239669297124,-1.09959160433738,0.683475443497043,102521,1,-0.00838493292053664,0.736842105263158,-0.0124775130644866,0.664082583389691,8487.085,0.0251012145748988,"not significant",-0.407725187574954
"800","order","Chordeumatida","group_char","control","dementia","unpaired",NA,1,1,0.0364141037800815,1,150000,1,0.00183823529411765,1,0.00183823529411765,1,6.413,0.0153846153846154,"not significant",0
"801","order","Christensenellales","group_char","control","dementia","unpaired",NA,2,2,0.0514973194274527,1,150000,1,0.00183823529411765,1,0.00183823529411765,1,110.858,0.0153846153846154,"not significant",0
"802","order","Cichliformes","group_char","control","dementia","unpaired",NA,1,1,1.44030382892098,0.234138439077073,35120,1,0.0839460784313726,1,0.0839460784313726,1,18.77,0.0153846153846154,"not significant",1.18976584069247
"803","order","Cladosporiales","group_char","control","dementia","unpaired",NA,8,7.93137892681153,-0.180153885970535,1,150000,1,-0.00306372549019608,0.75,-0.00385346681387684,0.709723192492281,423.339,0.0192307692307692,"not significant",0
"804","order","Coleoptera","group_char","control","dementia","unpaired",NA,3,2.99991694726006,0.867563896050143,0.409870600862661,61480,1,0.0292075163398693,1,0.0290038586779212,1,70.794,0.0153846153846154,"not significant",0.824121366380483
"805","order","Coriobacteriales","group_char","control","dementia","unpaired",NA,15,9.6510447785556,1.3388159863433,0.224985166765555,33747,1,0.0269199346405229,1,0.0371636298989713,1,30627.992,0.0687179487179487,"not significant",1.21337843651365
"806","order","Cucurbitales","group_char","control","dementia","unpaired",NA,3,3,0.0630710778591871,1,150000,1,0.00183823529411765,1,0.00183823529411765,1,89.909,0.0153846153846154,"not significant",0
"807","order","Cupressales","group_char","control","dementia","unpaired",NA,7,6.99989366917718,0.621892632921502,0.659902267318218,98985,1,0.0135679271708683,1,0.0134559457187453,1,1778.409,0.0153846153846154,"not significant",0.440048104136587
"808","order","Cyclophyllidea","group_char","control","dementia","unpaired",NA,2,1.79528625035763,1.07606433080564,0.372237518416544,55835,1,0.0661764705882353,1,0.0601760112424282,1,304.681,0.0615384615384615,"not significant",0.892289989606767
"809","order","Cypriniformes","group_char","control","dementia","unpaired",NA,5,4.89019085031628,-0.435588020167962,0.706721955186965,106008,1,-0.0099264705882353,0.6,-0.0122750733672574,0.531432645065369,167.442,0.0246153846153846,"not significant",-0.37626223072603
"810","order","Decapoda","group_char","control","dementia","unpaired",NA,14,13.9568498416849,0.791526401934899,0.635989093406044,95398,1,0.0121673669467787,1,0.0129115621747093,1,1303.557,0.0164835164835165,"not significant",0.473314114964517
"811","order","Didelphimorphia","group_char","control","dementia","unpaired",NA,1,1,0.0364141037800815,1,150000,1,0.00183823529411765,1,0.00183823529411765,1,92.804,0.0153846153846154,"not significant",0
"812","order","Diptera","group_char","control","dementia","unpaired",NA,40,39.8320310552269,1.08110942014096,0.900353997640016,135053,1,0.010140931372549,0.95,0.0107764337444349,0.939939133282859,2979.596,0.0169230769230769,"not significant",0.125214172344184
"813","order","Eggerthellales","group_char","control","dementia","unpaired",NA,1,1,1.44030382892098,0.230125132499117,34518,1,0.0839460784313726,1,0.0839460784313726,1,4.562,0.0153846153846154,"not significant",1.20003658413107
"814","order","Enterobacterales","group_char","control","dementia","unpaired",NA,859,780.560090738192,4.78779747558822,0.932147119019207,139822,1,0.013007458513091,0.841676367869616,0.0108392070155639,0.788839606189918,3521458.77,0.0287454105847587,"not significant",0.085143737516899
"815","order","Ericales","group_char","control","dementia","unpaired",NA,12,9.40750045536359,0.103955003316134,0.943827041153059,141574,1,0.00367647058823529,0.833333333333333,0.00166298209696146,0.823963668721907,57940.441,0.0461538461538462,"not significant",0.0704606226997387
"816","order","Erysipelotrichales","group_char","control","dementia","unpaired",NA,11,10.5449583040929,-0.366124059707806,0.822341184392104,123351,1,-0.00317513368983957,0.727272727272727,-0.00905886101935078,0.645700582532427,1188.947,0.0251748251748252,"not significant",-0.224534809278887
"817","order","Esociformes","group_char","control","dementia","unpaired",NA,1,1,1.44030382892098,0.232538449743668,34880,1,0.0839460784313726,1,0.0839460784313726,1,6.72,0.0153846153846154,"not significant",1.19384539743319
"818","order","Eubacteriales","group_char","control","dementia","unpaired",NA,1585,1494.3709277217,2.91692521834492,0.998260011599923,149739,1,0.00664277540669274,0.84416403785489,0.0027206451902614,0.794572754800736,3278620.495,0.0240524144625091,"not significant",0.00218075378907798
"819","order","Eucoccidiorida","group_char","control","dementia","unpaired",NA,9,8.84407745486157,0.130135920535394,1,150000,1,0.00442538126361656,0.777777777777778,0.00199637190351417,0.725439211165482,160.494,0.0205128205128205,"not significant",0
"820","order","Euphausiacea","group_char","control","dementia","unpaired",NA,1,1,0.0364141037800815,1,150000,1,0.00183823529411765,1,0.00183823529411765,1,44.474,0.0153846153846154,"not significant",0
"821","order","Eurotiales","group_char","control","dementia","unpaired",NA,65,63.9378397483173,2.13492161048645,0.681035459763602,102155,1,0.016619532428356,0.907692307692308,0.0166334251580051,0.890003442891522,3903.72,0.0196449704142012,"not significant",0.411050562159879
"822","order","Fabales","group_char","control","dementia","unpaired",NA,90,87.9554604850246,0.791350863676089,0.926113825907827,138917,1,0.00694444444444444,0.833333333333333,0.00467440984960983,0.787067029794994,6419.479,0.0206837606837607,"not significant",0.0927353334596398
"823","order","Fagales","group_char","control","dementia","unpaired",NA,28,27.7643165038652,0.380856054176192,0.926027159818935,138904,1,0.00490196078431372,0.892857142857143,0.00387150018627994,0.865783897907449,2746.93,0.0175824175824176,"not significant",0.0928444219083836
"824","order","Flavobacteriales","group_char","control","dementia","unpaired",NA,2,1.91689988541033,-0.302665693112098,0.988346744355038,148252,1,-0.0159313725490196,0,-0.0155486340089814,0,860.739,0.0615384615384615,"not significant",-0.0146057093270379
"825","order","Fusobacteriales","group_char","control","dementia","unpaired",NA,2,1.99993747826885,1.03863061666797,0.412423917173885,61863,1,0.0428921568627451,1,0.0426626149818113,1,38.056,0.0153846153846154,"not significant",0.819635522016878
"826","order","Gadiformes","group_char","control","dementia","unpaired",NA,2,1.97943386919572,-0.216834899207932,1,150000,1,-0.0079656862745098,0.5,-0.00896500868430107,0.449034557100645,123.076,0.0230769230769231,"not significant",0
"827","order","Galliformes","group_char","control","dementia","unpaired",NA,46,38.6784892653605,-0.436915715849033,0.866760888260745,130014,1,-0.00127877237851663,0.608695652173913,-0.012100350963983,0.493812260534672,8595.859,0.0528428093645485,"not significant",-0.167774240578313
"828","order","Gobiiformes","group_char","control","dementia","unpaired",NA,1,1,0.0364141037800815,1,150000,1,0.00183823529411765,1,0.00183823529411765,1,28.312,0.0153846153846154,"not significant",0
"829","order","Haemosporida","group_char","control","dementia","unpaired",NA,215,208.294411812012,1.41134433248042,0.966080226131826,144912,1,0.00692259461924308,0.841860465116279,0.00673727129349079,0.808008009605248,102840.51,0.0221824686940966,"not significant",0.0425249454605715
"830","order","Hemiptera","group_char","control","dementia","unpaired",NA,5,4.87754992649934,1.42225950768468,0.208451943653709,31267,1,0.0432598039215686,0.8,0.0367463791168734,0.736642172526138,172.31,0.0215384615384615,"not significant",1.25783359379744
"831","order","Hepelivirales","group_char","control","dementia","unpaired",NA,7,6.71871693957529,0.253648593561429,0.790021399857334,118503,1,0.0112920168067227,0.714285714285714,0.00352458620040028,0.62360331517942,293.117,0.0263736263736264,"not significant",0.266282824417504
"832","order","Herpesvirales","group_char","control","dementia","unpaired",NA,542,406.354961521065,-3.93233662591242,0.514596569356204,77189,1,-0.0142988929889298,0.527675276752767,-0.0251240192486636,0.437825727535424,602990.408,0.182685211467499,"not significant",-0.651697137833345
"833","order","Hymenoptera","group_char","control","dementia","unpaired",NA,32,31.4983558758935,1.12717216059736,0.738168412210585,110725,1,0.0129442401960784,0.90625,0.0115711315365686,0.879012815760359,3941.245,0.01875,"not significant",0.334279826033632
"834","order","Hyphomicrobiales","group_char","control","dementia","unpaired",NA,53,51.8168597990358,0.737691664073152,0.90902060652929,136353,1,0.0073413799482057,0.773584905660377,0.00702169324258249,0.742519252477229,28743.148,0.02322206095791,"not significant",0.114273982250653
"835","order","Hypocreales","group_char","control","dementia","unpaired",NA,9,8.47706696830696,0.478030347061297,0.656388957406951,98458,1,0.00919117647058823,1,0.0143566045114633,1,721.195,0.0239316239316239,"not significant",0.444904241362403
"836","order","Ixodida","group_char","control","dementia","unpaired",NA,1,1,0.0364141037800815,1,150000,1,0.00183823529411765,1,0.00183823529411765,1,21.837,0.0153846153846154,"not significant",0
"837","order","Kalamavirales","group_char","control","dementia","unpaired",NA,3,3,0.0630710778591871,1,150000,1,0.00183823529411765,1,0.00183823529411765,1,132.193,0.0153846153846154,"not significant",0
"838","order","Kitasatosporales","group_char","control","dementia","unpaired",NA,1,1,1.44030382892098,0.231725121832521,34758,1,0.0839460784313726,1,0.0839460784313726,1,4.843,0.0153846153846154,"not significant",1.1959268099541
"839","order","Lachnospirales","group_char","control","dementia","unpaired",NA,2325,2203.67795133529,6.37567971423646,0.985593429377137,147839,1,0.0099211996626603,0.848602150537634,0.00814985747296405,0.804799815872295,1983634.894,0.0235897435897436,"not significant",0.0180569398373421
"840","order","Lactobacillales","group_char","control","dementia","unpaired",NA,1229,963.876707504624,-2.59468967665986,0.86931420457197,130397,1,0.000164030217457256,0.739625711960944,-0.0148491656554083,0.6233755019193,1349287.727,0.0499843525067284,"not significant",-0.164529653665748
"841","order","Lagomorpha","group_char","control","dementia","unpaired",NA,9,8.92541934852273,0.719463660699429,0.670162198918674,100524,1,0.0157271241830065,0.777777777777778,0.0139538866090748,0.73981523246614,194.143,0.0188034188034188,"not significant",0.425925409615588
"842","order","Lamiales","group_char","control","dementia","unpaired",NA,5,5,0.0814244113919944,1,150000,1,0.00183823529411765,1,0.00183823529411765,1,166.758,0.0153846153846154,"not significant",0
"843","order","Legionellales","group_char","control","dementia","unpaired",NA,196,187.423801464474,1.94999520477869,0.938533743108379,140780,1,0.0101290516206483,0.846938775510204,0.00810106679990522,0.798883825955101,108156.222,0.0226844583987441,"not significant",0.0771128845817909
"844","order","Lepetellida","group_char","control","dementia","unpaired",NA,1,1,0.0364141037800815,1,150000,1,0.00183823529411765,1,0.00183823529411765,1,8.278,0.0153846153846154,"not significant",0
"845","order","Lepidoptera","group_char","control","dementia","unpaired",NA,4,4,0.0728282075601631,1,150000,1,0.00183823529411765,1,0.00183823529411765,1,534.633,0.0153846153846154,"not significant",0
"846","order","Leptospirales","group_char","control","dementia","unpaired",NA,4,3.96821348784229,0.594124428340409,0.551369657535616,82705,1,0.0174632352941176,1,0.0198854050509511,1,161.268,0.0192307692307692,"not significant",0.595708980858001
"847","order","Lysobacterales","group_char","control","dementia","unpaired",NA,4,4,0.0728282075601631,1,150000,1,0.00183823529411765,1,0.00183823529411765,1,493.016,0.0153846153846154,"not significant",0
"848","order","Malasseziales","group_char","control","dementia","unpaired",NA,9,8.99988980861179,0.572570651366212,0.743941707055286,111591,1,0.0109613289760349,1,0.0108710384134305,1,219.022,0.0153846153846154,"not significant",0.326637989083502
"849","order","Malpighiales","group_char","control","dementia","unpaired",NA,4,3.99990673883154,0.768893416858854,0.335057766281558,50258,1,0.0223651960784314,1,0.0221935196089669,1,155.529,0.0153846153846154,"not significant",0.963976383486856
"850","order","Malvales","group_char","control","dementia","unpaired",NA,1,1,0.943188950512739,0.410810594596036,61621,1,0.0643382352941176,1,0.0643382352941176,1,42.451,0.0307692307692308,"not significant",0.822467995131497
"851","order","Mantodea","group_char","control","dementia","unpaired",NA,1,1,-0.3094043027188,1,150000,1,-0.0177696078431373,0,-0.0177696078431373,0,160.763,0.0307692307692308,"not significant",0
"852","order","Martellivirales","group_char","control","dementia","unpaired",NA,6,5.99983389452011,1.22692062801935,0.267144885700762,40071,1,0.0292075163398693,1,0.0290038586779212,1,110.524,0.0153846153846154,"not significant",1.10966157739714
"853","order","Mastigamoebida","group_char","control","dementia","unpaired",NA,4,3.80642129687451,0.431401485524833,0.773008179945467,115951,1,0.0202205882352941,0.5,0.0186277160910324,0.407215238565675,1025.229,0.0653846153846154,"not significant",0.288442316032153
"854","order","Micrococcales","group_char","control","dementia","unpaired",NA,1,1,0.0364141037800815,1,150000,1,0.00183823529411765,1,0.00183823529411765,1,7.975,0.0153846153846154,"not significant",0
"855","order","Mononegavirales","group_char","control","dementia","unpaired",NA,74,46.5266531327441,1.476655568688,0.564102905980627,84615,1,0.00685612082670906,0.675675675675676,0.0178914903737536,0.667368237647751,14400284.337,0.196881496881497,"not significant",0.576758058490649
"856","order","Moraxellales","group_char","control","dementia","unpaired",NA,3,2.99991694726006,0.867563896050143,0.411303924640502,61695,1,0.0292075163398693,1,0.0290038586779212,1,111.089,0.0153846153846154,"not significant",0.821601167453264
"857","order","Mucorales","group_char","control","dementia","unpaired",NA,1,1,1.44030382892098,0.231745121699189,34761,1,0.0839460784313726,1,0.0839460784313726,1,198.538,0.0153846153846154,"not significant",1.1958755655315
"858","order","Mycobacteriales","group_char","control","dementia","unpaired",NA,106,104.522092852922,1.7306061864234,0.958666942220385,143800,1,0.0105669626341103,0.905660377358491,0.0116145618261817,0.884233852838567,220498.758,0.0188679245283019,"not significant",0.0518264971817453
"859","order","Mycoplasmoidales","group_char","control","dementia","unpaired",NA,89,79.8241154342778,-0.352111866431582,0.921587189418737,138238,1,0.00446821987221855,0.662921348314607,-0.00854452854819566,0.565630837700126,72015.885,0.0401037165082109,"not significant",-0.0984346149019988
"860","order","Myopsida","group_char","control","dementia","unpaired",NA,1,1,0.597370544013857,0.551236325091166,82685,1,0.0447303921568627,1,0.0447303921568627,1,33.22,0.0461538461538462,"not significant",0.595908544059613
"861","order","Mytilida","group_char","control","dementia","unpaired",NA,2,2,0.0514973194274527,1,150000,1,0.00183823529411765,1,0.00183823529411765,1,91.151,0.0153846153846154,"not significant",0
"862","order","Neisseriales","group_char","control","dementia","unpaired",NA,44,38.0902736763129,-0.188492436685513,0.933707108619276,140056,1,0.00359291443850267,0.772727272727273,-0.00818734947933056,0.685361861591965,6826.439,0.0447552447552448,"not significant",-0.0831816433688108
"863","order","Nidovirales","group_char","control","dementia","unpaired",NA,748,609.992690258593,4.81882405638338,0.550889660735595,82633,1,0.016218084827514,0.790106951871658,0.0193615798775987,0.741887725757614,1593470.799,0.0608597285067873,"not significant",0.596427519498308
"864","order","Octopoda","group_char","control","dementia","unpaired",NA,2,2,0.0514973194274527,1,150000,1,0.00183823529411765,1,0.00183823529411765,1,183.785,0.0153846153846154,"not significant",0
"865","order","Onygenales","group_char","control","dementia","unpaired",NA,20,19.8769229285726,0.187220816831601,0.744435037099753,111665,1,0.00300245098039216,0.85,0.00227453704109102,0.821914772739995,389.511,0.0176923076923077,"not significant",0.325985881522304
"866","order","Ortervirales","group_char","control","dementia","unpaired",NA,13,12.8987355921757,0.599860920843013,0.636889087406084,95533,1,0.00994532428355958,0.923076923076923,0.0112202380278758,0.910194809475837,298.387,0.0189349112426036,"not significant",0.472052819862273
"867","order","Orthoptera","group_char","control","dementia","unpaired",NA,1,1,0.0364141037800815,1,150000,1,0.00183823529411765,1,0.00183823529411765,1,9.66,0.0153846153846154,"not significant",0
"868","order","Oscillatoriales","group_char","control","dementia","unpaired",NA,2,2,0.0514973194274527,1,150000,1,0.00183823529411765,1,0.00183823529411765,1,88.427,0.0153846153846154,"not significant",0
"869","order","Pasteurellales","group_char","control","dementia","unpaired",NA,217,179.202678765052,-0.349897213673815,0.954726968486877,143209,1,0.00241991958073552,0.755760368663594,-0.00531502304093859,0.655370310326904,280066.6,0.0472881956752925,"not significant",-0.0567718119871555
"870","order","Pectinida","group_char","control","dementia","unpaired",NA,1,1,0.0364141037800815,1,150000,1,0.00183823529411765,1,0.00183823529411765,1,9.385,0.0153846153846154,"not significant",0
"871","order","Peptostreptococcales","group_char","control","dementia","unpaired",NA,27,26.8058276406416,0.309153475953661,0.985366764221572,147805,1,0.00428921568627451,0.814814814814815,0.0033356135306357,0.781771676527431,3297.41,0.0182336182336182,"not significant",0.0183410695307221
"872","order","Perciformes","group_char","control","dementia","unpaired",NA,10,9.84177797495755,0.176535923394532,0.886207425283831,132931,1,0.00416666666666667,0.9,0.00376654743917683,0.866669018862584,373.818,0.02,"not significant",0.143104785852617
"873","order","Perissodactyla","group_char","control","dementia","unpaired",NA,4,4,0.0728282075601631,1,150000,1,0.00183823529411765,1,0.00183823529411765,1,341.656,0.0153846153846154,"not significant",0
"874","order","Phasmatodea","group_char","control","dementia","unpaired",NA,1,1,-0.3094043027188,1,150000,1,-0.0177696078431373,0,-0.0177696078431373,0,107.368,0.0307692307692308,"not significant",0
"875","order","Phthiraptera","group_char","control","dementia","unpaired",NA,1,1,0.0364141037800815,1,150000,1,0.00183823529411765,1,0.00183823529411765,1,24.776,0.0153846153846154,"not significant",0
"876","order","Piccovirales","group_char","control","dementia","unpaired",NA,6,5.87468614298325,-0.392297338537822,0.747588349411004,112138,1,-0.00796568627450981,0.666666666666667,-0.0101512121170594,0.60194566735737,267.733,0.0230769230769231,"not significant",-0.32182094040855
"877","order","Picornavirales","group_char","control","dementia","unpaired",NA,267,199.871456197178,-7.84783584806468,0.0954726968486877,14320,1,-0.0351789123889255,0.415730337078652,-0.0668964706760302,0.268941934973984,218414.043,0.157591472198214,"not significant",-1.66720978941562
"878","order","Pinales","group_char","control","dementia","unpaired",NA,2,1.99997262275412,0.44487336620264,0.658242278384811,98736,1,0.0232843137254902,0.5,0.0231324208159575,0.498150080385393,32.151,0.0307692307692308,"not significant",0.442341259686654
"879","order","Pleosporales","group_char","control","dementia","unpaired",NA,18,16.1586171081737,0.265540897662474,0.877000819994533,131550,1,0.00524237472766884,0.888888888888889,0.0017906570959477,0.825359063201869,1844.609,0.0341880341880342,"not significant",0.15477231196969
"880","order","Pleuronectiformes","group_char","control","dementia","unpaired",NA,2,2,0.0514973194274527,1,150000,1,0.00183823529411765,1,0.00183823529411765,1,109.046,0.0153846153846154,"not significant",0
"881","order","Poales","group_char","control","dementia","unpaired",NA,138,127.543320061406,5.51758696992207,0.112539249738335,16880,1,0.0315785734583689,0.920289855072464,0.0299445784366808,0.90141262988093,36797.234,0.0251950947603122,"not significant",1.58688254138285
"882","order","Primates","group_char","control","dementia","unpaired",NA,767,737.496788986322,7.16206600682238,0.793208045279698,118981,1,0.0170458176751797,0.885267275097784,0.0169779741808612,0.857850678313476,1848273.622,0.0217631130277806,"not significant",0.262147087369506
"883","order","Proteales","group_char","control","dementia","unpaired",NA,1,1,-0.3094043027188,1,150000,1,-0.0177696078431373,0,-0.0177696078431373,0,161.228,0.0307692307692308,"not significant",0
"884","order","Pseudomonadales","group_char","control","dementia","unpaired",NA,101,80.1966472383073,7.65702002903223,0.0143665708895274,2154,1,0.0606617647058824,0.881188118811881,0.0880683825933606,0.881671833794297,43219.025,0.0610814927646611,"nominal only",2.44796475327099
"885","order","Reovirales","group_char","control","dementia","unpaired",NA,2,2,0.0514973194274527,1,150000,1,0.00183823529411765,1,0.00183823529411765,1,174.185,0.0153846153846154,"not significant",0
"886","order","Rhabditida","group_char","control","dementia","unpaired",NA,9,8.85895710200791,0.265028680508001,0.782414783901441,117362,1,0.00660403050108932,0.888888888888889,0.00455773348473162,0.849248614741584,766.738,0.0188034188034188,"not significant",0.276173533901542
"887","order","Rhodospirillales","group_char","control","dementia","unpaired",NA,2,1.99993747826885,1.03863061666797,0.409783934773768,61467,1,0.0428921568627451,1,0.0426626149818113,1,41.596,0.0153846153846154,"not significant",0.824273918286502
"888","order","Rickettsiales","group_char","control","dementia","unpaired",NA,14,13.5836353857952,-1.06806821576291,0.742641715721895,111396,1,-0.0147058823529412,0.5,-0.0184279305179577,0.416908599436836,3020.731,0.032967032967033,"not significant",-0.328357046922192
"889","order","Rodentia","group_char","control","dementia","unpaired",NA,29,28.7585545640485,1.63090621338446,0.662035586429424,99305,1,0.0189528397565923,0.896551724137931,0.0174329537167016,0.870038188123924,25249.384,0.0175066312997347,"not significant",0.437104468999235
"890","order","Rosales","group_char","control","dementia","unpaired",NA,12,11.9535048424691,0.79224304310872,0.70665528896474,105998,1,0.0138888888888889,0.916666666666667,0.0131723984834871,0.899465443029212,367.221,0.0166666666666667,"not significant",0.376351914805837
"891","order","Rowavirales","group_char","control","dementia","unpaired",NA,27,20.9613329281824,-0.457908711943881,0.842481050126332,126372,1,-0.00528776325344953,0.555555555555556,-0.0125240369082333,0.458844593592814,27880.076,0.214245014245014,"not significant",-0.198720930819986
"892","order","Saccharomycetales","group_char","control","dementia","unpaired",NA,1,1,0.0364141037800815,1,150000,1,0.00183823529411765,1,0.00183823529411765,1,20.757,0.0153846153846154,"not significant",0
"893","order","Salmoniformes","group_char","control","dementia","unpaired",NA,14,13.5701267263377,-0.387700068932229,0.816154558969607,122423,1,-0.00350140056022409,0.714285714285714,-0.00758755849388713,0.638736788849661,527.239,0.0241758241758242,"not significant",-0.232493726885738
"894","order","Sapindales","group_char","control","dementia","unpaired",NA,10,9.5887406739316,1.03469451722276,0.346124359170939,51918,1,0.0209558823529412,0.9,0.0304629801727692,0.891956451168265,6792.328,0.0261538461538462,"not significant",0.942133374892592
"895","order","Sarcoptiformes","group_char","control","dementia","unpaired",NA,46,45.57435121584,0.60045381925589,0.973393510709929,146009,1,0.00599424552429667,0.891304347826087,0.00481631633555012,0.86271628583394,4026.998,0.0177257525083612,"not significant",0.0333524716179452
"896","order","Scandentia","group_char","control","dementia","unpaired",NA,3,3,2.49467941002713,0.0106399290671396,1595,1,0.0839460784313725,1,0.0839460784313726,1,72.517,0.0153846153846154,"nominal only",2.55430735035947
"897","order","Scombriformes","group_char","control","dementia","unpaired",NA,2,1.99993747826885,1.03863061666797,0.411130592462717,61669,1,0.0428921568627451,1,0.0426626149818113,1,21.176,0.0153846153846154,"not significant",0.821905658153592
"898","order","Selenomonadales","group_char","control","dementia","unpaired",NA,4,3.77707871756189,-0.845331238376291,0.479876800821328,71981,1,-0.022671568627451,0.5,-0.0304663147618933,0.402785359391235,770.561,0.0346153846153846,"not significant",-0.706500726921172
"899","order","Sepiida","group_char","control","dementia","unpaired",NA,1,1,0.0364141037800815,1,150000,1,0.00183823529411765,1,0.00183823529411765,1,45.301,0.0153846153846154,"not significant",0
"900","order","Serinales","group_char","control","dementia","unpaired",NA,7,6.93567761101245,-0.203932838162169,1,150000,1,-0.0037640056022409,0.714285714285714,-0.00461704368098296,0.670780772269869,848.29,0.0197802197802198,"not significant",0
"901","order","Siphonaptera","group_char","control","dementia","unpaired",NA,3,3,0.0630710778591871,1,150000,1,0.00183823529411765,1,0.00183823529411765,1,412.808,0.0153846153846154,"not significant",0
"902","order","Solanales","group_char","control","dementia","unpaired",NA,12,11.7776279896034,0.826428861724239,0.555329631135792,83299,1,0.0161356209150327,0.75,0.0168743776505932,0.731479095199777,1041.095,0.0256410256410256,"not significant",0.58979270933929
"903","order","Spariformes","group_char","control","dementia","unpaired",NA,1,1,0.0364141037800815,1,150000,1,0.00183823529411765,1,0.00183823529411765,1,39.592,0.0153846153846154,"not significant",0
"904","order","Spirochaetales","group_char","control","dementia","unpaired",NA,13,12.7367480301436,1.70275004876189,0.264371570856194,39655,1,0.0306843891402715,0.923076923076923,0.0299956313699759,0.900349832377084,2293.043,0.0224852071005917,"not significant",1.11611813407291
"905","order","Sporidiobolales","group_char","control","dementia","unpaired",NA,2,2,0.0514973194274527,1,150000,1,0.00183823529411765,1,0.00183823529411765,1,16.278,0.0153846153846154,"not significant",0
"906","order","Squamata","group_char","control","dementia","unpaired",NA,1,1,0.0364141037800815,1,150000,1,0.00183823529411765,1,0.00183823529411765,1,22.885,0.0153846153846154,"not significant",0
"907","order","Stolidobranchia","group_char","control","dementia","unpaired",NA,2,1.97943386919572,-0.216834899207932,1,150000,1,-0.0079656862745098,0.5,-0.00896500868430107,0.449034557100645,101.804,0.0230769230769231,"not significant",0
"908","order","Strigeidida","group_char","control","dementia","unpaired",NA,2,1.99993747826885,1.03863061666797,0.410250598329344,61537,1,0.0428921568627451,1,0.0426626149818113,1,83.674,0.0153846153846154,"not significant",0.823452711209771
"909","order","Struthioniformes","group_char","control","dementia","unpaired",NA,1,1,0.0651413118027206,1,150000,1,0.00551470588235294,1,0.00551470588235294,1,136.232,0.0769230769230769,"not significant",0
"910","order","Tetraodontiformes","group_char","control","dementia","unpaired",NA,5,4.89163034032587,1.37351008639459,0.244978366810888,36746,1,0.0393382352941176,1,0.0406138319869652,1,249.255,0.0246153846153846,"not significant",1.16263317008163
"911","order","Thiotrichales","group_char","control","dementia","unpaired",NA,2,1.94367746376678,0.508362202319741,0.548529676468824,82279,1,0.0232843137254902,1,0.0269350199967929,1,171.953,0.0307692307692308,"not significant",0.59996482744501
"912","order","Torpediniformes","group_char","control","dementia","unpaired",NA,1,1,-0.593431060140572,1,150000,1,-0.0373774509803922,0,-0.0373774509803922,0,24.881,0.0461538461538462,"not significant",0
"913","order","Trichomonadida","group_char","control","dementia","unpaired",NA,2,2,0.0514973194274527,1,150000,1,0.00183823529411765,1,0.00183823529411765,1,214.253,0.0153846153846154,"not significant",0
"914","order","Trypanosomatida","group_char","control","dementia","unpaired",NA,6,5.99989656817205,0.657004837909836,0.614849234338438,92227,1,0.0155228758169935,1,0.0153958261257618,1,335.307,0.0153846153846154,"not significant",0.503163628391948
"915","order","Veillonellales","group_char","control","dementia","unpaired",NA,59,55.8345212712496,1.31722299940639,0.878187478750142,131728,1,0.0110190262545696,0.898305084745763,0.0139612482804277,0.88016920203575,7934.636,0.0234680573663625,"not significant",0.153267310182901
"916","order","Venerida","group_char","control","dementia","unpaired",NA,2,1.98227991438924,1.63131061019514,0.130959126939154,19643,1,0.0741421568627451,1,0.0809783176769094,1,69.531,0.0230769230769231,"not significant",1.51033044490881
"917","order","Verrucomicrobiales","group_char","control","dementia","unpaired",NA,221,210.23103816385,1.65688952333863,0.989753401643989,148463,1,0.00905809156241686,0.778280542986425,0.00637696182437154,0.725048777645727,222873.3,0.0242951618517229,"not significant",0.0128425595936693
"918","order","Vibrionales","group_char","control","dementia","unpaired",NA,294,275.591728061339,0.986934667226726,0.99989333404444,149984,1,0.00555638922235563,0.843537414965986,0.000973051313956348,0.783271418546531,135011.255,0.023861852433281,"not significant",0.00013368595047206
"919","order","Victivallales","group_char","control","dementia","unpaired",NA,1,1,-0.3094043027188,1,150000,1,-0.0177696078431373,0,-0.0177696078431373,0,18.342,0.0307692307692308,"not significant",0
"920","order","Vitales","group_char","control","dementia","unpaired",NA,4,3.96821348784229,0.594124428340409,0.552789648069013,82918,1,0.0174632352941176,1,0.0198854050509511,1,209.658,0.0192307692307692,"not significant",0.593585101651624
"921","order","Xiphosura","group_char","control","dementia","unpaired",NA,1,1,0.0364141037800815,1,150000,1,0.00183823529411765,1,0.00183823529411765,1,73.524,0.0153846153846154,"not significant",0
"922","order","Zingiberales","group_char","control","dementia","unpaired",NA,5,4.99985028267632,1.32866613816657,0.336071092859381,50410,1,0.0346813725490196,1,0.0344612584849552,1,124.69,0.0153846153846154,"not significant",0.961957221723691
"923","order","Zurhausenvirales","group_char","control","dementia","unpaired",NA,21,20.4724335193697,0.704453145108103,0.765434897100686,114815,1,0.0122257236227824,0.761904761904762,0.0101409147906021,0.712498589479584,4618.68,0.0256410256410256,"not significant",0.298351505979025
"924","order","Zygentoma","group_char","control","dementia","unpaired",NA,1,1,1.44030382892098,0.230045133032446,34506,1,0.0839460784313726,1,0.0839460784313726,1,24.061,0.0153846153846154,"not significant",1.20024260528311
"925","phylum","Actinomycetota","group_char","control","dementia","unpaired",NA,465,434.358634723129,3.49450227011183,0.977886814087906,146683,1,0.0114497680792748,0.866666666666667,0.0108560215971341,0.826516803135514,1006140.692,0.0240529363110008,"not significant",0.027718317469923
"926","phylum","Apicomplexa","group_char","control","dementia","unpaired",NA,224,217.131263724374,1.40945147342172,0.969653535643096,145448,1,0.00682226015406166,0.839285714285714,0.00654957971483256,0.804739121815761,103001.004,0.0221153846153846,"not significant",0.0380428270936824
"927","phylum","Arthropoda","group_char","control","dementia","unpaired",NA,176,173.820749331237,2.60775258311635,0.905287298084679,135793,1,0.0124011252228164,0.914772727272727,0.012589104704258,0.892336668679576,20694.008,0.0184440559440559,"not significant",0.118984926203472
"928","phylum","Artverviricota","group_char","control","dementia","unpaired",NA,13,12.8987355921757,0.599860920843013,0.63719575202832,95579,1,0.00994532428355958,0.923076923076923,0.0112202380278758,0.910194809475837,298.387,0.0189349112426036,"not significant",0.471623216817286
"929","phylum","Ascomycota","group_char","control","dementia","unpaired",NA,128,123.434884014596,1.70737724221832,0.903280644795701,135492,1,0.00990923713235296,0.8828125,0.00946924651422596,0.85538093337402,8151.421,0.0216346153846154,"not significant",0.121518143455442
"930","phylum","Bacillota","group_char","control","dementia","unpaired",NA,6366,5488.04176941313,3.11552095581307,0.991246725021833,148687,1,0.00590491458914639,0.808671065032988,-0.000815332184265751,0.732929089601464,8482923.038,0.0334759177360497,"not significant",0.0109708233467972
"931","phylum","Bacteroidota","group_char","control","dementia","unpaired",NA,4481,3929.54492620499,10.2619443971187,0.948527009819935,142279,1,0.0114972093501529,0.859183218031689,0.00937917568343009,0.812784813849537,14036200.008,0.0283075549757094,"not significant",0.064556638872015
"932","phylum","Basidiomycota","group_char","control","dementia","unpaired",NA,13,12.9998856571529,0.516659353363777,0.879407470616863,131911,1,0.00815422322775264,1,0.0080893348899457,1,273.059,0.0153846153846154,"not significant",0.151720394866347
"933","phylum","Campylobacterota","group_char","control","dementia","unpaired",NA,242,236.08982986329,3.31931497483413,0.891327391150726,133699,1,0.014143777345649,0.855371900826446,0.013736181386467,0.826449958330996,631244.173,0.0211697393515575,"not significant",0.136624776724963
"934","phylum","Candidatus Melainabacteria","group_char","control","dementia","unpaired",NA,10,9.71831311254781,-0.628718367300293,0.613349244338371,92002,1,-0.0099264705882353,0.7,-0.0129860190650382,0.621981513841527,2992.655,0.0246153846153846,"not significant",-0.505298431457548
"935","phylum","Chlamydiota","group_char","control","dementia","unpaired",NA,38,36.5239669297124,-1.09959160433738,0.687308751274991,103096,1,-0.00838493292053664,0.736842105263158,-0.0124775130644866,0.664082583389691,8487.085,0.0251012145748988,"not significant",-0.402509971574746
"936","phylum","Chordata","group_char","control","dementia","unpaired",NA,1009,942.375591535975,5.7553691951977,0.910360597596016,136554,1,0.0133401105734664,0.837462834489594,0.0108049980299642,0.786534775072565,1900578.095,0.0253869024929481,"not significant",0.112583713620181
"937","phylum","Cossaviricota","group_char","control","dementia","unpaired",NA,27,26.3424302288031,0.444739322831916,0.892600715995227,133890,1,0.00773874364560639,0.740740740740741,0.0057290209819569,0.68846228442107,4886.413,0.0250712250712251,"not significant",0.135014112933523
"938","phylum","Cyanobacteriota","group_char","control","dementia","unpaired",NA,2,2,0.0514973194274527,1,150000,1,0.00183823529411765,1,0.00183823529411765,1,88.427,0.0153846153846154,"not significant",0
"939","phylum","Duplornaviricota","group_char","control","dementia","unpaired",NA,2,2,0.0514973194274527,1,150000,1,0.00183823529411765,1,0.00183823529411765,1,174.185,0.0153846153846154,"not significant",0
"940","phylum","Echinodermata","group_char","control","dementia","unpaired",NA,1,1,0.0364141037800815,1,150000,1,0.00183823529411765,1,0.00183823529411765,1,204.762,0.0153846153846154,"not significant",0
"941","phylum","Euglenozoa","group_char","control","dementia","unpaired",NA,6,5.99989656817205,0.657004837909836,0.616129225805161,92419,1,0.0155228758169935,1,0.0153958261257618,1,335.307,0.0153846153846154,"not significant",0.501343741686882
"942","phylum","Evosea","group_char","control","dementia","unpaired",NA,4,3.80642129687451,0.431401485524833,0.774288171412191,116143,1,0.0202205882352941,0.5,0.0186277160910324,0.407215238565675,1025.229,0.0653846153846154,"not significant",0.286770344361114
"943","phylum","Fusobacteriota","group_char","control","dementia","unpaired",NA,2,1.99993747826885,1.03863061666797,0.411310591262725,61696,1,0.0428921568627451,1,0.0426626149818113,1,38.056,0.0153846153846154,"not significant",0.821589457793761
"944","phylum","Kitrinoviricota","group_char","control","dementia","unpaired",NA,38,35.0887519107521,0.777607704511289,0.867120885860761,130068,1,0.0110616615067079,0.815789473684211,0.00327759285803055,0.738633793074264,1872.713,0.0251012145748988,"not significant",0.167316673054902
"945","phylum","Lentisphaerota","group_char","control","dementia","unpaired",NA,1,1,-0.3094043027188,1,150000,1,-0.0177696078431373,0,-0.0177696078431373,0,18.342,0.0307692307692308,"not significant",0
"946","phylum","Mollusca","group_char","control","dementia","unpaired",NA,11,10.8435196467789,1.04664276954714,0.46008359944267,69012,1,0.0188836898395722,1,0.022089181831013,1,995.552,0.0195804195804196,"not significant",0.738709197745547
"947","phylum","Mucoromycota","group_char","control","dementia","unpaired",NA,1,1,1.44030382892098,0.229998466676889,34499,1,0.0839460784313726,1,0.0839460784313726,1,198.538,0.0153846153846154,"not significant",1.2003628078183
"948","phylum","Mycoplasmatota","group_char","control","dementia","unpaired",NA,93,83.5521050315827,-0.368322286778577,0.924547169685535,138682,1,0.00414426523297491,0.666666666666667,-0.00837563547268064,0.570818618705226,73519.74,0.0392059553349876,"not significant",-0.0947074885870958
"949","phylum","Negarnaviricota","group_char","control","dementia","unpaired",NA,254,177.781990795152,0.151741749524141,0.969186872087519,145378,1,0.000955303381195009,0.677165354330709,-0.00248403684753929,0.620189875432551,14431336.074,0.0939430648092065,"not significant",0.0386281330610852
"950","phylum","Nematoda","group_char","control","dementia","unpaired",NA,9,8.85895710200791,0.265028680508001,0.782608115945894,117391,1,0.00660403050108932,0.888888888888889,0.00455773348473162,0.849248614741584,766.738,0.0188034188034188,"not significant",0.275921817852425
"951","phylum","Parabasalia","group_char","control","dementia","unpaired",NA,2,2,0.0514973194274527,1,150000,1,0.00183823529411765,1,0.00183823529411765,1,214.253,0.0153846153846154,"not significant",0
"952","phylum","Peploviricota","group_char","control","dementia","unpaired",NA,542,406.354961521065,-3.93233662591242,0.515216565222898,77282,1,-0.0142988929889298,0.527675276752767,-0.0251240192486636,0.437825727535424,602990.408,0.182685211467499,"not significant",-0.650736549566321
"953","phylum","Pisuviricota","group_char","control","dementia","unpaired",NA,1015,773.430641415505,-1.6753809277961,0.833874440837061,125081,1,0.00269788950062789,0.691625615763547,-0.00999828488633253,0.580910004038237,1811884.842,0.0863054187192118,"not significant",-0.209735084745094
"954","phylum","Platyhelminthes","group_char","control","dementia","unpaired",NA,4,3.56394471461511,1.46430610565894,0.189045406363958,28356,1,0.0545343137254902,1,0.0531745864669112,1,388.355,0.0384615384615385,"not significant",1.31340828760827
"955","phylum","Preplasmiviricota","group_char","control","dementia","unpaired",NA,30,22.6041839245288,-0.446903289445736,0.844981033459777,126747,1,-0.00457516339869281,0.6,-0.0118905223405635,0.482714760409183,28012.269,0.194358974358974,"not significant",-0.19552619411476
"956","phylum","Pseudomonadota","group_char","control","dementia","unpaired",NA,1882,1671.5063503173,6.59490094201127,0.931367124219172,139705,1,0.0123831812214786,0.832624867162593,0.0109117537139683,0.77375854333854,4159371.097,0.0314150249325595,"not significant",0.0861249070527742
"957","phylum","Spirochaetota","group_char","control","dementia","unpaired",NA,17,16.6976291275636,1.78251409331466,0.273751508323278,41062,1,0.0275735294117647,0.941176470588235,0.0276841423568791,0.92313273162635,2454.311,0.0217194570135747,"not significant",1.0944640448615
"958","phylum","Streptophyta","group_char","control","dementia","unpaired",NA,372,352.45467073991,5.20561161721784,0.634215771894854,95132,1,0.0180067994939912,0.89247311827957,0.0172046192393572,0.868271747482004,116484.835,0.0227874276261373,"not significant",0.475801541028251
"959","phylum","Uroviricota","group_char","control","dementia","unpaired",NA,1552,1487.88052443612,8.06561797054318,0.926727155152299,139009,1,0.0138294041843539,0.868556701030928,0.0133462771979143,0.835083223662422,4213408.033,0.0228291038858049,"not significant",0.0919633543626539
"960","phylum","Verrucomicrobiota","group_char","control","dementia","unpaired",NA,221,210.23103816385,1.65688952333863,0.98930673795508,148396,1,0.00905809156241686,0.778280542986425,0.00637696182437154,0.725048777645727,222873.3,0.0242951618517229,"not significant",0.013402417718542
"961","species","Acadevirus PM93","group_char","control","dementia","unpaired",NA,10,9.99980126383396,0.9951228951378,0.611522589849401,91728,1,0.0182598039215686,1,0.0181133883037289,1,332.357,0.0153846153846154,"not significant",0.507901261706858
"962","species","Acarus siro","group_char","control","dementia","unpaired",NA,1,1,1.44030382892098,0.228838474410171,34325,1,0.0839460784313726,1,0.0839460784313726,1,13.179,0.0153846153846154,"not significant",1.20335629118091
"963","species","Acetivibrio ethanolgignens","group_char","control","dementia","unpaired",NA,1,1,0.0364141037800815,1,150000,1,0.00183823529411765,1,0.00183823529411765,1,27.865,0.0153846153846154,"not significant",0
"964","species","Acholeplasmatales bacterium","group_char","control","dementia","unpaired",NA,4,3.96568946340576,-0.127388034426873,1,150000,1,-0.00306372549019608,0.75,-0.00385346681387684,0.709723192492281,1503.855,0.0192307692307692,"not significant",0
"965","species","Acidaminococcus sp. (strain BV3L6)","group_char","control","dementia","unpaired",NA,1,1,0.0364141037800815,1,150000,1,0.00183823529411765,1,0.00183823529411765,1,137.203,0.0153846153846154,"not significant",0
"966","species","Actinidia arguta","group_char","control","dementia","unpaired",NA,1,1,0.0364141037800815,1,150000,1,0.00183823529411765,1,0.00183823529411765,1,30.949,0.0153846153846154,"not significant",0
"967","species","Actinidia chinensis","group_char","control","dementia","unpaired",NA,3,2.99991694726006,0.867563896050143,0.411137259084939,61670,1,0.0292075163398693,1,0.0290038586779212,1,92.401,0.0153846153846154,"not significant",0.82189394556381
"968","species","Actinidia deliciosa","group_char","control","dementia","unpaired",NA,4,2.81667834316585,0.0325866697378483,0.99804001306658,149706,1,0.00153186274509804,1,0.00118791437445481,1,57731.161,0.0961538461538462,"not significant",0.0024564818031333
"969","species","Actinidia eriantha","group_char","control","dementia","unpaired",NA,3,2.94179728437755,-0.557484215510885,0.784528103145979,117679,1,-0.0177696078431373,0.333333333333333,-0.0200187505770315,0.274339539918334,75.882,0.0307692307692308,"not significant",-0.273422962985719
"970","species","Aedes aegypti","group_char","control","dementia","unpaired",NA,1,1,-0.3094043027188,1,150000,1,-0.0177696078431373,0,-0.0177696078431373,0,71.439,0.0307692307692308,"not significant",0
"971","species","Aedes albopictus","group_char","control","dementia","unpaired",NA,1,1,0.0364141037800815,1,150000,1,0.00183823529411765,1,0.00183823529411765,1,19.343,0.0153846153846154,"not significant",0
"972","species","Aegilops tauschii","group_char","control","dementia","unpaired",NA,7,6.62899326305757,2.43858743483032,0.108665942227052,16299,1,0.0610119047619048,1,0.0555533992077647,1,114.163,0.0241758241758242,"not significant",1.60421830044032
"973","species","Aegilops umbellulata","group_char","control","dementia","unpaired",NA,1,1,0.0364141037800815,1,150000,1,0.00183823529411765,1,0.00183823529411765,1,37.419,0.0153846153846154,"not significant",0
"974","species","Agathobacter rectalis","group_char","control","dementia","unpaired",NA,150,142.790263190065,1.96954206567797,0.915867227551816,137380,1,0.0111928104575164,0.873333333333333,0.0102472128901165,0.837226860562162,16849.66,0.0230769230769231,"not significant",0.105640957016584
"975","species","Aggregatibacter actinomycetemcomitans","group_char","control","dementia","unpaired",NA,2,2,0.0514973194274527,1,150000,1,0.00183823529411765,1,0.00183823529411765,1,106.428,0.0153846153846154,"not significant",0
"976","species","Aggregatibacter segnis","group_char","control","dementia","unpaired",NA,4,3.95886773839144,-0.30665085525566,1,150000,1,-0.0079656862745098,0.5,-0.00896500868430107,0.449034557100645,609.329,0.0230769230769231,"not significant",0
"977","species","Aix galericulata","group_char","control","dementia","unpaired",NA,1,1,-0.593431060140572,1,150000,1,-0.0373774509803922,0,-0.0373774509803922,0,47.388,0.0461538461538462,"not significant",0
"978","species","Akkermansia glycaniphila","group_char","control","dementia","unpaired",NA,1,1,0.943188950512739,0.409910600595996,61486,1,0.0643382352941176,1,0.0643382352941176,1,41.215,0.0307692307692308,"not significant",0.824050964276832
"979","species","Akkermansia muciniphila","group_char","control","dementia","unpaired",NA,190,181.071743337418,1.63764247021379,0.989813401243992,148472,1,0.00935887512899899,0.784210526315789,0.00654510689605985,0.733667934621467,218524.195,0.0237246963562753,"not significant",0.0127673550814612
"980","species","Akkermansia sp. KLE1798","group_char","control","dementia","unpaired",NA,10,9.72406023745728,-0.0102768569784575,1,150000,1,0.00220588235294118,0.8,-0.00151108920387755,0.739556637349575,506.07,0.0215384615384615,"not significant",0
"981","species","Aleuroglyphus ovatus","group_char","control","dementia","unpaired",NA,1,1,0.0364141037800815,1,150000,1,0.00183823529411765,1,0.00183823529411765,1,3.429,0.0153846153846154,"not significant",0
"982","species","Aliivibrio wodanis","group_char","control","dementia","unpaired",NA,1,1,0.0364141037800815,1,150000,1,0.00183823529411765,1,0.00183823529411765,1,23.321,0.0153846153846154,"not significant",0
"983","species","Alistipes communis","group_char","control","dementia","unpaired",NA,39,38.2397955761684,1.49247726786022,0.753194978700142,112979,1,0.016355580693816,0.871794871794872,0.0141454224857604,0.830281146345651,244320.401,0.0205128205128205,"not significant",0.314429335387147
"984","species","Alistipes dispar","group_char","control","dementia","unpaired",NA,2,2,0.0514973194274527,1,150000,1,0.00183823529411765,1,0.00183823529411765,1,61.556,0.0153846153846154,"not significant",0
"985","species","Alistipes finegoldii","group_char","control","dementia","unpaired",NA,7,6.6672386750263,1.08178338831954,0.327557816281225,49133,1,0.0291491596638655,0.857142857142857,0.0264203171312011,0.853002981934372,1141.419,0.0307692307692308,"not significant",0.979044856486621
"986","species","Alistipes putredinis","group_char","control","dementia","unpaired",NA,131,126.497294386717,2.13477182956228,0.953366977553483,143005,1,0.0126524846579854,0.885496183206107,0.0103606331411484,0.848951220910763,124731.599,0.0206694069289489,"not significant",0.0584791404638973
"987","species","Alistipes shahii","group_char","control","dementia","unpaired",NA,119,116.268199214921,2.20873254299766,0.913073912840581,136961,1,0.0134546465645082,0.907563025210084,0.0113468347731807,0.874333205728661,422966.855,0.0192630898513251,"not significant",0.109162109574171
"988","species","Alistipes sp.","group_char","control","dementia","unpaired",NA,7,6.95880713518553,-0.0588236185953134,1,150000,1,-0.000962885154061624,0.857142857142857,-0.00149078435829617,0.830219997726896,249.496,0.0175824175824176,"not significant",0
"989","species","Alistipes sp. 56_sp_Nov_56_25","group_char","control","dementia","unpaired",NA,22,21.8510299983441,1.61338650081492,0.407303951306991,61095,1,0.0206662210338681,0.954545454545455,0.0214417756107155,0.946296093652055,3795.48,0.0181818181818182,"not significant",0.828647411771442
"990","species","Alistipes sp. AF14-19","group_char","control","dementia","unpaired",NA,12,11.5732990045591,0.522048306880572,0.775214831901121,116282,1,0.0125612745098039,0.833333333333333,0.00777282233476569,0.77468332004843,11088.59,0.0230769230769231,"not significant",0.285560406877138
"991","species","Alistipes sp. HGB5","group_char","control","dementia","unpaired",NA,9,8.44077306537635,-0.487817806975402,0.688855407630616,103328,1,-0.00864651416122004,0.666666666666667,-0.0119375300095611,0.561499044143746,37877.073,0.0307692307692308,"not significant",-0.400408849030205
"992","species","Alistipes timonensis","group_char","control","dementia","unpaired",NA,9,8.84210509020722,-0.416375472777315,0.860414263904907,129062,1,-0.00687636165577342,0.666666666666667,-0.00866914693084003,0.607772307130436,52651.671,0.0222222222222222,"not significant",-0.175846847698835
"993","species","Allium sativum","group_char","control","dementia","unpaired",NA,2,1.97943386919572,-0.216834899207932,1,150000,1,-0.0079656862745098,0.5,-0.00896500868430107,0.449034557100645,99.952,0.0230769230769231,"not significant",0
"994","species","Alloprevotella tannerae","group_char","control","dementia","unpaired",NA,1,1,0.960056517026784,0.580082799448004,87012,1,0.0876225490196078,1,0.0876225490196078,1,182.827,0.0769230769230769,"not significant",0.553263779307083
"995","species","Alnus glutinosa","group_char","control","dementia","unpaired",NA,1,1,0.0364141037800815,1,150000,1,0.00183823529411765,1,0.00183823529411765,1,16.794,0.0153846153846154,"not significant",0
"996","species","Alphacoronavirus 1","group_char","control","dementia","unpaired",NA,29,27.1333924942326,2.38234006530037,0.178178812141252,26726,1,0.0286299864773496,0.96551724137931,0.0318818433892096,0.961935587073314,2602.165,0.0254641909814324,"not significant",1.34638367765518
"997","species","Alphacoronavirus scotophili","group_char","control","dementia","unpaired",NA,12,8.95362310826936,0.139345701224116,0.906500623329178,135975,1,0.0199142156862745,0.916666666666667,-0.036259640328431,0.756816043783355,1901.191,0.0602564102564103,"not significant",0.117453584821564
"998","species","Alphainfluenzavirus influenzae","group_char","control","dementia","unpaired",NA,94,84.9571233609666,-0.0246011165734468,0.993706708621943,149056,1,0.00610137672090112,0.659574468085106,-0.00285416443504559,0.562473546097998,11135.258,0.0428805237315876,"not significant",-0.00788755283896674
"999","species","Alphapapillomavirus 1","group_char","control","dementia","unpaired",NA,2,1.94193981858091,-0.463994053247961,1,150000,1,-0.0177696078431373,0.5,-0.0211600093684065,0.413544761105635,94.995,0.0307692307692308,"not significant",0
"1000","species","Alphapapillomavirus 10","group_char","control","dementia","unpaired",NA,4,3.84330992725864,0.52119854146848,0.691862054252972,103779,1,0.0232843137254902,0.75,0.0151906040932827,0.669036866150178,1165.331,0.0307692307692308,"not significant",0.396329382241113
"1001","species","Alphapapillomavirus 7","group_char","control","dementia","unpaired",NA,1,1,1.44030382892098,0.229611802587983,34441,1,0.0839460784313726,1,0.0839460784313726,1,8.831,0.0153846153846154,"not significant",1.20135943960687
"1002","species","Alphapapillomavirus 9","group_char","control","dementia","unpaired",NA,14,13.7427601161838,0.431711673512728,0.777508149945667,116626,1,0.00822829131652661,0.785714285714286,0.00877312765923732,0.753655802563363,3349.523,0.0241758241758242,"not significant",0.282567821756099
"1003","species","Alphatectivirus PRD1","group_char","control","dementia","unpaired",NA,3,3,0.0630710778591871,1,150000,1,0.00183823529411765,1,0.00183823529411765,1,132.193,0.0153846153846154,"not significant",0
"1004","species","Alternaria alternata","group_char","control","dementia","unpaired",NA,13,12.515439010455,0.573514358627536,0.749195005366631,112379,1,0.0102281297134238,0.923076923076923,0.0104740168355656,0.91454377197644,845.324,0.0236686390532544,"not significant",0.319700995095538
"1005","species","Alternaria brassicicola","group_char","control","dementia","unpaired",NA,1,1,0.0364141037800815,1,150000,1,0.00183823529411765,1,0.00183823529411765,1,2.071,0.0153846153846154,"not significant",0
"1006","species","Alternaria scirpivora","group_char","control","dementia","unpaired",NA,1,1,0.0364141037800815,1,150000,1,0.00183823529411765,1,0.00183823529411765,1,42.127,0.0153846153846154,"not significant",0
"1007","species","Amaranthus retroflexus","group_char","control","dementia","unpaired",NA,1,1,0.0364141037800815,1,150000,1,0.00183823529411765,1,0.00183823529411765,1,12.922,0.0153846153846154,"not significant",0
"1008","species","Ambrosia artemisiifolia","group_char","control","dementia","unpaired",NA,2,2,0.0514973194274527,1,150000,1,0.00183823529411765,1,0.00183823529411765,1,30.207,0.0153846153846154,"not significant",0
"1009","species","Ambrosia psilostachya","group_char","control","dementia","unpaired",NA,2,2,0.0514973194274527,1,150000,1,0.00183823529411765,1,0.00183823529411765,1,42.71,0.0153846153846154,"not significant",0
"1010","species","Amphioctopus fangsiao","group_char","control","dementia","unpaired",NA,1,1,0.0364141037800815,1,150000,1,0.00183823529411765,1,0.00183823529411765,1,73.088,0.0153846153846154,"not significant",0
"1011","species","Anacardium occidentale","group_char","control","dementia","unpaired",NA,5,4.89326001742424,0.224481350164281,0.892760714928567,133914,1,0.00649509803921569,0.8,0.00830089015268544,0.782342535877247,234.845,0.0246153846153846,"not significant",0.134811750715024
"1012","species","Anaerobutyricum hallii","group_char","control","dementia","unpaired",NA,206,200.420702714083,2.74245499177198,0.939487070086199,140923,1,0.0128616980772892,0.83495145631068,0.0128002854328844,0.801737455130771,90487.387,0.0214339058999253,"not significant",0.0759145637660212
"1013","species","Anaerostipes hadrus","group_char","control","dementia","unpaired",NA,129,124.776978341831,0.942195392041565,0.982086786088093,147313,1,0.00720569235446116,0.821705426356589,0.00444694059568634,0.777484205642093,18753.317,0.0226595110316041,"not significant",0.0224527706055393
"1014","species","Anaerostipes sp. 494a","group_char","control","dementia","unpaired",NA,2,1.98087147550815,0.752069658266419,0.410717261884921,61607,1,0.0330882352941176,1,0.0361591136132752,1,252.778,0.0230769230769231,"not significant",0.822632059078801
"1015","species","Anaerotruncus colihominis","group_char","control","dementia","unpaired",NA,8,7.95759190486829,-0.0427716886909357,1,150000,1,-0.000612745098039215,0.875,-0.00108613872621117,0.85085692496323,355.705,0.0173076923076923,"not significant",0
"1016","species","Anaerotruncus sp. CAG:528","group_char","control","dementia","unpaired",NA,5,4.96534711552729,0.552775596838104,0.49243005046633,73864,1,0.0143382352941176,1,0.0164267373005766,1,453.228,0.0184615384615385,"not significant",0.686448942570594
"1017","species","Anamdongvirus LBR48","group_char","control","dementia","unpaired",NA,31,30.296809804807,1.6220829076982,0.525129832467784,78769,1,0.0180858633776091,0.935483870967742,0.0206552754064707,0.92657305106567,2021.992,0.0213399503722084,"not significant",0.635457874732886
"1018","species","Ananas comosus","group_char","control","dementia","unpaired",NA,1,1,0.0364141037800815,1,150000,1,0.00183823529411765,1,0.00183823529411765,1,29.649,0.0153846153846154,"not significant",0
"1019","species","Angelakisella massiliensis","group_char","control","dementia","unpaired",NA,1,1,0.0651413118027206,1,150000,1,0.00551470588235294,1,0.00551470588235294,1,734.223,0.0769230769230769,"not significant",0
"1020","species","Anisakis simplex","group_char","control","dementia","unpaired",NA,2,2,0.0514973194274527,1,150000,1,0.00183823529411765,1,0.00183823529411765,1,41.298,0.0153846153846154,"not significant",0
"1021","species","Anopheles gambiae","group_char","control","dementia","unpaired",NA,3,3,0.0630710778591871,1,150000,1,0.00183823529411765,1,0.00183823529411765,1,81.307,0.0153846153846154,"not significant",0
"1022","species","Anser anser","group_char","control","dementia","unpaired",NA,1,1,-0.3094043027188,1,150000,1,-0.0177696078431373,0,-0.0177696078431373,0,45.163,0.0307692307692308,"not significant",0
"1023","species","Apibacter sp. HY039","group_char","control","dementia","unpaired",NA,2,1.91689988541033,-0.302665693112098,0.98840674395504,148261,1,-0.0159313725490196,0,-0.0155486340089814,0,860.739,0.0615384615384615,"not significant",-0.0145305030000183
"1024","species","Apis cerana","group_char","control","dementia","unpaired",NA,3,2.99991694726006,0.867563896050143,0.555409630602463,83311,1,0.0292075163398693,1,0.0290038586779212,1,122.82,0.0153846153846154,"not significant",0.58967340187918
"1025","species","Apis mellifera","group_char","control","dementia","unpaired",NA,5,5,0.0814244113919944,1,150000,1,0.00183823529411765,1,0.00183823529411765,1,151.238,0.0153846153846154,"not significant",0
"1026","species","Apium graveolens","group_char","control","dementia","unpaired",NA,1,1,0.0364141037800815,1,150000,1,0.00183823529411765,1,0.00183823529411765,1,7.564,0.0153846153846154,"not significant",0
"1027","species","Aquarana catesbeiana","group_char","control","dementia","unpaired",NA,2,2,0.0514973194274527,1,150000,1,0.00183823529411765,1,0.00183823529411765,1,83.462,0.0153846153846154,"not significant",0
"1028","species","Arabidopsis thaliana","group_char","control","dementia","unpaired",NA,1,1,0.0364141037800815,1,150000,1,0.00183823529411765,1,0.00183823529411765,1,18.289,0.0153846153846154,"not significant",0
"1029","species","Arachis duranensis","group_char","control","dementia","unpaired",NA,1,1,0.0364141037800815,1,150000,1,0.00183823529411765,1,0.00183823529411765,1,17.537,0.0153846153846154,"not significant",0
"1030","species","Arachis hypogaea","group_char","control","dementia","unpaired",NA,26,25.8393114061009,0.678358654322252,0.791714721901854,118757,1,0.00829562594268477,0.884615384615385,0.00802705811615395,0.863041281963078,1128.899,0.0177514792899408,"not significant",0.264084610778752
"1031","species","Artemia franciscana","group_char","control","dementia","unpaired",NA,2,1.94193981858091,-0.463994053247961,1,150000,1,-0.0177696078431373,0.5,-0.0211600093684065,0.413544761105635,502.996,0.0307692307692308,"not significant",0
"1032","species","Artemisia vulgaris","group_char","control","dementia","unpaired",NA,3,3,0.0630710778591871,1,150000,1,0.00183823529411765,1,0.00183823529411765,1,118.523,0.0153846153846154,"not significant",0
"1033","species","Arthroderma benhamiae","group_char","control","dementia","unpaired",NA,6,5.96039596472124,-0.0774598375984863,1,150000,1,-0.0014297385620915,0.833333333333333,-0.00202539486145966,0.802954862065557,114.352,0.017948717948718,"not significant",0
"1034","species","Arthroderma gypseum","group_char","control","dementia","unpaired",NA,5,5,0.0814244113919944,1,150000,1,0.00183823529411765,1,0.00183823529411765,1,76.813,0.0153846153846154,"not significant",0
"1035","species","Ascaris lumbricoides","group_char","control","dementia","unpaired",NA,2,2,0.0514973194274527,1,150000,1,0.00183823529411765,1,0.00183823529411765,1,166.233,0.0153846153846154,"not significant",0
"1036","species","Ascaris suum","group_char","control","dementia","unpaired",NA,2,2,0.0514973194274527,1,150000,1,0.00183823529411765,1,0.00183823529411765,1,54.239,0.0153846153846154,"not significant",0
"1037","species","Ashduovirus A2","group_char","control","dementia","unpaired",NA,17,16.8799554174292,0.82286190433803,0.780228131812455,117034,1,0.0128676470588235,0.823529411764706,0.0115510281547614,0.791416846948103,399.386,0.0180995475113122,"not significant",0.279021751908276
"1038","species","Aspergillus awamori","group_char","control","dementia","unpaired",NA,1,1,0.313343786592085,1,150000,1,0.0251225490196078,1,0.0251225490196078,1,182.254,0.0615384615384615,"not significant",0
"1039","species","Aspergillus clavatus","group_char","control","dementia","unpaired",NA,9,8.99988980861179,0.572570651366212,0.75702828647809,113554,1,0.0109613289760349,1,0.0108710384134305,1,289.473,0.0153846153846154,"not significant",0.309385516500526
"1040","species","Aspergillus fischeri","group_char","control","dementia","unpaired",NA,3,2.99991694726006,0.867563896050143,0.549256338291078,82388,1,0.0292075163398693,1,0.0290038586779212,1,82.61,0.0153846153846154,"not significant",0.598874858309422
"1041","species","Aspergillus flavus","group_char","control","dementia","unpaired",NA,3,2.99991694726006,0.867563896050143,0.550342997713349,82551,1,0.0292075163398693,1,0.0290038586779212,1,166.593,0.0153846153846154,"not significant",0.597246230425902
"1042","species","Aspergillus fumigatus","group_char","control","dementia","unpaired",NA,21,20.5687658756003,1.71555712745503,0.366230891794055,54934,1,0.0236052754435107,0.952380952380952,0.0235308788245377,0.936010899006309,817.27,0.0197802197802198,"not significant",0.903555980335667
"1043","species","Aspergillus longivesica","group_char","control","dementia","unpaired",NA,2,2,0.0514973194274527,1,150000,1,0.00183823529411765,1,0.00183823529411765,1,232.966,0.0153846153846154,"not significant",0
"1044","species","Aspergillus niger","group_char","control","dementia","unpaired",NA,4,3.9668861996706,1.25267685584779,0.226065159565603,33909,1,0.0379901960784314,1,0.0392337969403563,1,112.082,0.0192307692307692,"not significant",1.21055719070854
"1045","species","Aspergillus oryzae","group_char","control","dementia","unpaired",NA,4,3.96568946340576,-0.127388034426873,1,150000,1,-0.00306372549019608,0.75,-0.00385346681387684,0.709723192492281,206.561,0.0192307692307692,"not significant",0
"1046","species","Aspergillus rhizopodus","group_char","control","dementia","unpaired",NA,1,1,0.0364141037800815,1,150000,1,0.00183823529411765,1,0.00183823529411765,1,44.456,0.0153846153846154,"not significant",0
"1047","species","Aspergillus terreus","group_char","control","dementia","unpaired",NA,3,2.97430651165373,-0.360933479696844,1,150000,1,-0.011233660130719,0.333333333333333,-0.0120927572084919,0.289519382366912,47.318,0.0256410256410256,"not significant",0
"1048","species","Astacus leptodactylus","group_char","control","dementia","unpaired",NA,2,2,0.0514973194274527,1,150000,1,0.00183823529411765,1,0.00183823529411765,1,75.055,0.0153846153846154,"not significant",0
"1049","species","Avena sativa","group_char","control","dementia","unpaired",NA,2,2,0.0514973194274527,1,150000,1,0.00183823529411765,1,0.00183823529411765,1,48.622,0.0153846153846154,"not significant",0
"1050","species","Avian coronavirus","group_char","control","dementia","unpaired",NA,19,18.6613552440253,0.998302363458831,0.643102379317471,96465,1,0.0139641382868937,0.947368421052632,0.0143983079889411,0.938656445824133,2289.38,0.0194331983805668,"not significant",0.463365533664436
"1051","species","Azospirillum sp. CAG:239","group_char","control","dementia","unpaired",NA,2,1.99993747826885,1.03863061666797,0.41055726295158,61583,1,0.0428921568627451,1,0.0426626149818113,1,41.596,0.0153846153846154,"not significant",0.822913363088439
"1052","species","Bacillus anthracis","group_char","control","dementia","unpaired",NA,14,13.242793990707,1.94208547518383,0.131619122539183,19742,1,0.0330882352941176,1,0.0355435179215754,1,1676.736,0.0230769230769231,"not significant",1.50774765979594
"1053","species","Bacillus cereus","group_char","control","dementia","unpaired",NA,104,101.281725269011,1.85687019964617,0.912447250351664,136867,1,0.0124552224736048,0.855769230769231,0.0112571947432825,0.816561155560712,34465.463,0.021301775147929,"not significant",0.109952242242736
"1054","species","Bacillus clarus","group_char","control","dementia","unpaired",NA,3,2.97107939095315,1.40259305598468,0.162392250718329,24358,1,0.0500408496732026,1,0.0508950064497189,1,164.667,0.0205128205128205,"not significant",1.39707090279106
"1055","species","Bacillus manliponensis","group_char","control","dementia","unpaired",NA,2,2,0.0514973194274527,1,150000,1,0.00183823529411765,1,0.00183823529411765,1,393.276,0.0153846153846154,"not significant",0
"1056","species","Bacillus mycoides","group_char","control","dementia","unpaired",NA,9,8.95517941409377,0.873695791555575,0.642095719361871,96314,1,0.0179057734204793,0.888888888888889,0.0168664102027075,0.86669938651213,4115.551,0.0170940170940171,"not significant",0.464770634243208
"1057","species","Bacillus sp. NH11B","group_char","control","dementia","unpaired",NA,1,1,0.943188950512739,0.410417263884907,61562,1,0.0643382352941176,1,0.0643382352941176,1,148.433,0.0307692307692308,"not significant",0.823159557525162
"1058","species","Bacillus subtilis","group_char","control","dementia","unpaired",NA,1,1,0.0364141037800815,1,150000,1,0.00183823529411765,1,0.00183823529411765,1,45.873,0.0153846153846154,"not significant",0
"1059","species","Bacillus thuringiensis","group_char","control","dementia","unpaired",NA,8,7.99989149694024,0.59450424911872,0.635162432250452,95274,1,0.0121017156862745,1,0.0120017104773915,1,362.168,0.0153846153846154,"not significant",0.474473301648034
"1060","species","Bacteroidales bacterium KHT7","group_char","control","dementia","unpaired",NA,3,2.97060127674125,-0.163867938054798,1,150000,1,-0.00469771241830065,0.666666666666667,-0.00561724182026863,0.6197706671663,117.023,0.0205128205128205,"not significant",0
"1061","species","Bacteroides acidifaciens","group_char","control","dementia","unpaired",NA,4,3.96821348784229,0.594124428340409,0.553009646602356,82951,1,0.0174632352941176,1,0.0198854050509511,1,282.085,0.0192307692307692,"not significant",0.593256289606444
"1062","species","Bacteroides caccae","group_char","control","dementia","unpaired",NA,165,159.811465476215,2.38799879744327,0.94327371150859,141491,1,0.0126448306595366,0.866666666666667,0.0119886085872848,0.832168025716212,36038.436,0.0213519813519814,"not significant",0.0711558592878725
"1063","species","Bacteroides caecimuris","group_char","control","dementia","unpaired",NA,42,41.0677725741559,1.219199804845,0.837621082526116,125643,1,0.012984360410831,0.833333333333333,0.0117649781440089,0.79955743077159,337523.912,0.021978021978022,"not significant",0.204937338324421
"1064","species","Bacteroides cellulosilyticus","group_char","control","dementia","unpaired",NA,19,18.2858935680021,0.238374873672428,0.931913787241418,139787,1,0.00551470588235294,0.894736842105263,0.00230204840208556,0.8501518794542,407065.677,0.0226720647773279,"not significant",0.0854372411359098
"1065","species","Bacteroides eggerthii","group_char","control","dementia","unpaired",NA,13,12.3523877263692,0.0134158026961476,0.993526709821934,149029,1,0.00598604826546003,0.615384615384615,-0.00230181891418077,0.54768593707751,2288.654,0.0319526627218935,"not significant",0.00811315509999062
"1066","species","Bacteroides faecalis","group_char","control","dementia","unpaired",NA,1,1,0.0364141037800815,1,150000,1,0.00183823529411765,1,0.00183823529411765,1,74.013,0.0153846153846154,"not significant",0
"1067","species","Bacteroides faecichinchillae","group_char","control","dementia","unpaired",NA,1,1,0.0364141037800815,1,150000,1,0.00183823529411765,1,0.00183823529411765,1,75687.259,0.0153846153846154,"not significant",0
"1068","species","Bacteroides faecis","group_char","control","dementia","unpaired",NA,3,2.97272558684699,0.654519680894476,0.441663722241852,66249,1,0.022671568627451,1,0.0254936794050251,1,57.414,0.0205128205128205,"not significant",0.769386800193861
"1069","species","Bacteroides finegoldii","group_char","control","dementia","unpaired",NA,16,15.5301830591189,0.916830571801829,0.6580022799848,98700,1,0.0150122549019608,0.875,0.0136051665298073,0.856932051862533,1605.416,0.0211538461538462,"not significant",0.442672992508467
"1070","species","Bacteroides fluxus","group_char","control","dementia","unpaired",NA,14,13.831446668134,2.03432339079932,0.173398844007707,26009,1,0.0328256302521008,1,0.0357732400592086,1,702.751,0.0186813186813187,"not significant",1.36136350262192
"1071","species","Bacteroides fragilis","group_char","control","dementia","unpaired",NA,255,250.414413263504,1.93471410350358,0.993413377244152,149012,1,0.00897971933871592,0.811764705882353,0.0069157668413597,0.768389715292215,37780.573,0.0203921568627451,"not significant",0.00825520117916181
"1072","species","Bacteroides helcogenes","group_char","control","dementia","unpaired",NA,7,6.96191255161344,0.499800484426498,0.673442177052153,101016,1,0.0107668067226891,1,0.0123844555973822,1,318.837,0.0175824175824176,"not significant",0.421428547298243
"1073","species","Bacteroides heparinolyticus","group_char","control","dementia","unpaired",NA,5,5,0.0814244113919944,1,150000,1,0.00183823529411765,1,0.00183823529411765,1,222353.962,0.0153846153846154,"not significant",0
"1074","species","Bacteroides intestinalis","group_char","control","dementia","unpaired",NA,3,3,0.0630710778591871,1,150000,1,0.00183823529411765,1,0.00183823529411765,1,103.287,0.0153846153846154,"not significant",0
"1075","species","Bacteroides mediterraneensis","group_char","control","dementia","unpaired",NA,2,1.97943386919572,-0.216834899207932,1,150000,1,-0.0079656862745098,0.5,-0.00896500868430107,0.449034557100645,136.026,0.0230769230769231,"not significant",0
"1076","species","Bacteroides muris (ex Afrizal et al. 2022)","group_char","control","dementia","unpaired",NA,1,1,0.0364141037800815,1,150000,1,0.00183823529411765,1,0.00183823529411765,1,32.146,0.0153846153846154,"not significant",0
"1077","species","Bacteroides nordii","group_char","control","dementia","unpaired",NA,2,2,0.0514973194274527,1,150000,1,0.00183823529411765,1,0.00183823529411765,1,637.138,0.0153846153846154,"not significant",0
"1078","species","Bacteroides oleiciplenus","group_char","control","dementia","unpaired",NA,5,4.99985028267632,1.32866613816657,0.334151105659296,50122,1,0.0346813725490196,1,0.0344612584849552,1,288.542,0.0153846153846154,"not significant",0.965786339074443
"1079","species","Bacteroides ovatus","group_char","control","dementia","unpaired",NA,224,214.527643242839,1.65701507592239,0.996113359244272,149417,1,0.00783438375350145,0.870535714285714,0.00720480284735251,0.831923432394315,1405955.563,0.0221840659340659,"not significant",0.00487120107021584
"1080","species","Bacteroides phage B124-14","group_char","control","dementia","unpaired",NA,11,10.8982377689677,0.545964939920341,0.85316764554903,127975,1,0.0114193404634581,0.727272727272727,0.00957602968521493,0.684271709243125,272.921,0.0195804195804196,"not significant",0.185078269534746
"1081","species","Bacteroides salyersiae","group_char","control","dementia","unpaired",NA,6,4.84607088697826,-1.47702206336368,0.139925733828441,20988,1,-0.0367647058823529,0.666666666666667,-0.0710375777069556,0.484478366711995,928572.57,0.0564102564102564,"not significant",-1.47606764427366
"1082","species","Bacteroides sp. 1_1_30","group_char","control","dementia","unpaired",NA,33,31.6593322289184,0.905238997632404,0.90092066052893,135138,1,0.0115307486631016,0.848484848484849,0.00762651287579847,0.790731263687884,90969.662,0.0214452214452214,"not significant",0.124498408350396
"1083","species","Bacteroides sp. 2_1_22","group_char","control","dementia","unpaired",NA,1,1,1.44030382892098,0.228498476676822,34274,1,0.0839460784313726,1,0.0839460784313726,1,24.212,0.0153846153846154,"not significant",1.20423573766244
"1084","species","Bacteroides sp. 2_2_4","group_char","control","dementia","unpaired",NA,9,8.95589454347394,0.421997257340673,0.837501083326111,125625,1,0.00878267973856209,0.888888888888889,0.00803796408817531,0.866860232840848,490.3,0.0170940170940171,"not significant",0.2050909291097
"1085","species","Bacteroides sp. 3_1_13","group_char","control","dementia","unpaired",NA,14,12.9104862757199,-0.0510515291522828,0.980053466310225,147008,1,0.000962885154061625,0.857142857142857,-0.00530358911378063,0.775633481788783,894.462,0.0252747252747253,"not significant",-0.0250018771729487
"1086","species","Bacteroides sp. 4_1_36","group_char","control","dementia","unpaired",NA,71,68.901776000864,1.60574726785556,0.869347537683082,130402,1,0.0128849074841204,0.901408450704225,0.0125250583733449,0.87544535159952,811399.429,0.0212351029252438,"not significant",0.16448730765991
"1087","species","Bacteroides sp. A1C1","group_char","control","dementia","unpaired",NA,1,1,0.0364141037800815,1,150000,1,0.00183823529411765,1,0.00183823529411765,1,18.43,0.0153846153846154,"not significant",0
"1088","species","Bacteroides sp. AF14-46","group_char","control","dementia","unpaired",NA,4,2.5957106876364,0.397917962233063,0.777454816967887,116618,1,0.0238970588235294,1,0.0170438336577492,1,1772.056,0.126923076923077,"not significant",0.282637387922129
"1089","species","Bacteroides sp. AF16-49","group_char","control","dementia","unpaired",NA,2,1.97943386919572,-0.216834899207932,1,150000,1,-0.0079656862745098,0.5,-0.00896500868430107,0.449034557100645,213.879,0.0230769230769231,"not significant",0
"1090","species","Bacteroides sp. AF25-17LB","group_char","control","dementia","unpaired",NA,1,1,-0.3094043027188,1,150000,1,-0.0177696078431373,0,-0.0177696078431373,0,94.508,0.0307692307692308,"not significant",0
"1091","species","Bacteroides sp. AF26-7BH","group_char","control","dementia","unpaired",NA,1,1,-0.841633534929937,0.56260291598056,84390,1,-0.0569852941176471,0,-0.0569852941176471,0,168.954,0.0615384615384615,"not significant",-0.578979632887919
"1092","species","Bacteroides sp. AF34-31BH","group_char","control","dementia","unpaired",NA,1,1,0.0364141037800815,1,150000,1,0.00183823529411765,1,0.00183823529411765,1,61.299,0.0153846153846154,"not significant",0
"1093","species","Bacteroides sp. AF39-16AC","group_char","control","dementia","unpaired",NA,2,2,0.0514973194274527,1,150000,1,0.00183823529411765,1,0.00183823529411765,1,44.087,0.0153846153846154,"not significant",0
"1094","species","Bacteroides sp. AM56-10ce","group_char","control","dementia","unpaired",NA,1,1,0.0364141037800815,1,150000,1,0.00183823529411765,1,0.00183823529411765,1,39.279,0.0153846153846154,"not significant",0
"1095","species","Bacteroides sp. CAG:443","group_char","control","dementia","unpaired",NA,2,2,0.0514973194274527,1,150000,1,0.00183823529411765,1,0.00183823529411765,1,96.718,0.0153846153846154,"not significant",0
"1096","species","Bacteroides sp. CAG:714","group_char","control","dementia","unpaired",NA,1,1,1.44030382892098,0.231891787388084,34783,1,0.0839460784313726,1,0.0839460784313726,1,71.001,0.0153846153846154,"not significant",1.19549986901506
"1097","species","Bacteroides sp. CAG:754","group_char","control","dementia","unpaired",NA,2,1.86602540378444,0.0746210827470399,1,150000,1,0.00367647058823529,1,0.0041690242507925,1,146.653,0.0461538461538462,"not significant",0
"1098","species","Bacteroides sp. D2","group_char","control","dementia","unpaired",NA,19,18.63054982881,-0.285962247908314,0.968946873687509,145342,1,-0.00209623323013416,0.684210526315789,-0.00455548390019464,0.627171379755786,1618.909,0.0218623481781377,"not significant",-0.0389291526989461
"1099","species","Bacteroides sp. D22","group_char","control","dementia","unpaired",NA,4,3.96568946340576,-0.127388034426873,1,150000,1,-0.00306372549019608,0.75,-0.00385346681387684,0.709723192492281,447.76,0.0192307692307692,"not significant",0
"1100","species","Bacteroides sp. HF-5092","group_char","control","dementia","unpaired",NA,3,3,0.0630710778591871,1,150000,1,0.00183823529411765,1,0.00183823529411765,1,231.985,0.0153846153846154,"not significant",0
"1101","species","Bacteroides sp. HMSC073E02","group_char","control","dementia","unpaired",NA,1,1,0.0364141037800815,1,150000,1,0.00183823529411765,1,0.00183823529411765,1,16.25,0.0153846153846154,"not significant",0
"1102","species","Bacteroides sp. HPS0048","group_char","control","dementia","unpaired",NA,3,2.99991632580717,1.67806609015207,0.12954580302798,19431,1,0.0565767973856209,1,0.0563723791751085,1,101.791,0.0153846153846154,"not significant",1.5158954024917
"1103","species","Bacteroides sp. OM08-11","group_char","control","dementia","unpaired",NA,2,2,-0.437563761161518,1,150000,1,-0.0177696078431373,0,-0.0177696078431373,0,128.388,0.0307692307692308,"not significant",0
"1104","species","Bacteroides stercoris","group_char","control","dementia","unpaired",NA,83,80.6691385012551,1.7374733863976,0.875660828927807,131349,1,0.012882412000945,0.831325301204819,0.0148055232301168,0.792896509123727,135264.824,0.0222428174235403,"not significant",0.156472201999942
"1105","species","Bacteroides thetaiotaomicron","group_char","control","dementia","unpaired",NA,49,46.0774936783227,1.39385927615864,0.778661475590163,116799,1,0.0128176270508203,0.918367346938776,0.0166331059160085,0.889524653510921,14347.866,0.023861852433281,"not significant",0.281063787281795
"1106","species","Bacteroides uniformis","group_char","control","dementia","unpaired",NA,388,376.903947372557,4.31894928029676,0.916360557596283,137454,1,0.0148195876288661,0.896907216494845,0.012519044222105,0.870369967549116,250103.486,0.0201427438540841,"not significant",0.105019220128461
"1107","species","Bacteroides xylanisolvens","group_char","control","dementia","unpaired",NA,92,88.9968565057457,1.52440665490459,0.925740495063366,138861,1,0.0113757459505541,0.847826086956522,0.00900558801664686,0.800807733257161,160878.456,0.0219063545150502,"not significant",0.093205260809889
"1108","species","Bacteroidetes bacterium ADurb.BinA104","group_char","control","dementia","unpaired",NA,2,2,0.0514973194274527,1,150000,1,0.00183823529411765,1,0.00183823529411765,1,181.394,0.0153846153846154,"not significant",0
"1109","species","Bactrocera oleae","group_char","control","dementia","unpaired",NA,1,1,0.0364141037800815,1,150000,1,0.00183823529411765,1,0.00183823529411765,1,27.959,0.0153846153846154,"not significant",0
"1110","species","Barnesiella intestinihominis","group_char","control","dementia","unpaired",NA,164,105.305797255285,1.44860470888105,0.658562276251492,98784,1,0.00773403873744621,0.780487804878049,0.00868941864712561,0.724307411374767,1156221.601,0.0889305816135084,"not significant",0.441899024959302
"1111","species","Barnesiella sp. An22","group_char","control","dementia","unpaired",NA,1,1,0.0364141037800815,1,150000,1,0.00183823529411765,1,0.00183823529411765,1,37.284,0.0153846153846154,"not significant",0
"1112","species","Barnesiella sp. An55","group_char","control","dementia","unpaired",NA,2,1.98087147550815,0.752069658266419,0.410230598462677,61534,1,0.0330882352941176,1,0.0361591136132752,1,131.385,0.0230769230769231,"not significant",0.823487894407429
"1113","species","Barnesiella viscericola","group_char","control","dementia","unpaired",NA,12,11.6025123856814,0.149388960688365,0.95211365257565,142817,1,0.00602532679738562,0.75,0.00278316034321601,0.684993432160659,1553.765,0.0282051282051282,"not significant",0.0600527116585423
"1114","species","Bartonella henselae","group_char","control","dementia","unpaired",NA,38,37.131276398106,0.350634514555911,0.892854047639682,133928,1,0.00509545923632611,0.684210526315789,0.00421654242687503,0.647543875908838,21756.813,0.0246963562753036,"not significant",0.134693708637493
"1115","species","Bartonella quintana","group_char","control","dementia","unpaired",NA,6,5.87956347360619,0.387546427862448,0.661195592029386,99179,1,0.00898692810457516,1,0.0112747288984984,1,181.188,0.0205128205128205,"not significant",0.438263071902516
"1116","species","Bartonella sp. A641","group_char","control","dementia","unpaired",NA,1,1,0.0364141037800815,1,150000,1,0.00183823529411765,1,0.00183823529411765,1,22.068,0.0153846153846154,"not significant",0
"1117","species","Bat Hp-betacoronavirus Zhejiang2013","group_char","control","dementia","unpaired",NA,13,12.6964380474285,0.771625839969407,0.670422197185352,100563,1,0.0165441176470588,0.692307692307692,0.012509015466629,0.635525385102094,2726.315,0.0236686390532544,"not significant",0.425568637735766
"1118","species","Bat coronavirus","group_char","control","dementia","unpaired",NA,9,7.00831140095958,1.21239669930402,0.258098279344804,38714,1,0.0290713507625272,1,0.0481793311177856,1,2117.349,0.0512820512820513,"not significant",1.13089739624844
"1119","species","Bat coronavirus BM48-31/BGR/2008","group_char","control","dementia","unpaired",NA,17,12.6576745495943,1.70705462797999,0.270178198812008,40526,1,0.0383145905420992,0.647058823529412,0.05592671721484,0.696814376034706,9457.025,0.100452488687783,"not significant",1.10265227677947
"1120","species","Bat coronavirus CDPHE15","group_char","control","dementia","unpaired",NA,5,4.68939877022531,-0.644278450150483,0.52556982953447,78835,1,-0.0138480392156863,0.8,-0.0219221147764205,0.697055536600639,151.396,0.0276923076923077,"not significant",-0.634783188009987
"1121","species","Bat coronavirus HKU10","group_char","control","dementia","unpaired",NA,6,5.95938679982042,0.46747272105929,0.807081286124759,121062,1,0.0122549019607843,0.833333333333333,0.0110301690456363,0.802602345994142,338.144,0.017948717948718,"not significant",0.244193080137888
"1122","species","Bat coronavirus HKU4","group_char","control","dementia","unpaired",NA,6,4.63663298058416,0.95436400009482,0.360164265571563,54024,1,0.0290032679738562,1,0.0565323214763054,1,8810.291,0.0692307692307692,"not significant",0.915052126647068
"1123","species","Bat coronavirus HKU5","group_char","control","dementia","unpaired",NA,11,8.82242406156944,1.39598526724072,0.273024846501023,40953,1,0.0337009803921569,0.909090909090909,0.0350311823429112,0.868309100770085,28284.094,0.048951048951049,"not significant",1.0961232378483
"1124","species","Bat coronavirus HKU9","group_char","control","dementia","unpaired",NA,9,8.10071696375814,0.551833512262552,0.613195912027253,91979,1,0.0125953159041394,0.888888888888889,0.020006179804156,0.895373644712841,3337.947,0.0427350427350427,"not significant",0.50551678539524
"1125","species","Beauveria bassiana","group_char","control","dementia","unpaired",NA,3,3,0.0630710778591871,1,150000,1,0.00183823529411765,1,0.00183823529411765,1,85.705,0.0153846153846154,"not significant",0
"1126","species","Beluga whale coronavirus (strain SW1)","group_char","control","dementia","unpaired",NA,8,7.96002489862498,0.959675264024524,0.473336844421037,71000,1,0.0199142156862745,1,0.0210072495393651,1,1118.416,0.0173076923076923,"not significant",0.717060374663079
"1127","species","Bequatrovirus B4","group_char","control","dementia","unpaired",NA,46,45.1276871615308,1.62744557866573,0.770628195812028,115594,1,0.0155051150895141,0.91304347826087,0.0146784707534157,0.88774413257322,506592.457,0.020066889632107,"not significant",0.291553287061292
"1128","species","Bertholletia excelsa","group_char","control","dementia","unpaired",NA,1,1,0.0364141037800815,1,150000,1,0.00183823529411765,1,0.00183823529411765,1,10.048,0.0153846153846154,"not significant",0
"1129","species","Betacoronavirus 1","group_char","control","dementia","unpaired",NA,23,19.6217141786103,1.22828807392658,0.46085026099826,69127,1,0.0237372122762148,0.739130434782609,0.0293209742377706,0.687682248124975,13647.971,0.0682274247491639,"not significant",0.737447496035203
"1130","species","Betainfluenzavirus influenzae","group_char","control","dementia","unpaired",NA,85,70.4118821759576,-1.95239414948127,0.531696455356964,79754,1,-0.00988321799307959,0.694117647058824,-0.0277725518096115,0.615658518277304,19893.752,0.0617194570135747,"not significant",-0.625418451133792
"1131","species","Betula chichibuensis","group_char","control","dementia","unpaired",NA,1,1,0.0364141037800815,1,150000,1,0.00183823529411765,1,0.00183823529411765,1,33.329,0.0153846153846154,"not significant",0
"1132","species","Betula pendula","group_char","control","dementia","unpaired",NA,2,2,0.0514973194274527,1,150000,1,0.00183823529411765,1,0.00183823529411765,1,187.338,0.0153846153846154,"not significant",0
"1133","species","Bifidobacterium adolescentis","group_char","control","dementia","unpaired",NA,70,67.0718237934694,0.875981958328722,0.981200125332498,147180,1,0.00878851540616246,0.814285714285714,0.00553287433897649,0.752799943900624,9196.098,0.0237362637362637,"not significant",0.0235643293096767
"1134","species","Bifidobacterium animalis","group_char","control","dementia","unpaired",NA,13,12.8329781735619,1.32328036688686,0.430970460196932,64645,1,0.0225773001508296,0.923076923076923,0.0248874491886786,0.909827108993093,617.276,0.0189349112426036,"not significant",0.78753207404994
"1135","species","Bifidobacterium bifidum","group_char","control","dementia","unpaired",NA,24,23.8385446510543,0.662130878016565,0.951860320931194,142779,1,0.00883374183006536,0.833333333333333,0.00776190067213047,0.802690593207021,862.458,0.017948717948718,"not significant",0.0603707918617541
"1136","species","Bifidobacterium breve","group_char","control","dementia","unpaired",NA,83,80.2713416121832,1.62152630786849,0.882580782794781,132387,1,0.0126904677533664,0.819277108433735,0.0122257181946616,0.776108500526568,118492.109,0.0231696014828545,"not significant",0.147698414708302
"1137","species","Bifidobacterium callitrichos","group_char","control","dementia","unpaired",NA,2,2,0.0514973194274527,1,150000,1,0.00183823529411765,1,0.00183823529411765,1,30.695,0.0153846153846154,"not significant",0
"1138","species","Bifidobacterium catenulatum","group_char","control","dementia","unpaired",NA,4,3.96568946340576,-0.127388034426873,1,150000,1,-0.00306372549019608,0.75,-0.00385346681387685,0.709723192492281,257.071,0.0192307692307692,"not significant",0
"1139","species","Bifidobacterium dentium","group_char","control","dementia","unpaired",NA,3,2.97060127674125,-0.163867938054799,1,150000,1,-0.00469771241830065,0.666666666666667,-0.00561724182026864,0.6197706671663,471.445,0.0205128205128205,"not significant",0
"1140","species","Bifidobacterium goeldii","group_char","control","dementia","unpaired",NA,1,1,0.0364141037800815,1,150000,1,0.00183823529411765,1,0.00183823529411765,1,23.322,0.0153846153846154,"not significant",0
"1141","species","Bifidobacterium longum","group_char","control","dementia","unpaired",NA,94,85.6103038971376,1.46874658712753,0.931040459730268,139656,1,0.0117725281602003,0.882978723404255,0.00966865457463624,0.828302172465128,594753.265,0.0281505728314239,"not significant",0.0865358487888429
"1142","species","Bifidobacterium moukalabense","group_char","control","dementia","unpaired",NA,4,3.96568946340576,-0.127388034426873,1,150000,1,-0.00306372549019608,0.75,-0.00385346681387684,0.709723192492281,165.05,0.0192307692307692,"not significant",0
"1143","species","Bifidobacterium pseudocatenulatum","group_char","control","dementia","unpaired",NA,9,8.95921606934827,0.919381889531357,0.528769808201279,79315,1,0.0179057734204793,1,0.0189252076006063,1,493.888,0.0170940170940171,"not significant",0.629885029558132
"1144","species","Bifidobacterium reuteri","group_char","control","dementia","unpaired",NA,1,1,-0.3094043027188,1,150000,1,-0.0177696078431373,0,-0.0177696078431373,0,44.377,0.0307692307692308,"not significant",0
"1145","species","Bifidobacterium ruminantium","group_char","control","dementia","unpaired",NA,2,1.99993747826885,1.03863061666797,0.411370590862728,61705,1,0.0428921568627451,1,0.0426626149818113,1,64.097,0.0153846153846154,"not significant",0.821484075927122
"1146","species","Bifidobacterium saguini","group_char","control","dementia","unpaired",NA,2,1.97943386919572,-0.216834899207932,1,150000,1,-0.0079656862745098,0.5,-0.00896500868430107,0.449034557100645,94.397,0.0230769230769231,"not significant",0
"1147","species","Bifidobacterium scardovii","group_char","control","dementia","unpaired",NA,1,1,0.0364141037800815,1,150000,1,0.00183823529411765,1,0.00183823529411765,1,28.426,0.0153846153846154,"not significant",0
"1148","species","Blattella germanica","group_char","control","dementia","unpaired",NA,12,11.620107125567,2.38057016834735,0.0715928560476263,10738,1,0.0470792483660131,0.916666666666667,0.0542558479839345,0.898672593667424,6136.936,0.0282051282051282,"not significant",1.80169848841257
"1149","species","Blautia hansenii","group_char","control","dementia","unpaired",NA,2,2,0.0514973194274527,1,150000,1,0.00183823529411765,1,0.00183823529411765,1,41.436,0.0153846153846154,"not significant",0
"1150","species","Blautia luti","group_char","control","dementia","unpaired",NA,6,5.87468614298325,-0.392297338537822,0.742808381277458,111421,1,-0.00796568627450981,0.666666666666667,-0.0101512121170594,0.60194566735737,1118.058,0.0230769230769231,"not significant",-0.328136600763624
"1151","species","Blautia obeum","group_char","control","dementia","unpaired",NA,159,152.077238794798,3.15332216417251,0.728388477410151,109258,1,0.0166597299297078,0.867924528301887,0.0188594544406264,0.843387013385527,48395.399,0.0236090953072085,"not significant",0.34727001213789
"1152","species","Blautia producta","group_char","control","dementia","unpaired",NA,129,112.708432982357,0.739312033061747,0.923387177418817,138508,1,0.0072531919744642,0.775193798449612,0.00160806251078301,0.687703611195731,27523.863,0.0341085271317829,"not significant",0.0961679595466927
"1153","species","Blautia pseudococcoides","group_char","control","dementia","unpaired",NA,19,18.5071469220211,0.561645408151439,0.836541089726068,125481,1,0.00983617131062951,0.842105263157895,0.00788574073160478,0.796928973498055,3886.825,0.0226720647773279,"not significant",0.206319829899898
"1154","species","Blautia sp. AF19-1","group_char","control","dementia","unpaired",NA,1,1,0.0364141037800815,1,150000,1,0.00183823529411765,1,0.00183823529411765,1,245.088,0.0153846153846154,"not significant",0
"1155","species","Blautia sp. AF19-10LB","group_char","control","dementia","unpaired",NA,1,1,1.44030382892098,0.230218465210232,34532,1,0.0839460784313726,1,0.0839460784313726,1,13.109,0.0153846153846154,"not significant",1.19979629047852
"1156","species","Blautia sp. AF19-13LB","group_char","control","dementia","unpaired",NA,2,1.94193981858091,-0.463994053247961,0.89022739848401,133534,1,-0.0177696078431373,0.5,-0.0211600093684065,0.413544761105635,319817.13,0.0307692307692308,"not significant",-0.138016473107318
"1157","species","Blautia sp. AF26-2","group_char","control","dementia","unpaired",NA,1,1,0.0364141037800815,1,150000,1,0.00183823529411765,1,0.00183823529411765,1,72.55,0.0153846153846154,"not significant",0
"1158","species","Blautia sp. AM23-13AC","group_char","control","dementia","unpaired",NA,1,1,0.0364141037800815,1,150000,1,0.00183823529411765,1,0.00183823529411765,1,78.015,0.0153846153846154,"not significant",0
"1159","species","Blautia sp. KLE 1732","group_char","control","dementia","unpaired",NA,8,7.92999049519103,0.282533479183903,0.891494056706289,133724,1,0.00719975490196079,0.75,0.00575598971792456,0.709340863234986,778.854,0.0192307692307692,"not significant",0.13641393678548
"1160","species","Blautia sp. OF03-13","group_char","control","dementia","unpaired",NA,1,1,0.0364141037800815,1,150000,1,0.00183823529411765,1,0.00183823529411765,1,52.329,0.0153846153846154,"not significant",0
"1161","species","Blautia sp. OF03-15BH","group_char","control","dementia","unpaired",NA,2,1.97867988657699,1.64008380716639,0.0898060679595469,13470,1,0.0741421568627451,1,0.0731244872330561,1,499.373,0.0230769230769231,"not significant",1.696421589474
"1162","species","Blautia sp. SF-50","group_char","control","dementia","unpaired",NA,3,2.99991632580717,1.67806609015207,0.129999133339111,19499,1,0.0565767973856209,1,0.0563723791751085,1,243.694,0.0153846153846154,"not significant",1.51410530521977
"1163","species","Blautia wexlerae","group_char","control","dementia","unpaired",NA,38,37.1440205271132,0.658126477649487,0.953846974353504,143077,1,0.00757868937048503,0.815789473684211,0.00746914908540559,0.780991738328218,4342.134,0.0210526315789474,"not significant",0.05787653473394
"1164","species","Blomia tropicalis","group_char","control","dementia","unpaired",NA,5,4.96140005391126,0.492764175005623,0.67872880847461,101809,1,0.0143382352941176,0.8,0.0127924668911631,0.764756831680128,547.322,0.0184615384615385,"not significant",0.414198406846392
"1165","species","Bombus hypocrita","group_char","control","dementia","unpaired",NA,3,2.99991694726006,0.867563896050143,0.411890587396084,61783,1,0.0292075163398693,1,0.0290038586779212,1,285.413,0.0153846153846154,"not significant",0.820571148235504
"1166","species","Bombus ignitus","group_char","control","dementia","unpaired",NA,1,1,1.44030382892098,0.231145125699162,34671,1,0.0839460784313726,1,0.0839460784313726,1,22.623,0.0153846153846154,"not significant",1.19741426652098
"1167","species","Bombyx mori","group_char","control","dementia","unpaired",NA,2,2,0.0514973194274527,1,150000,1,0.00183823529411765,1,0.00183823529411765,1,279.795,0.0153846153846154,"not significant",0
"1168","species","Bordetella bronchiseptica","group_char","control","dementia","unpaired",NA,9,8.99980668885102,1.03704267417046,0.615435897094019,92315,1,0.0200844226579521,1,0.0199262184565295,1,2618.442,0.0153846153846154,"not significant",0.502329307148266
"1169","species","Bordetella parapertussis","group_char","control","dementia","unpaired",NA,1,1,0.313343786592085,1,150000,1,0.0251225490196078,1,0.0251225490196078,1,128.729,0.0615384615384615,"not significant",0
"1170","species","Bordetella pertussis","group_char","control","dementia","unpaired",NA,25,19.4418825235248,-0.52850685931948,0.76886154092306,115329,1,-0.0020343137254902,0.88,-0.0276087873722136,0.721178453993958,4247.825,0.0467692307692308,"not significant",-0.293864375620625
"1171","species","Borreliella burgdorferi","group_char","control","dementia","unpaired",NA,13,12.7367480301436,1.70275004876189,0.267184885434097,40077,1,0.0306843891402715,0.923076923076923,0.0299956313699759,0.900349832377084,2293.043,0.0224852071005917,"not significant",1.10956879220411
"1172","species","Bos mutus","group_char","control","dementia","unpaired",NA,6,5.90989336115677,-0.653255121566714,0.726668488876741,109000,1,-0.0145016339869281,0.333333333333333,-0.0161624431068787,0.281725130229644,245.004,0.0282051282051282,"not significant",-0.349560593787028
"1173","species","Bos taurus","group_char","control","dementia","unpaired",NA,48,40.2634255338991,-1.58673952025918,0.52932980446797,79399,1,-0.013531454248366,0.541666666666667,-0.0258015889035662,0.408975583434819,10787.395,0.0516025641025641,"not significant",-0.629029406708457
"1174","species","Bothrops asper","group_char","control","dementia","unpaired",NA,1,1,0.0364141037800815,1,150000,1,0.00183823529411765,1,0.00183823529411765,1,22.885,0.0153846153846154,"not significant",0
"1175","species","Brachypodium distachyon","group_char","control","dementia","unpaired",NA,4,3.99990569011157,2.17273357501601,0.232318451210325,34847,1,0.0634191176470588,1,0.0632464786041382,1,72.185,0.0153846153846154,"not significant",1.1944078919851
"1176","species","Brassica juncea","group_char","control","dementia","unpaired",NA,1,1,0.0364141037800815,1,150000,1,0.00183823529411765,1,0.00183823529411765,1,26.303,0.0153846153846154,"not significant",0
"1177","species","Brucella abortus","group_char","control","dementia","unpaired",NA,2,2,0.0514973194274527,1,150000,1,0.00183823529411765,1,0.00183823529411765,1,73.792,0.0153846153846154,"not significant",0
"1178","species","Brucella anthropi","group_char","control","dementia","unpaired",NA,1,1,0.0364141037800815,1,150000,1,0.00183823529411765,1,0.00183823529411765,1,107.01,0.0153846153846154,"not significant",0
"1179","species","Brucella melitensis","group_char","control","dementia","unpaired",NA,4,3.89640653888332,1.04978323150822,0.305011299924667,45751,1,0.0330882352941176,1,0.0340455060719202,1,6578.935,0.0230769230769231,"not significant",1.02574605437224
"1180","species","Brucella suis","group_char","control","dementia","unpaired",NA,1,1,0.0364141037800815,1,150000,1,0.00183823529411765,1,0.00183823529411765,1,23.342,0.0153846153846154,"not significant",0
"1181","species","Brussowvirus ALQ132","group_char","control","dementia","unpaired",NA,20,19.5026769281598,0.803419236283209,0.797788014746568,119668,1,0.0113970588235294,0.95,0.01137938279132,0.93368807800781,27379.7,0.0207692307692308,"not significant",0.256210871179077
"1182","species","Brussowvirus TP778L","group_char","control","dementia","unpaired",NA,18,17.1311074186407,0.288455969577609,0.930247131685789,139537,1,0.00571895424836601,0.833333333333333,0.00242632580546613,0.763173038674768,1108.199,0.0230769230769231,"not significant",0.0875339111299037
"1183","species","BtRf-AlphaCoV/YN2012","group_char","control","dementia","unpaired",NA,7,6.23304449530521,-0.753120500748176,0.516743221711855,77511,1,-0.0151435574229692,0.571428571428571,-0.0201624128045011,0.558009908794008,50012.263,0.0747252747252747,"not significant",-0.648373784698418
"1184","species","Bubalus bubalis","group_char","control","dementia","unpaired",NA,12,10.7978875224227,-0.978375305588373,0.542229718468544,81334,1,-0.0178717320261438,0.333333333333333,-0.0253896333340409,0.240139193168329,2378.978,0.0576923076923077,"not significant",-0.609444697601125
"1185","species","Bulbul coronavirus HKU11","group_char","control","dementia","unpaired",NA,7,6.93889303912006,1.37210542357394,0.213845241031726,32076,1,0.0314250700280112,1,0.0332787355775096,1,369.916,0.0197802197802198,"not significant",1.24306131160004
"1186","species","Burkholderia mallei","group_char","control","dementia","unpaired",NA,7,6.86870323231793,-0.484464104343026,0.783801441323725,117570,1,-0.00936624649859944,0.571428571428571,-0.0113386653699914,0.508122457525263,385.036,0.0241758241758242,"not significant",-0.274368508499878
"1187","species","Burkholderia multivorans","group_char","control","dementia","unpaired",NA,2,2,0.0514973194274527,1,150000,1,0.00183823529411765,1,0.00183823529411765,1,47.44,0.0153846153846154,"not significant",0
"1188","species","Burkholderia pseudomallei","group_char","control","dementia","unpaired",NA,25,24.6459086512573,2.26484375774247,0.217271884854101,32590,1,0.0274754901960784,0.96,0.0296750712260134,0.952721516930835,22110.33,0.0184615384615385,"not significant",1.23381490288799
"1189","species","Burkholderia sp. ABCPW 14","group_char","control","dementia","unpaired",NA,2,1.97943386919572,-0.216834899207932,1,150000,1,-0.0079656862745098,0.5,-0.00896500868430107,0.449034557100645,164.757,0.0230769230769231,"not significant",0
"1190","species","Butyricicoccus pullicaecorum","group_char","control","dementia","unpaired",NA,1,1,1.44030382892098,0.23055846294358,34583,1,0.0839460784313726,1,0.0839460784313726,1,33.791,0.0153846153846154,"not significant",1.19892152031499
"1191","species","Butyricimonas sp. An62","group_char","control","dementia","unpaired",NA,1,1,0.0364141037800815,1,150000,1,0.00183823529411765,1,0.00183823529411765,1,18.357,0.0153846153846154,"not significant",0
"1192","species","Callinectes sapidus","group_char","control","dementia","unpaired",NA,1,1,0.0364141037800815,1,150000,1,0.00183823529411765,1,0.00183823529411765,1,107.708,0.0153846153846154,"not significant",0
"1193","species","Camelus dromedarius","group_char","control","dementia","unpaired",NA,4,3.95582455816439,1.62690348559751,0.176978820141199,26546,1,0.0536151960784314,0.75,0.0503272142869085,0.72256849974179,72.884,0.0230769230769231,"not significant",1.35011586503671
"1194","species","Campylobacter aviculae","group_char","control","dementia","unpaired",NA,3,2.97107939095316,1.40259305598468,0.269991533389777,40498,1,0.0500408496732026,1,0.0508950064497189,1,885.167,0.0205128205128205,"not significant",1.10308205408125
"1195","species","Campylobacter coli","group_char","control","dementia","unpaired",NA,53,50.2329551536658,0.481125721355479,0.98560009599936,147840,1,0.00637023677395486,0.773584905660377,0.00455522921423284,0.727873916110361,421350.246,0.0264150943396226,"not significant",0.0180485831038346
"1196","species","Campylobacter concisus","group_char","control","dementia","unpaired",NA,1,1,0.0364141037800815,1,150000,1,0.00183823529411765,1,0.00183823529411765,1,33.921,0.0153846153846154,"not significant",0
"1197","species","Campylobacter cuniculorum","group_char","control","dementia","unpaired",NA,1,1,-0.593431060140572,1,150000,1,-0.0373774509803922,0,-0.0373774509803922,0,220.107,0.0461538461538462,"not significant",0
"1198","species","Campylobacter estrildidarum","group_char","control","dementia","unpaired",NA,1,1,1.44030382892098,0.230038466410224,34505,1,0.0839460784313726,1,0.0839460784313726,1,51.778,0.0153846153846154,"not significant",1.2002597760121
"1199","species","Campylobacter jejuni","group_char","control","dementia","unpaired",NA,78,77.3246962992518,2.02213890795588,0.825521163192245,123828,1,0.0141088486676722,0.897435897435897,0.0138690634121447,0.87874022755116,162018.607,0.0181459566074951,"not significant",0.22044941634173
"1200","species","Campylobacter novaezeelandiae","group_char","control","dementia","unpaired",NA,1,1,0.0364141037800815,1,150000,1,0.00183823529411765,1,0.00183823529411765,1,34.312,0.0153846153846154,"not significant",0
"1201","species","Campylobacter sp. 110","group_char","control","dementia","unpaired",NA,1,1,0.0364141037800815,1,150000,1,0.00183823529411765,1,0.00183823529411765,1,229.699,0.0153846153846154,"not significant",0
"1202","species","Candida albicans","group_char","control","dementia","unpaired",NA,7,6.93567761101245,-0.203932838162169,1,150000,1,-0.0037640056022409,0.714285714285714,-0.00461704368098296,0.670780772269869,848.29,0.0197802197802198,"not significant",0
"1203","species","Candidatus Gastranaerophilales bacterium","group_char","control","dementia","unpaired",NA,10,9.71831311254781,-0.628718367300293,0.613175912160586,91976,1,-0.0099264705882353,0.7,-0.0129860190650382,0.621981513841527,2992.655,0.0246153846153846,"not significant",-0.505545268120409
"1204","species","Canis lupus","group_char","control","dementia","unpaired",NA,1,1,0.0364141037800815,1,150000,1,0.00183823529411765,1,0.00183823529411765,1,12.316,0.0153846153846154,"not significant",0
"1205","species","Capra hircus","group_char","control","dementia","unpaired",NA,3,2.7023254943942,0.379815624893273,0.70744861700922,106117,1,0.0185866013071895,1,0.0183957794009117,1,265.872,0.0666666666666667,"not significant",0.375284870326448
"1206","species","Carica papaya","group_char","control","dementia","unpaired",NA,5,4.85524712897454,0.67921156622376,0.475283498110013,71292,1,0.0189950980392157,1,0.0226232997981172,1,538.041,0.0276923076923077,"not significant",0.713908925060606
"1207","species","Carpinus betulus","group_char","control","dementia","unpaired",NA,1,1,0.0364141037800815,1,150000,1,0.00183823529411765,1,0.00183823529411765,1,11.728,0.0153846153846154,"not significant",0
"1208","species","Carya illinoinensis","group_char","control","dementia","unpaired",NA,3,3,0.0630710778591871,1,150000,1,0.00183823529411765,1,0.00183823529411765,1,1781.156,0.0153846153846154,"not significant",0
"1209","species","Casadabanvirus D3112","group_char","control","dementia","unpaired",NA,8,7.95600148410716,0.911364830008484,0.576542823047846,86481,1,0.0199142156862745,0.875,0.0186980513200083,0.850452644235644,946.148,0.0173076923076923,"not significant",0.558441672798267
"1210","species","Castanea sativa","group_char","control","dementia","unpaired",NA,2,1.97943386919572,-0.216834899207932,1,150000,1,-0.0079656862745098,0.5,-0.00896500868430107,0.449034557100645,199.031,0.0230769230769231,"not significant",0
"1211","species","Cavia porcellus","group_char","control","dementia","unpaired",NA,1,1,0.0364141037800815,1,150000,1,0.00183823529411765,1,0.00183823529411765,1,21.598,0.0153846153846154,"not significant",0
"1212","species","Cequinquevirus Ld17","group_char","control","dementia","unpaired",NA,15,14.274309895573,1.53553594080992,0.34930433797108,52395,1,0.0257761437908497,1,0.0303742385021038,1,24054.417,0.0266666666666667,"not significant",0.93593950059293
"1213","species","Cequinquevirus c5","group_char","control","dementia","unpaired",NA,4,3.14019605050287,1.06781023202707,0.317517883214112,47627,1,0.0407475490196078,1,0.0760118707073934,1,357892.427,0.0653846153846154,"not significant",0.99957157846452
"1214","species","Chenopodium album","group_char","control","dementia","unpaired",NA,1,1,0.0364141037800815,1,150000,1,0.00183823529411765,1,0.00183823529411765,1,16,0.0153846153846154,"not significant",0
"1215","species","Chikungunya virus","group_char","control","dementia","unpaired",NA,1,1,1.44030382892098,0.230951793654709,34642,1,0.0839460784313726,1,0.0839460784313726,1,4.213,0.0153846153846154,"not significant",1.19791067453281
"1216","species","China Rattus coronavirus HKU24","group_char","control","dementia","unpaired",NA,14,11.4276358659701,2.28241384317022,0.0885927427150486,13288,1,0.0505077030812325,0.928571428571429,0.0732404855817937,0.941372016843312,8542.731,0.0692307692307692,"not significant",1.70286816564242
"1217","species","Chionoecetes opilio","group_char","control","dementia","unpaired",NA,1,1,0.0364141037800815,1,150000,1,0.00183823529411765,1,0.00183823529411765,1,758.762,0.0153846153846154,"not significant",0
"1218","species","Chlamydia pneumoniae","group_char","control","dementia","unpaired",NA,5,5,0.0814244113919944,1,150000,1,0.00183823529411765,1,0.00183823529411765,1,240.72,0.0153846153846154,"not significant",0
"1219","species","Chlamydia trachomatis","group_char","control","dementia","unpaired",NA,33,31.6427866227548,-1.18603742788873,0.608042613049246,91206,1,-0.00993389780154486,0.696969696969697,-0.0143720691722531,0.619627038530822,8246.365,0.0265734265734266,"not significant",-0.512869495272962
"1220","species","Chlorocebus sabaeus","group_char","control","dementia","unpaired",NA,1,1,0.0364141037800815,1,150000,1,0.00183823529411765,1,0.00183823529411765,1,13.38,0.0153846153846154,"not significant",0
"1221","species","Christensenella minuta","group_char","control","dementia","unpaired",NA,2,2,0.0514973194274527,1,150000,1,0.00183823529411765,1,0.00183823529411765,1,110.858,0.0153846153846154,"not significant",0
"1222","species","Cicer arietinum","group_char","control","dementia","unpaired",NA,2,1.97943386919572,-0.216834899207932,1,150000,1,-0.0079656862745098,0.5,-0.00896500868430107,0.449034557100645,53.361,0.0230769230769231,"not significant",0
"1223","species","Cimex lectularius","group_char","control","dementia","unpaired",NA,2,1.93835763051867,0.337062293214476,1,150000,1,0.0232843137254902,0.5,0.0124665436090793,0.410835349343522,107.346,0.0307692307692308,"not significant",0
"1224","species","Citrobacter amalonaticus","group_char","control","dementia","unpaired",NA,1,1,0.0364141037800815,1,150000,1,0.00183823529411765,1,0.00183823529411765,1,13.571,0.0153846153846154,"not significant",0
"1225","species","Citrobacter freundii","group_char","control","dementia","unpaired",NA,1,1,0.0364141037800815,1,150000,1,0.00183823529411765,1,0.00183823529411765,1,27.41,0.0153846153846154,"not significant",0
"1226","species","Citrobacter koseri","group_char","control","dementia","unpaired",NA,2,2,0.0514973194274527,1,150000,1,0.00183823529411765,1,0.00183823529411765,1,31.515,0.0153846153846154,"not significant",0
"1227","species","Cladosporium cladosporioides","group_char","control","dementia","unpaired",NA,2,1.97943386919572,-0.216834899207932,1,150000,1,-0.0079656862745098,0.5,-0.00896500868430107,0.449034557100645,96.239,0.0230769230769231,"not significant",0
"1228","species","Clostridia bacterium","group_char","control","dementia","unpaired",NA,1,1,0.0364141037800815,1,150000,1,0.00183823529411765,1,0.00183823529411765,1,38.404,0.0153846153846154,"not significant",0
"1229","species","Clostridia bacterium UC5.1-1D1","group_char","control","dementia","unpaired",NA,5,4.565061421559,-0.94042690379866,0.388910740595063,58336,1,-0.0209558823529412,0.6,-0.0359852984896847,0.503906390420977,2347.779,0.0461538461538462,"not significant",-0.861594423796788
"1230","species","Clostridiaceae bacterium","group_char","control","dementia","unpaired",NA,4,4,0.0728282075601631,1,150000,1,0.00183823529411765,1,0.00183823529411765,1,359.925,0.0153846153846154,"not significant",0
"1231","species","Clostridiales bacterium","group_char","control","dementia","unpaired",NA,35,34.4757172335038,1.34855586206163,0.767048219678535,115057,1,0.0150035014005602,0.857142857142857,0.0137151174949735,0.824232663085729,71962.597,0.0197802197802198,"not significant",0.296238145352638
"1232","species","Clostridiales bacterium 36_14","group_char","control","dementia","unpaired",NA,2,1.99993747826885,1.03863061666797,0.410183932107119,61527,1,0.0428921568627451,1,0.0426626149818113,1,438.162,0.0153846153846154,"not significant",0.823569992499769
"1233","species","Clostridiales bacterium 41_12_two_minus","group_char","control","dementia","unpaired",NA,1,1,0.0364141037800815,1,150000,1,0.00183823529411765,1,0.00183823529411765,1,73.693,0.0153846153846154,"not significant",0
"1234","species","Clostridiales bacterium 44_9","group_char","control","dementia","unpaired",NA,1,1,0.0364141037800815,1,150000,1,0.00183823529411765,1,0.00183823529411765,1,33.523,0.0153846153846154,"not significant",0
"1235","species","Clostridiales bacterium KLE1615","group_char","control","dementia","unpaired",NA,6,5.99989656817204,0.657004837909836,0.614869234205105,92230,1,0.0155228758169935,1,0.0153958261257618,1,200.376,0.0153846153846154,"not significant",0.503135179858211
"1236","species","Clostridioides difficile","group_char","control","dementia","unpaired",NA,14,13.8879473730504,0.517958205223046,0.877374150838994,131606,1,0.00936624649859944,0.785714285714286,0.0079924452872453,0.748887330952518,2341.556,0.0186813186813187,"not significant",0.154298790625523
"1237","species","Clostridium botulinum","group_char","control","dementia","unpaired",NA,2,1.97943386919572,-0.216834899207932,1,150000,1,-0.0079656862745098,0.5,-0.00896500868430107,0.449034557100645,91.297,0.0230769230769231,"not significant",0
"1238","species","Clostridium perfringens","group_char","control","dementia","unpaired",NA,158,130.189825937712,-1.51636534188091,0.770434863767575,115565,1,-0.00189252916356416,0.791139240506329,-0.0228228495732408,0.680093323730883,95965.599,0.0399221032132425,"not significant",-0.291806122548341
"1239","species","Clostridium phage phiCP34O","group_char","control","dementia","unpaired",NA,10,9.92280010782251,0.696873779344541,0.726001826654489,108900,1,0.0143382352941176,0.8,0.0127924668911631,0.764756831680129,1226.066,0.0184615384615385,"not significant",0.350448908910405
"1240","species","Clostridium phage phiCT19406A","group_char","control","dementia","unpaired",NA,23,22.8075110334872,1.69147429029774,0.394910700595329,59236,1,0.0217124893435635,0.91304347826087,0.0231371684852228,0.898989320177764,95598.779,0.0193979933110368,"not significant",0.850745574722001
"1241","species","Clostridium phage phiCT19406C","group_char","control","dementia","unpaired",NA,15,14.7920196040161,1.42250681235392,0.339957733615109,50993,1,0.022671568627451,0.933333333333333,0.0237101737359267,0.923555998140349,1088.56,0.0205128205128205,"not significant",0.954248769206258
"1242","species","Clostridium scindens (strain JCM 10418 / VPI 12708)","group_char","control","dementia","unpaired",NA,3,2.90403298701165,0.49153864021747,0.583596109359271,87539,1,0.0238970588235294,0.666666666666667,0.0294296375756868,0.644625613970953,84410.796,0.041025641025641,"not significant",0.548139515563225
"1243","species","Clostridium sp. 26_21","group_char","control","dementia","unpaired",NA,4,3.91131668006731,-0.488928226409515,0.678922140519063,101838,1,-0.0128676470588235,0.5,-0.0153133833965728,0.430559566465174,645.499,0.0269230769230769,"not significant",-0.413934412945769
"1244","species","Clostridium sp. AF34-10BH","group_char","control","dementia","unpaired",NA,2,1.99993747826885,1.03863061666797,0.408850607662616,61327,1,0.0428921568627451,1,0.0426626149818113,1,95.324,0.0153846153846154,"not significant",0.825918002503811
"1245","species","Clostridium sp. AF36-4","group_char","control","dementia","unpaired",NA,1,1,1.44030382892098,0.231278458143612,34691,1,0.0839460784313726,1,0.0839460784313726,1,123.9,0.0153846153846154,"not significant",1.19707208801265
"1246","species","Clostridium sp. AF37-5","group_char","control","dementia","unpaired",NA,8,7.95678419090075,0.43367432446055,0.894094039373071,134114,1,0.00965073529411765,0.875,0.0087925672393296,0.850655058198605,1019.219,0.0173076923076923,"not significant",0.133125612762461
"1247","species","Clostridium sp. CAG:1219","group_char","control","dementia","unpaired",NA,1,1,0.0364141037800815,1,150000,1,0.00183823529411765,1,0.00183823529411765,1,251.24,0.0153846153846154,"not significant",0
"1248","species","Clostridium sp. CAG:138","group_char","control","dementia","unpaired",NA,2,2,0.0514973194274527,1,150000,1,0.00183823529411765,1,0.00183823529411765,1,96.554,0.0153846153846154,"not significant",0
"1249","species","Clostridium sp. CAG:167","group_char","control","dementia","unpaired",NA,1,1,-0.3094043027188,1,150000,1,-0.0177696078431373,0,-0.0177696078431373,0,4.085,0.0307692307692308,"not significant",0
"1250","species","Clostridium sp. CAG:288","group_char","control","dementia","unpaired",NA,5,5,0.0814244113919944,1,150000,1,0.00183823529411765,1,0.00183823529411765,1,437.291,0.0153846153846154,"not significant",0
"1251","species","Clostridium sp. CAG:302","group_char","control","dementia","unpaired",NA,2,2,0.0514973194274527,1,150000,1,0.00183823529411765,1,0.00183823529411765,1,78.342,0.0153846153846154,"not significant",0
"1252","species","Clostridium sp. CAG:448","group_char","control","dementia","unpaired",NA,1,1,-0.3094043027188,1,150000,1,-0.0177696078431373,0,-0.0177696078431373,0,172.004,0.0307692307692308,"not significant",0
"1253","species","Clostridium sp. CAG:571","group_char","control","dementia","unpaired",NA,1,1,-0.3094043027188,1,150000,1,-0.0177696078431373,0,-0.0177696078431373,0,119.647,0.0307692307692308,"not significant",0
"1254","species","Clostridium sp. CAG:575","group_char","control","dementia","unpaired",NA,1,1,0.0364141037800815,1,150000,1,0.00183823529411765,1,0.00183823529411765,1,47.921,0.0153846153846154,"not significant",0
"1255","species","Clostridium sp. CAG:609","group_char","control","dementia","unpaired",NA,1,1,1.58990168094744,0.13235245098366,19852,1,0.126838235294118,1,0.126838235294118,1,129.898,0.0461538461538462,"not significant",1.50488964496987
"1256","species","Clostridium sp. CAG:62","group_char","control","dementia","unpaired",NA,29,28.6097212431147,0.389395408676233,0.966693555376298,145004,1,0.00492308992562542,0.862068965517241,0.00476888959327172,0.833992817318412,30762.096,0.0196286472148541,"not significant",0.0417555684015332
"1257","species","Clostridium sp. CAG:678","group_char","control","dementia","unpaired",NA,1,1,1.44030382892098,0.230378464143572,34556,1,0.0839460784313726,1,0.0839460784313726,1,99.998,0.0153846153846154,"not significant",1.19938451960268
"1258","species","Clostridium sp. D5","group_char","control","dementia","unpaired",NA,2,2,0.0514973194274527,1,150000,1,0.00183823529411765,1,0.00183823529411765,1,54.701,0.0153846153846154,"not significant",0
"1259","species","Clostridium sp. L2-50","group_char","control","dementia","unpaired",NA,3,2.97060127674125,-0.163867938054799,1,150000,1,-0.00469771241830065,0.666666666666667,-0.00561724182026864,0.6197706671663,3684.935,0.0205128205128205,"not significant",0
"1260","species","Clostridium symbiosum","group_char","control","dementia","unpaired",NA,4,3.96568946340576,-0.127388034426873,1,150000,1,-0.00306372549019608,0.75,-0.00385346681387684,0.709723192492281,237.252,0.0192307692307692,"not significant",0
"1261","species","Clostridium tetani","group_char","control","dementia","unpaired",NA,8,6.75707150745925,-1.28948180078088,0.311017926547156,46652,1,-0.024203431372549,0.625,-0.0519157828163828,0.457985113413091,4255.537,0.0519230769230769,"not significant",-1.01308842504704
"1262","species","Cochliobolus lunatus","group_char","control","dementia","unpaired",NA,1,1,0.0364141037800815,1,150000,1,0.00183823529411765,1,0.00183823529411765,1,35.841,0.0153846153846154,"not significant",0
"1263","species","Collinsella aerofaciens","group_char","control","dementia","unpaired",NA,8,7.95927247322987,1.43868085853748,0.206398624009173,30959,1,0.0301776960784314,1,0.030940240084534,1,247.566,0.0173076923076923,"not significant",1.26353041271633
"1264","species","Collinsella sp.","group_char","control","dementia","unpaired",NA,2,1.86762449008929,0.848920115399007,0.518676542156386,77801,1,0.0447303921568627,1,0.0561496250004218,1,357.122,0.0461538461538462,"not significant",0.64538682037868
"1265","species","Collinsella sp. 4_8_47FAA","group_char","control","dementia","unpaired",NA,1,1,0.0364141037800815,1,150000,1,0.00183823529411765,1,0.00183823529411765,1,18616.596,0.0153846153846154,"not significant",0
"1266","species","Collinsella tanakaei","group_char","control","dementia","unpaired",NA,1,1,0.0364141037800815,1,150000,1,0.00183823529411765,1,0.00183823529411765,1,114.661,0.0153846153846154,"not significant",0
"1267","species","Colunavirus CL1","group_char","control","dementia","unpaired",NA,11,10.9216897859114,0.276193631925564,0.881507456616956,132226,1,0.00573752228163993,0.818181818181818,0.00472886513284458,0.785543481611299,1095.66,0.0181818181818182,"not significant",0.14905851972787
"1268","species","Common moorhen coronavirus HKU21","group_char","control","dementia","unpaired",NA,3,2.97593209034937,1.09437031084407,0.327304484636769,49095,1,0.0435049019607843,0.666666666666667,0.045713668598833,0.642882127473985,272.002,0.0256410256410256,"not significant",0.979557718247446
"1269","species","Coprinus comatus","group_char","control","dementia","unpaired",NA,2,2,0.0514973194274527,1,150000,1,0.00183823529411765,1,0.00183823529411765,1,37.759,0.0153846153846154,"not significant",0
"1270","species","Coprococcus catus","group_char","control","dementia","unpaired",NA,18,17.6836294183042,0.361572908866746,0.84882767448217,127324,1,0.0068082788671024,0.722222222222222,0.00544135478611433,0.679108157715155,1937.807,0.0222222222222222,"not significant",0.190614442119376
"1271","species","Coprococcus comes","group_char","control","dementia","unpaired",NA,57,54.9778783636282,-0.153251693363118,0.997026686488757,149554,1,0.00119324045407636,0.789473684210526,-0.00230126439106759,0.734881952059962,7698.307,0.0226720647773279,"not significant",-0.00372650448318702
"1272","species","Coprococcus eutactus","group_char","control","dementia","unpaired",NA,1,1,0.0364141037800815,1,150000,1,0.00183823529411765,1,0.00183823529411765,1,63.601,0.0153846153846154,"not significant",0
"1273","species","Coprococcus sp. AF19-8AC","group_char","control","dementia","unpaired",NA,3,3,0.0630710778591871,1,150000,1,0.00183823529411765,1,0.00183823529411765,1,93.593,0.0153846153846154,"not significant",0
"1274","species","Coprococcus sp. AF21-14LB","group_char","control","dementia","unpaired",NA,1,1,1.44030382892098,0.231071792854714,34660,1,0.0839460784313726,1,0.0839460784313726,1,21.389,0.0153846153846154,"not significant",1.19760252447565
"1275","species","Coriobacteriia bacterium","group_char","control","dementia","unpaired",NA,1,1,-0.742887580369382,0.671848854340971,100777,1,-0.0729166666666667,0,-0.0729166666666667,0,676.714,0.138461538461538,"not significant",-0.423611928713014
"1276","species","Coronavirus AcCoV-JC34","group_char","control","dementia","unpaired",NA,3,3,0.0630710778591871,1,150000,1,0.00183823529411765,1,0.00183823529411765,1,93.996,0.0153846153846154,"not significant",0
"1277","species","Coronavirus HKU15","group_char","control","dementia","unpaired",NA,7,6.76288667199862,0.244765732388961,0.873114179238805,130967,1,0.00516456582633053,1,0.0066902089484589,1,276.088,0.021978021978022,"not significant",0.159704089577122
"1278","species","Corylus avellana","group_char","control","dementia","unpaired",NA,7,6.9998222184706,1.14911258422467,0.412070586196092,61810,1,0.025297619047619,1,0.025110685857309,1,190.125,0.0153846153846154,"not significant",0.820255294114379
"1279","species","Corynebacterium diphtheriae","group_char","control","dementia","unpaired",NA,17,16.8227227532028,0.590384850952195,0.769908200611996,115486,1,0.00803777393310265,1,0.00958789023388894,1,1483.431,0.0180995475113122,"not significant",0.292494975973769
"1280","species","Corynephage beta","group_char","control","dementia","unpaired",NA,4,3.89640653888332,1.04978323150822,0.410597262684915,61589,1,0.0330882352941176,1,0.0340455060719202,1,251309.245,0.0230769230769231,"not significant",0.822843030981782
"1281","species","Crangon crangon","group_char","control","dementia","unpaired",NA,1,1,0.0364141037800815,1,150000,1,0.00183823529411765,1,0.00183823529411765,1,22.703,0.0153846153846154,"not significant",0
"1282","species","Cronobacter sakazakii","group_char","control","dementia","unpaired",NA,2,1.9942274311059,-0.163318378961818,1,150000,1,-0.00612745098039216,0.5,-0.00444614312847388,0.526900925630692,315.684,0.0538461538461538,"not significant",0
"1283","species","Cryptomeria japonica","group_char","control","dementia","unpaired",NA,5,4.99990063191698,0.703658147265928,0.54814967900214,82222,1,0.0182598039215686,1,0.0181133883037289,1,1737.862,0.0153846153846154,"not significant",0.600535095176783
"1284","species","Ctenocephalides felis","group_char","control","dementia","unpaired",NA,3,3,0.0630710778591871,1,150000,1,0.00183823529411765,1,0.00183823529411765,1,412.808,0.0153846153846154,"not significant",0
"1285","species","Cucumis melo","group_char","control","dementia","unpaired",NA,2,2,0.0514973194274527,1,150000,1,0.00183823529411765,1,0.00183823529411765,1,29.538,0.0153846153846154,"not significant",0
"1286","species","Culex quinquefasciatus","group_char","control","dementia","unpaired",NA,1,1,0.0364141037800815,1,150000,1,0.00183823529411765,1,0.00183823529411765,1,14.06,0.0153846153846154,"not significant",0
"1287","species","Culicoides nubeculosus","group_char","control","dementia","unpaired",NA,4,3.97067150136519,1.24616043295839,0.248998340011067,37349,1,0.0379901960784314,1,0.0433717218063968,1,117.339,0.0192307692307692,"not significant",1.15278573716901
"1288","species","Culicoides obsoletus","group_char","control","dementia","unpaired",NA,5,4.9625619702088,-0.0997204428617258,1,150000,1,-0.00208333333333333,0.8,-0.00276456266087263,0.765257304295496,1957.953,0.0184615384615385,"not significant",0
"1289","species","Culicoides sonorensis","group_char","control","dementia","unpaired",NA,2,2,0.0514973194274527,1,150000,1,0.00183823529411765,1,0.00183823529411765,1,54.583,0.0153846153846154,"not significant",0
"1290","species","Cynodon dactylon","group_char","control","dementia","unpaired",NA,4,3.97373654051249,1.42570153057322,0.221185192098719,33177,1,0.0487132352941176,0.75,0.0505879420653548,0.736344176763699,99.366,0.0269230769230769,"not significant",1.22338267973069
"1291","species","Cyprinus carpio","group_char","control","dementia","unpaired",NA,1,1,0.0364141037800815,1,150000,1,0.00183823529411765,1,0.00183823529411765,1,30.581,0.0153846153846154,"not significant",0
"1292","species","Cytomegalovirus humanbeta5","group_char","control","dementia","unpaired",NA,167,130.746662041543,-7.0426866001515,0.236825087832748,35523,1,-0.0476363449571445,0.44311377245509,-0.0768883981667266,0.288439611130107,152828.326,0.15836020267158,"not significant",-1.18295977977783
"1293","species","Dactylis glomerata","group_char","control","dementia","unpaired",NA,2,1.98227991438924,1.63131061019514,0.128259144939034,19238,1,0.0741421568627451,1,0.0809783176769094,1,81.565,0.0230769230769231,"not significant",1.52100275907226
"1294","species","Danio rerio","group_char","control","dementia","unpaired",NA,4,3.91131668006731,-0.488928226409515,0.677175485496763,101576,1,-0.0128676470588235,0.5,-0.0153133833965728,0.430559566465174,136.861,0.0269230769230769,"not significant",-0.416320511187085
"1295","species","Daucus carota","group_char","control","dementia","unpaired",NA,4,3.91385050420929,0.228521009517224,1,150000,1,0.0076593137254902,0.75,0.00969451510132658,0.735406272236726,218.684,0.0269230769230769,"not significant",0
"1296","species","Davidiella tassiana","group_char","control","dementia","unpaired",NA,6,5.96039596472124,-0.0774598375984863,1,150000,1,-0.0014297385620915,0.833333333333333,-0.00202539486145966,0.802954862065557,327.1,0.017948717948718,"not significant",0
"1297","species","Deep-sea thermophilic phage D6E","group_char","control","dementia","unpaired",NA,10,9.90669080805817,2.69923839908958,0.0227598482676782,3413,1,0.0534313725490196,0.9,0.0538350252907237,0.884346892439844,2522.891,0.02,"nominal only",2.27744193585822
"1298","species","Dermatophagoides farinae","group_char","control","dementia","unpaired",NA,13,12.9531125172546,0.772173443690779,0.797668015546563,119650,1,0.0129619155354449,0.923076923076923,0.0123140592486414,0.907078952140039,1153.921,0.0165680473372781,"not significant",0.256366289192528
"1299","species","Dermatophagoides pteronyssinus","group_char","control","dementia","unpaired",NA,7,6.86282249658206,-0.356069263771644,0.805147965680229,120772,1,-0.00656512605042017,0.714285714285714,-0.0085829632838846,0.654012140589909,327.003,0.021978021978022,"not significant",-0.246690233336507
"1300","species","Dialister sp. CAG:486","group_char","control","dementia","unpaired",NA,1,1,0.0364141037800815,1,150000,1,0.00183823529411765,1,0.00183823529411765,1,97.277,0.0153846153846154,"not significant",0
"1301","species","Dialister succinatiphilus","group_char","control","dementia","unpaired",NA,1,1,-0.3094043027188,1,150000,1,-0.0177696078431373,0,-0.0177696078431373,0,142.532,0.0307692307692308,"not significant",0
"1302","species","Dianthus caryophyllus","group_char","control","dementia","unpaired",NA,1,1,0.0364141037800815,1,150000,1,0.00183823529411765,1,0.00183823529411765,1,11.699,0.0153846153846154,"not significant",0
"1303","species","Dictyocaulus viviparus","group_char","control","dementia","unpaired",NA,1,1,1.44030382892098,0.231291791388057,34693,1,0.0839460784313726,1,0.0839460784313726,1,14.95,0.0153846153846154,"not significant",1.19703787787004
"1304","species","Diegovirus POCJ13","group_char","control","dementia","unpaired",NA,8,7.86272877662359,0.267236443577295,0.943673708841941,141551,1,0.00719975490196078,0.875,0.00488121379314238,0.83131695927476,5613.004,0.0192307692307692,"not significant",0.0706532751962684
"1305","species","Diegovirus dv7502Stx","group_char","control","dementia","unpaired",NA,4,3.88821658492779,1.54308269252009,0.175812161252258,26371,1,0.0536151960784314,0.75,0.0447076283241102,0.676580047600747,102.84,0.0230769230769231,"not significant",1.35376249952227
"1306","species","Dolichovespula maculata","group_char","control","dementia","unpaired",NA,1,1,0.0364141037800815,1,150000,1,0.00183823529411765,1,0.00183823529411765,1,139.192,0.0153846153846154,"not significant",0
"1307","species","Dorea formicigenerans","group_char","control","dementia","unpaired",NA,142,134.244267975704,0.803718215774852,0.97398017346551,146097,1,0.00708540458436897,0.809859154929577,0.00206253884312212,0.745026140790349,18335.272,0.0257854821235103,"not significant",0.0326167987838785
"1308","species","Dorea longicatena","group_char","control","dementia","unpaired",NA,156,149.704857693619,1.17175181034947,0.990453396977353,148568,1,0.00760432378079437,0.884615384615385,0.00427977206250961,0.841747260481358,65089.695,0.0215976331360947,"not significant",0.0119651780255771
"1309","species","Dorea sp. 42_8","group_char","control","dementia","unpaired",NA,1,1,0.0364141037800815,1,150000,1,0.00183823529411765,1,0.00183823529411765,1,47.165,0.0153846153846154,"not significant",0
"1310","species","Dorea sp. AF36-15AT","group_char","control","dementia","unpaired",NA,4,3.96028256945448,0.376948564368789,0.659395604029307,98909,1,0.0125612745098039,0.75,0.0135511363567509,0.723956642966804,358.054,0.0230769230769231,"not significant",0.440747777218903
"1311","species","Dorea sp. AM58-8","group_char","control","dementia","unpaired",NA,1,1,-0.593431060140572,1,150000,1,-0.0373774509803922,0,-0.0373774509803922,0,71.961,0.0461538461538462,"not significant",0
"1312","species","Dorea sp. OM07-5","group_char","control","dementia","unpaired",NA,4,3.56853028842123,0.936165737519203,0.419850534329771,62977,1,0.0340073529411765,1,0.0367759103189032,1,1941.307,0.0384615384615385,"not significant",0.806680581918681
"1313","species","Douglaswolinvirus B2","group_char","control","dementia","unpaired",NA,32,30.7426147409327,2.25475853806025,0.275618162545583,41342,1,0.0261182598039216,0.90625,0.0273555882123879,0.896689488424478,9124.575,0.0245192307692308,"not significant",1.09021564665591
"1314","species","Drosophila erecta","group_char","control","dementia","unpaired",NA,1,1,0.0364141037800815,1,150000,1,0.00183823529411765,1,0.00183823529411765,1,16.69,0.0153846153846154,"not significant",0
"1315","species","Drosophila grimshawi","group_char","control","dementia","unpaired",NA,1,1,0.0364141037800815,1,150000,1,0.00183823529411765,1,0.00183823529411765,1,7.477,0.0153846153846154,"not significant",0
"1316","species","Drosophila melanogaster","group_char","control","dementia","unpaired",NA,6,6,0.0891959737019519,1,150000,1,0.00183823529411765,1,0.00183823529411765,1,171.686,0.0153846153846154,"not significant",0
"1317","species","Drosophila mojavensis","group_char","control","dementia","unpaired",NA,1,1,0.0364141037800815,1,150000,1,0.00183823529411765,1,0.00183823529411765,1,12.114,0.0153846153846154,"not significant",0
"1318","species","Drosophila pseudoobscura","group_char","control","dementia","unpaired",NA,3,2.99991694726006,0.867563896050143,0.550536329757802,82580,1,0.0292075163398693,1,0.0290038586779212,1,19.381,0.0153846153846154,"not significant",0.596956640589307
"1319","species","Drosophila sechellia","group_char","control","dementia","unpaired",NA,1,1,0.0364141037800815,1,150000,1,0.00183823529411765,1,0.00183823529411765,1,105.415,0.0153846153846154,"not significant",0
"1320","species","Drosophila simulans","group_char","control","dementia","unpaired",NA,2,2,0.0514973194274527,1,150000,1,0.00183823529411765,1,0.00183823529411765,1,130.021,0.0153846153846154,"not significant",0
"1321","species","Drosophila virilis","group_char","control","dementia","unpaired",NA,1,1,0.0364141037800815,1,150000,1,0.00183823529411765,1,0.00183823529411765,1,15.889,0.0153846153846154,"not significant",0
"1322","species","Dubowvirus SP5","group_char","control","dementia","unpaired",NA,8,7.95600148410716,0.911364830008484,0.579936133759108,86990,1,0.0199142156862745,0.875,0.0186980513200083,0.850452644235644,357.506,0.0173076923076923,"not significant",0.553478010719949
"1323","species","Dubowvirus dv11","group_char","control","dementia","unpaired",NA,15,14.8006896563236,0.425298346415171,0.895147365684229,134272,1,0.00755718954248366,0.866666666666667,0.00673640953321925,0.833136131355204,1030.668,0.0194871794871795,"not significant",0.131793831572884
"1324","species","Eapunavirus Eap1","group_char","control","dementia","unpaired",NA,17,16.691827532396,1.03569279044785,0.61556922953847,92335,1,0.017913783160323,0.764705882352941,0.0158669131668696,0.7135103714741,132214.142,0.0217194570135747,"not significant",0.502139737460335
"1325","species","Echinococcus granulosus","group_char","control","dementia","unpaired",NA,2,1.79528625035763,1.07606433080564,0.372357517616549,55853,1,0.0661764705882353,1,0.0601760112424282,1,304.681,0.0615384615384615,"not significant",0.892066074442398
"1326","species","Eganvirus PsP3","group_char","control","dementia","unpaired",NA,40,38.7989987457338,1.51544596201459,0.776261491590056,116439,1,0.0149203431372549,0.925,0.0149071806642043,0.91225738008761,61830.358,0.0196153846153846,"not significant",0.284194289315097
"1327","species","Eggerthella sp. CAG:298","group_char","control","dementia","unpaired",NA,1,1,1.44030382892098,0.230325131165792,34548,1,0.0839460784313726,1,0.0839460784313726,1,4.562,0.0153846153846154,"not significant",1.19952175396332
"1328","species","Ehrlichia chaffeensis","group_char","control","dementia","unpaired",NA,8,7.88422218966086,-1.12309766027986,0.890780728128479,133617,1,-0.0222120098039216,0.25,-0.0252621411709276,0.203576921286083,2745.293,0.0423076923076923,"not significant",-0.137316374410308
"1329","species","Eisenbergiella tayi","group_char","control","dementia","unpaired",NA,1,1,0.0364141037800815,1,150000,1,0.00183823529411765,1,0.00183823529411765,1,1223.812,0.0153846153846154,"not significant",0
"1330","species","Emericella nidulans","group_char","control","dementia","unpaired",NA,1,1,-0.3094043027188,1,150000,1,-0.0177696078431373,0,-0.0177696078431373,0,13.667,0.0307692307692308,"not significant",0
"1331","species","Entamoeba histolytica","group_char","control","dementia","unpaired",NA,4,3.80642129687451,0.431401485524833,0.772214851900987,115832,1,0.0202205882352941,0.5,0.0186277160910324,0.407215238565675,1025.229,0.0653846153846154,"not significant",0.289478994743623
"1332","species","Enterobacter cloacae","group_char","control","dementia","unpaired",NA,1,1,1.44030382892098,0.228411810587929,34261,1,0.0839460784313726,1,0.0839460784313726,1,14.998,0.0153846153846154,"not significant",1.20446005931206
"1333","species","Enterobacter ludwigii","group_char","control","dementia","unpaired",NA,1,1,-0.593431060140572,1,150000,1,-0.0373774509803922,0,-0.0373774509803922,0,38.608,0.0461538461538462,"not significant",0
"1334","species","Enterobacter phage Arya","group_char","control","dementia","unpaired",NA,14,12.9540758548446,0.47988237778765,0.768374877500817,115256,1,0.00849089635854341,0.928571428571429,0.00982330269877059,0.875505104844222,643422.604,0.0285714285714286,"not significant",0.294501290422174
"1335","species","Enterobacteria phage Sf101","group_char","control","dementia","unpaired",NA,7,5.55768331097045,1.27310035811982,0.213438577076153,32015,1,0.0391281512605042,1,0.038996416869153,1,557.987,0.0505494505494506,"not significant",1.24416572078433
"1336","species","Enterocloster bolteae","group_char","control","dementia","unpaired",NA,2,1.94193981858091,-0.463994053247961,0.889634069106206,133445,1,-0.0177696078431373,0.5,-0.0211600093684065,0.413544761105635,72.197,0.0307692307692308,"not significant",-0.138767256524631
"1337","species","Enterocloster clostridioformis","group_char","control","dementia","unpaired",NA,4,3.81301680657173,-0.521941010547828,0.677602149319005,101640,1,-0.0128676470588235,0.75,-0.0185081605359798,0.654111270888343,103900.692,0.0269230769230769,"not significant",-0.415737429193081
"1338","species","Enterococcus asini","group_char","control","dementia","unpaired",NA,3,2.89555873919265,-0.748936164237135,0.536729755134966,80509,1,-0.0243055555555556,0.333333333333333,-0.0289415901826092,0.262234846425692,525.62,0.0358974358974359,"not significant",-0.617765762724265
"1339","species","Enterococcus faecalis","group_char","control","dementia","unpaired",NA,168,158.543522073134,1.92418780086305,0.863727575149499,129559,1,0.0118536998132587,0.821428571428571,0.00819180264117792,0.763474062825316,31535.176,0.0255494505494506,"not significant",0.171631075616642
"1340","species","Enterococcus faecium","group_char","control","dementia","unpaired",NA,1,1,0.0364141037800815,1,150000,1,0.00183823529411765,1,0.00183823529411765,1,309.118,0.0153846153846154,"not significant",0
"1341","species","Enterovirus A","group_char","control","dementia","unpaired",NA,19,15.3122144843792,-0.975522543025046,0.518876540823061,77831,1,-0.0084171826625387,0.684210526315789,-0.0350146454928654,0.557337264605791,2519.906,0.0607287449392713,"not significant",-0.645078152912628
"1342","species","Enterovirus B","group_char","control","dementia","unpaired",NA,67,50.9919494307601,-1.942747633642,0.53835641095726,80753,1,-0.0143675007316359,0.537313432835821,-0.0396366857469064,0.390205059937212,61202.176,0.118484500574053,"not significant",-0.615300312919175
"1343","species","Enterovirus C","group_char","control","dementia","unpaired",NA,44,35.7919074417003,-3.8345233208544,0.247185018766542,37077,1,-0.0489081996434938,0.295454545454545,-0.0850516758854357,0.175920156204283,12802.014,0.157692307692308,"not significant",-1.15721380538857
"1344","species","Epicoccum nigrum","group_char","control","dementia","unpaired",NA,2,1.92922201668533,-0.326496291270548,0.812027919813868,121804,1,-0.0220588235294118,0.5,-0.027340239162433,0.404230329854548,919.246,0.130769230769231,"not significant",-0.237810699367808
"1345","species","Epinephelus bruneus","group_char","control","dementia","unpaired",NA,1,1,0.0364141037800815,1,150000,1,0.00183823529411765,1,0.00183823529411765,1,17.644,0.0153846153846154,"not significant",0
"1346","species","Epinephelus coioides","group_char","control","dementia","unpaired",NA,3,2.91282969217425,-0.383833299258648,0.834354437637082,125153,1,-0.011233660130719,0.666666666666667,-0.0144316737284559,0.585117319924375,81.171,0.0256410256410256,"not significant",-0.209120159462064
"1347","species","Epseptimavirus 100268sal2","group_char","control","dementia","unpaired",NA,32,31.3216557090315,1.2286292208961,0.732521783188112,109878,1,0.013671875,0.90625,0.0134741273038058,0.89172516707272,1591.396,0.0201923076923077,"not significant",0.341772929612764
"1348","species","Equus asinus","group_char","control","dementia","unpaired",NA,1,1,0.0364141037800815,1,150000,1,0.00183823529411765,1,0.00183823529411765,1,49.157,0.0153846153846154,"not significant",0
"1349","species","Equus caballus","group_char","control","dementia","unpaired",NA,3,3,0.0630710778591871,1,150000,1,0.00183823529411765,1,0.00183823529411765,1,292.499,0.0153846153846154,"not significant",0
"1350","species","Eriocheir sinensis","group_char","control","dementia","unpaired",NA,1,1,1.44030382892098,0.232618449210339,34892,1,0.0839460784313726,1,0.0839460784313726,1,8.629,0.0153846153846154,"not significant",1.1936409475857
"1351","species","Erysipelotrichaceae bacterium 3_1_53","group_char","control","dementia","unpaired",NA,1,1,0.0364141037800815,1,150000,1,0.00183823529411765,1,0.00183823529411765,1,95.095,0.0153846153846154,"not significant",0
"1352","species","Erythroparvovirus primate1","group_char","control","dementia","unpaired",NA,6,5.87468614298325,-0.392297338537822,0.746715021899854,112007,1,-0.00796568627450981,0.666666666666667,-0.0101512121170594,0.60194566735737,267.733,0.0230769230769231,"not significant",-0.322973882262919
"1353","species","Escherichia coli","group_char","control","dementia","unpaired",NA,508,456.377882419672,2.25375453659148,0.973520176532157,146028,1,0.00948307472595346,0.834645669291339,0.00408404006826394,0.769212160867625,752539.652,0.0290430042398546,"not significant",0.0331936316508533
"1354","species","Escherichia sp. MOD1-EC6163","group_char","control","dementia","unpaired",NA,1,1,0.0364141037800815,1,150000,1,0.00183823529411765,1,0.00183823529411765,1,8.87,0.0153846153846154,"not significant",0
"1355","species","Eshraghiella crossota","group_char","control","dementia","unpaired",NA,18,16.9655565770112,0.0529323719722989,0.976866820887861,146530,1,0.00245098039215686,0.833333333333333,0.00132970467600449,0.792233507543115,31341.155,0.0256410256410256,"not significant",0.0289972035673625
"1356","species","Esox lucius","group_char","control","dementia","unpaired",NA,1,1,1.44030382892098,0.230938460410264,34640,1,0.0839460784313726,1,0.0839460784313726,1,6.72,0.0153846153846154,"not significant",1.19794492045014
"1357","species","Eubacteriaceae bacterium CHKCI004","group_char","control","dementia","unpaired",NA,1,1,-0.3094043027188,1,150000,1,-0.0177696078431373,0,-0.0177696078431373,0,115.06,0.0307692307692308,"not significant",0
"1358","species","Eubacterium plexicaudatum","group_char","control","dementia","unpaired",NA,1,1,-0.593431060140572,1,150000,1,-0.0373774509803922,0,-0.0373774509803922,0,140.198,0.0461538461538462,"not significant",0
"1359","species","Eubacterium ramulus","group_char","control","dementia","unpaired",NA,6,5.99989656817205,0.657004837909836,0.742981713455244,111447,1,0.0155228758169935,1,0.0153958261257618,1,540.125,0.0153846153846154,"not significant",0.327907353673133
"1360","species","Eubacterium sp.","group_char","control","dementia","unpaired",NA,3,3,0.0630710778591871,1,150000,1,0.00183823529411765,1,0.00183823529411765,1,223.754,0.0153846153846154,"not significant",0
"1361","species","Eubacterium sp. 38_16","group_char","control","dementia","unpaired",NA,3,2.72095162620346,-0.985792644958215,0.371990853394311,55798,1,-0.0308415032679739,0.666666666666667,-0.0456418847278366,0.515702775776066,511.904,0.041025641025641,"not significant",-0.892750400222629
"1362","species","Eubacterium sp. 41_20","group_char","control","dementia","unpaired",NA,1,1,1.44030382892098,0.229965133565776,34494,1,0.0839460784313726,1,0.0839460784313726,1,39.365,0.0153846153846154,"not significant",1.2004486773917
"1363","species","Eubacterium sp. AF36-5BH","group_char","control","dementia","unpaired",NA,3,2.96889428954737,0.579226277851999,0.658602275984827,98790,1,0.022671568627451,0.666666666666667,0.0196050545776267,0.618455861354388,2278.709,0.0205128205128205,"not significant",0.441843751696271
"1364","species","Eubacterium sp. CAG:115","group_char","control","dementia","unpaired",NA,12,11.8345739964375,0.225119552134235,0.922000519996533,138300,1,0.00377859477124183,0.916666666666667,0.00472112315778263,0.902906456326737,21213.756,0.0192307692307692,"not significant",0.0979140793609026
"1365","species","Eubacterium sp. CAG:180","group_char","control","dementia","unpaired",NA,3,3,0.0630710778591871,1,150000,1,0.00183823529411765,1,0.00183823529411765,1,265.443,0.0153846153846154,"not significant",0
"1366","species","Eubacterium sp. CAG:202","group_char","control","dementia","unpaired",NA,3,3,0.0630710778591871,1,150000,1,0.00183823529411765,1,0.00183823529411765,1,242.555,0.0153846153846154,"not significant",0
"1367","species","Eubacterium sp. CAG:251","group_char","control","dementia","unpaired",NA,2,1.97943386919572,-0.216834899207932,1,150000,1,-0.0079656862745098,0.5,-0.00896500868430107,0.449034557100645,99.152,0.0230769230769231,"not significant",0
"1368","species","Eubacterium sp. CAG:38","group_char","control","dementia","unpaired",NA,12,11.9524065305933,1.58137014481557,0.323297844681035,48494,1,0.0275735294117647,0.916666666666667,0.0265228098542685,0.899281905840699,457.81,0.0166666666666667,"not significant",0.987703571864642
"1369","species","Eubacterium sp. CAG:86","group_char","control","dementia","unpaired",NA,8,7.78826648183219,-0.0242713302748615,0.984306771288191,147646,1,0.00229779411764706,0.75,-0.00156457052464942,0.678617709938778,418.317,0.0230769230769231,"not significant",-0.0196698137113336
"1370","species","Eubacterium sp. am_0171","group_char","control","dementia","unpaired",NA,4,3.98198159403881,0.422710078960876,0.915913893907374,137387,1,0.0183823529411765,0.5,0.016121368585927,0.479412652515861,1016.869,0.0346153846153846,"not significant",0.105582142322693
"1371","species","Eubacterium ventriosum","group_char","control","dementia","unpaired",NA,14,13.7964018396532,0.358516220924542,0.859940933727108,128991,1,0.00656512605042017,0.785714285714286,0.00644753385407886,0.755904725893067,158312.911,0.0208791208791209,"not significant",0.176449354310684
"1372","species","Euphausia superba","group_char","control","dementia","unpaired",NA,1,1,0.0364141037800815,1,150000,1,0.00183823529411765,1,0.00183823529411765,1,44.474,0.0153846153846154,"not significant",0
"1373","species","Euroglyphus maynei","group_char","control","dementia","unpaired",NA,3,2.91282969217425,-0.383833299258648,0.834254438303745,125138,1,-0.011233660130719,0.666666666666667,-0.0144316737284559,0.585117319924375,138.906,0.0256410256410256,"not significant",-0.209248262367506
"1374","species","Faecalibacterium duncaniae (strain DSM 17677 / JCM 31915 / A2-165)","group_char","control","dementia","unpaired",NA,35,32.8088815304927,-0.353068416493501,0.928787141419057,139318,1,-0.001453081232493,0.8,-0.00469953992585993,0.751111279756123,4176.992,0.029010989010989,"not significant",-0.0893709099716029
"1375","species","Faecalibacterium prausnitzii","group_char","control","dementia","unpaired",NA,120,115.260649041516,0.562266091923769,0.998860007599949,149829,1,0.00481004901960784,0.866666666666667,0.00220142086698586,0.820852207837413,116708.062,0.0221794871794872,"not significant",0.00142876907752611
"1376","species","Faecalibacterium sp. AF10-46","group_char","control","dementia","unpaired",NA,1,1,0.0364141037800815,1,150000,1,0.00183823529411765,1,0.00183823529411765,1,29.814,0.0153846153846154,"not significant",0
"1377","species","Faecalibacterium sp. AF27-11BH","group_char","control","dementia","unpaired",NA,1,1,0.0364141037800815,1,150000,1,0.00183823529411765,1,0.00183823529411765,1,11.317,0.0153846153846154,"not significant",0
"1378","species","Faecalibacterium sp. CAG:74_58_120","group_char","control","dementia","unpaired",NA,6,5.77128159189732,-0.420579138803708,0.740448397010687,111067,1,-0.00796568627450981,0.833333333333333,-0.0123298321393535,0.759142853630991,393.783,0.0230769230769231,"not significant",-0.331259610161739
"1379","species","Faecalibacterium sp. OF04-11AC","group_char","control","dementia","unpaired",NA,1,1,0.0364141037800815,1,150000,1,0.00183823529411765,1,0.00183823529411765,1,85.491,0.0153846153846154,"not significant",0
"1380","species","Faecalibacterium sp. OM04-11BH","group_char","control","dementia","unpaired",NA,2,2,0.0514973194274527,1,150000,1,0.00183823529411765,1,0.00183823529411765,1,113.626,0.0153846153846154,"not significant",0
"1381","species","Faecalicatena contorta","group_char","control","dementia","unpaired",NA,1,1,0.0364141037800815,1,150000,1,0.00183823529411765,1,0.00183823529411765,1,25.271,0.0153846153846154,"not significant",0
"1382","species","Faecalicoccus pleomorphus","group_char","control","dementia","unpaired",NA,1,1,1.44030382892098,0.231598456010293,34739,1,0.0839460784313726,1,0.0839460784313726,1,16.774,0.0153846153846154,"not significant",1.1962514309191
"1383","species","Faecalimonas umbilicata","group_char","control","dementia","unpaired",NA,3,2.88248998129526,0.582168139585784,0.71906853954307,107860,1,0.0328839869281046,0.666666666666667,0.0270896469469029,0.606306160369161,2607.884,0.0769230769230769,"not significant",0.359703947707393
"1384","species","Faecalitalea cylindroides","group_char","control","dementia","unpaired",NA,1,1,0.0364141037800815,1,150000,1,0.00183823529411765,1,0.00183823529411765,1,69.278,0.0153846153846154,"not significant",0
"1385","species","Fagopyrum esculentum","group_char","control","dementia","unpaired",NA,6,5.77111850513189,1.26495445489365,0.330691128725808,49603,1,0.0330882352941176,1,0.0322118877785314,1,281.285,0.0230769230769231,"not significant",0.972722722853026
"1386","species","Fagus sylvatica","group_char","control","dementia","unpaired",NA,1,1,0.0364141037800815,1,150000,1,0.00183823529411765,1,0.00183823529411765,1,22.172,0.0153846153846154,"not significant",0
"1387","species","Felixounavirus felixO1","group_char","control","dementia","unpaired",NA,22,21.4453891625655,0.685588815756611,0.83614775901494,125422,1,0.00874554367201426,0.954545454545455,0.0103067974858653,0.948492309337293,46517.11,0.0216783216783217,"not significant",0.206823427755401
"1388","species","Ferret coronavirus","group_char","control","dementia","unpaired",NA,10,9.92943773976523,1.15540963847715,0.487450083666109,73117,1,0.0225490196078431,0.9,0.0240876356785929,0.882298991967574,391.049,0.0184615384615385,"not significant",0.694370189465657
"1389","species","Firehammervirus CP21","group_char","control","dementia","unpaired",NA,12,11.8207269855716,0.109822838390637,0.944480370130866,141672,1,0.00214460784313726,0.833333333333333,0.00280005136339265,0.809239487872543,3145.016,0.0205128205128205,"not significant",0.0696397847626367
"1390","species","Firehammervirus CPt10","group_char","control","dementia","unpaired",NA,39,38.2696709927765,1.30214060506337,0.796121359190939,119418,1,0.0131504524886878,0.923076923076923,0.0128972981431503,0.906047450745328,108039.693,0.019723865877712,"not significant",0.258370010493247
"1391","species","Firmicutes bacterium ADurb.Bin262","group_char","control","dementia","unpaired",NA,2,2,0.0514973194274527,1,150000,1,0.00183823529411765,1,0.00183823529411765,1,59.737,0.0153846153846154,"not significant",0
"1392","species","Firmicutes bacterium AF36-19BH","group_char","control","dementia","unpaired",NA,1,1,0.0364141037800815,1,150000,1,0.00183823529411765,1,0.00183823529411765,1,17.174,0.0153846153846154,"not significant",0
"1393","species","Firmicutes bacterium AM55-24TS","group_char","control","dementia","unpaired",NA,2,2,0.0514973194274527,1,150000,1,0.00183823529411765,1,0.00183823529411765,1,115.739,0.0153846153846154,"not significant",0
"1394","species","Firmicutes bacterium ASF500","group_char","control","dementia","unpaired",NA,1,1,0.0364141037800815,1,150000,1,0.00183823529411765,1,0.00183823529411765,1,42.295,0.0153846153846154,"not significant",0
"1395","species","Firmicutes bacterium CAG:110","group_char","control","dementia","unpaired",NA,7,6.95880713518554,-0.0588236185953134,1,150000,1,-0.000962885154061624,0.857142857142857,-0.00149078435829617,0.830219997726895,222.927,0.0175824175824176,"not significant",0
"1396","species","Firmicutes bacterium CAG:124","group_char","control","dementia","unpaired",NA,4,4,0.0728282075601631,1,150000,1,0.00183823529411765,1,0.00183823529411765,1,71.698,0.0153846153846154,"not significant",0
"1397","species","Firmicutes bacterium CAG:129","group_char","control","dementia","unpaired",NA,6,6,0.0891959737019519,1,150000,1,0.00183823529411765,1,0.00183823529411765,1,198.325,0.0153846153846154,"not significant",0
"1398","species","Firmicutes bacterium CAG:176","group_char","control","dementia","unpaired",NA,9,8.92793902976515,-0.159410681737619,1,150000,1,-0.00251906318082789,0.777777777777778,-0.00325142513869703,0.740427317926451,552.798,0.0188034188034188,"not significant",0
"1399","species","Firmicutes bacterium CAG:240","group_char","control","dementia","unpaired",NA,1,1,-0.3094043027188,1,150000,1,-0.0177696078431373,0,-0.0177696078431373,0,51.773,0.0307692307692308,"not significant",0
"1400","species","Firmicutes bacterium CAG:24053_14","group_char","control","dementia","unpaired",NA,1,1,0.0364141037800815,1,150000,1,0.00183823529411765,1,0.00183823529411765,1,71.768,0.0153846153846154,"not significant",0
"1401","species","Firmicutes bacterium CAG:313","group_char","control","dementia","unpaired",NA,4,3.96568946340576,-0.127388034426873,1,150000,1,-0.00306372549019608,0.75,-0.00385346681387685,0.709723192492281,596.581,0.0192307692307692,"not significant",0
"1402","species","Firmicutes bacterium CAG:321_26_22","group_char","control","dementia","unpaired",NA,2,2,0.0514973194274527,1,150000,1,0.00183823529411765,1,0.00183823529411765,1,376.054,0.0153846153846154,"not significant",0
"1403","species","Firmicutes bacterium CAG:345","group_char","control","dementia","unpaired",NA,2,2,0.0514973194274527,1,150000,1,0.00183823529411765,1,0.00183823529411765,1,75.914,0.0153846153846154,"not significant",0
"1404","species","Firmicutes bacterium CAG:449","group_char","control","dementia","unpaired",NA,3,3,0.0630710778591871,1,150000,1,0.00183823529411765,1,0.00183823529411765,1,173.504,0.0153846153846154,"not significant",0
"1405","species","Firmicutes bacterium CAG:460","group_char","control","dementia","unpaired",NA,1,1,0.0364141037800815,1,150000,1,0.00183823529411765,1,0.00183823529411765,1,520.631,0.0153846153846154,"not significant",0
"1406","species","Firmicutes bacterium CAG:555","group_char","control","dementia","unpaired",NA,2,1.99993747826885,1.03863061666797,0.412863914240572,61929,1,0.0428921568627451,1,0.0426626149818113,1,205.267,0.0153846153846154,"not significant",0.818864170204371
"1407","species","Firmicutes bacterium CAG:56","group_char","control","dementia","unpaired",NA,22,20.3461827449813,0.630546909673905,0.724075172832181,108611,1,0.0113636363636364,0.772727272727273,0.012815242546212,0.739140493346289,142471.975,0.0342657342657343,"not significant",0.353017697647451
"1408","species","Firmicutes bacterium CAG:882","group_char","control","dementia","unpaired",NA,2,1.97943386919572,-0.216834899207932,1,150000,1,-0.0079656862745098,0.5,-0.00896500868430107,0.449034557100645,57223.798,0.0230769230769231,"not significant",0
"1409","species","Flavonifractor plautii","group_char","control","dementia","unpaired",NA,2,1.99993747826885,1.03863061666797,0.410870594196039,61630,1,0.0428921568627451,1,0.0426626149818113,1,38.608,0.0153846153846154,"not significant",0.822362537140569
"1410","species","Flavonifractor sp. An135","group_char","control","dementia","unpaired",NA,1,1,0.943188950512739,0.414257238285078,62138,1,0.0643382352941176,1,0.0643382352941176,1,36.516,0.0307692307692308,"not significant",0.816424763238397
"1411","species","Flavonifractor sp. An82","group_char","control","dementia","unpaired",NA,1,1,0.0364141037800815,1,150000,1,0.00183823529411765,1,0.00183823529411765,1,15.138,0.0153846153846154,"not significant",0
"1412","species","Fletchervirus CP30A","group_char","control","dementia","unpaired",NA,31,29.3895106574964,0.147264367009194,0.98464676902154,147697,1,0.00369623655913978,0.806451612903226,-0.000805231572189989,0.741312316310685,5230.986,0.024317617866005,"not significant",0.019243609077099
"1413","species","Fletchervirus CPX","group_char","control","dementia","unpaired",NA,3,2.96889428954737,0.579226277851999,0.661208925273831,99181,1,0.022671568627451,0.666666666666667,0.0196050545776267,0.618455861354388,306.332,0.0205128205128205,"not significant",0.438244676788612
"1414","species","Fletchervirus NCTC12673","group_char","control","dementia","unpaired",NA,26,25.6465246467617,0.726801745883275,0.923287178085479,138493,1,0.00994532428355957,0.846153846153846,0.00791024678894934,0.805832649748662,1994.725,0.0189349112426036,"not significant",0.0962938717754699
"1415","species","Foot-and-mouth disease virus","group_char","control","dementia","unpaired",NA,3,2.91282969217425,-0.383833299258648,1,150000,1,-0.011233660130719,0.666666666666667,-0.0144316737284559,0.585117319924375,143.55,0.0256410256410256,"not significant",0
"1416","species","Forcipomyia taiwana","group_char","control","dementia","unpaired",NA,1,1,0.0364141037800815,1,150000,1,0.00183823529411765,1,0.00183823529411765,1,16.642,0.0153846153846154,"not significant",0
"1417","species","Francisella tularensis","group_char","control","dementia","unpaired",NA,2,1.94367746376678,0.508362202319741,0.549009673268845,82351,1,0.0232843137254902,1,0.0269350199967929,1,171.953,0.0307692307692308,"not significant",0.599244768007668
"1418","species","Fusarium culmorum","group_char","control","dementia","unpaired",NA,1,1,0.0364141037800815,1,150000,1,0.00183823529411765,1,0.00183823529411765,1,12.22,0.0153846153846154,"not significant",0
"1419","species","Fusarium oxysporum f. sp. cubense (strain race 4)","group_char","control","dementia","unpaired",NA,1,1,0.711854042237419,0.615342564382904,92301,1,0.0680147058823529,1,0.0680147058823529,1,48.439,0.0923076923076923,"not significant",0.502462016671195
"1420","species","Fusicatenibacter saccharivorans","group_char","control","dementia","unpaired",NA,91,83.5348918086527,0.0690120433984671,0.998713341911054,149807,1,0.00287518853695324,0.835164835164835,-0.00386989580901117,0.766792261326134,21536.618,0.0251901944209637,"not significant",0.00161258747167297
"1421","species","Gadus morhua","group_char","control","dementia","unpaired",NA,2,1.97943386919572,-0.216834899207932,1,150000,1,-0.0079656862745098,0.5,-0.00896500868430107,0.449034557100645,123.076,0.0230769230769231,"not significant",0
"1422","species","Gallus gallus","group_char","control","dementia","unpaired",NA,41,34.1597791936599,-0.443464903156073,0.859347604349304,128902,1,-0.00183823529411765,0.609756097560976,-0.0129502423272497,0.497270794263996,7484.067,0.0544090056285178,"not significant",-0.177204699585522
"1423","species","Gaprivervirus sp18","group_char","control","dementia","unpaired",NA,51,50.4268442818558,1.2648242174071,0.85703428643809,128555,1,0.0113297770088427,0.843137254901961,0.010981599066609,0.817505172813898,58114.029,0.0193061840120664,"not significant",0.18015066735989
"1424","species","Gasterosteus aculeatus","group_char","control","dementia","unpaired",NA,5,4.96534711552729,0.552775596838104,0.576269491536723,86440,1,0.0143382352941176,1,0.0164267373005766,1,258.972,0.0184615384615385,"not significant",0.55884209404874
"1425","species","Gelderlandvirus s16","group_char","control","dementia","unpaired",NA,7,6.27980427418693,1.16480745127757,0.323344511036593,48501,1,0.0324754901960784,1,0.0306899707624751,1,2683.65,0.0373626373626374,"not significant",0.987608317869901
"1426","species","Gelderlandvirus stml198","group_char","control","dementia","unpaired",NA,32,31.4990505451661,1.67723455655248,0.524816501223325,78722,1,0.0181908700980392,0.9375,0.0194828442559613,0.928466060712126,37439.05,0.0206730769230769,"not significant",0.635938509842416
"1427","species","Gemmiger formicilis","group_char","control","dementia","unpaired",NA,37,34.3927621268544,0.981857596579526,0.82344117705882,123516,1,0.011940249072602,0.837837837837838,0.00845685788824454,0.771254185157484,2683.343,0.0266112266112266,"not significant",0.223121202506338
"1428","species","Geobacillus phage GBK2","group_char","control","dementia","unpaired",NA,16,15.789362129407,0.708231803626525,0.76330157798948,114495,1,0.0111060049019608,0.875,0.0128017089253677,0.856265437206477,767.323,0.0201923076923077,"not significant",0.301148081537103
"1429","species","Geobacillus virus E3","group_char","control","dementia","unpaired",NA,1,1,-0.3094043027188,1,150000,1,-0.0177696078431373,0,-0.0177696078431373,0,80.389,0.0307692307692308,"not significant",0
"1430","species","Gibberella intermedia","group_char","control","dementia","unpaired",NA,1,1,0.0364141037800815,1,150000,1,0.00183823529411765,1,0.00183823529411765,1,39.26,0.0153846153846154,"not significant",0
"1431","species","Gillichthys mirabilis","group_char","control","dementia","unpaired",NA,1,1,0.0364141037800815,1,150000,1,0.00183823529411765,1,0.00183823529411765,1,28.312,0.0153846153846154,"not significant",0
"1432","species","Glossina morsitans","group_char","control","dementia","unpaired",NA,1,1,0.943188950512739,0.410183932107119,61527,1,0.0643382352941176,1,0.0643382352941176,1,72.147,0.0307692307692308,"not significant",0.823569992499769
"1433","species","Glycine max","group_char","control","dementia","unpaired",NA,20,19.5069451830143,0.545748821434517,0.835107765948227,125266,1,0.00925245098039216,0.9,0.00581197460664983,0.858331030932239,895.78,0.0192307692307692,"not significant",0.208155227715105
"1434","species","Glycine soja","group_char","control","dementia","unpaired",NA,2,2,0.0514973194274527,1,150000,1,0.00183823529411765,1,0.00183823529411765,1,32.618,0.0153846153846154,"not significant",0
"1435","species","Glycyphagus domesticus","group_char","control","dementia","unpaired",NA,1,1,0.0364141037800815,1,150000,1,0.00183823529411765,1,0.00183823529411765,1,21.545,0.0153846153846154,"not significant",0
"1436","species","Gossypium hirsutum","group_char","control","dementia","unpaired",NA,1,1,0.943188950512739,0.411470590196065,61720,1,0.0643382352941176,1,0.0643382352941176,1,42.451,0.0307692307692308,"not significant",0.821308459752632
"1437","species","Gregsiragusavirus phi24R","group_char","control","dementia","unpaired",NA,11,10.9195641877383,1.07984594135976,0.572416183892107,85862,1,0.0206662210338681,0.818181818181818,0.0189534497594,0.785125848775901,140146.382,0.0181818181818182,"not significant",0.56449664337928
"1438","species","Haemophilus haemolyticus","group_char","control","dementia","unpaired",NA,4,3.99987495653771,1.46884550438777,0.273118179212139,40967,1,0.0428921568627451,1,0.0426626149818113,1,386.149,0.0153846153846154,"not significant",1.0959099616154
"1439","species","Haemophilus influenzae","group_char","control","dementia","unpaired",NA,130,105.537163732318,-0.646585202540047,0.8497543349711,127463,1,0.000565610859728506,0.692307692307692,-0.007552197389029,0.583064019265153,78078.226,0.0575147928994083,"not significant",-0.189431886609971
"1440","species","Haemophilus parainfluenzae","group_char","control","dementia","unpaired",NA,69,59.4877934928452,0.000577208524570464,0.999906667288885,149986,1,0.00306372549019608,0.840579710144927,-0.00439375736297083,0.765933742706558,200565.594,0.0358974358974359,"not significant",0.000116975206581459
"1441","species","Haemophilus sp. CCUG 66565","group_char","control","dementia","unpaired",NA,1,1,1.44030382892098,0.230665128899141,34599,1,0.0839460784313726,1,0.0839460784313726,1,26.825,0.0153846153846154,"not significant",1.19864727160215
"1442","species","Haliotis asinina","group_char","control","dementia","unpaired",NA,1,1,0.0364141037800815,1,150000,1,0.00183823529411765,1,0.00183823529411765,1,8.278,0.0153846153846154,"not significant",0
"1443","species","Hanrivervirus pSf1","group_char","control","dementia","unpaired",NA,9,8.85580042128329,1.05123632789278,0.415590562729582,62338,1,0.0252587145969499,0.555555555555556,0.0220464059676393,0.522797277879075,523.288,0.0256410256410256,"not significant",0.81409494291934
"1444","species","Harmonia axyridis","group_char","control","dementia","unpaired",NA,2,1.99993747826885,1.03863061666797,0.41058392944047,61587,1,0.0428921568627451,1,0.0426626149818113,1,44.018,0.0153846153846154,"not significant",0.822866474565067
"1445","species","Hathewaya histolytica","group_char","control","dementia","unpaired",NA,1,1,1.44030382892098,0.231645122365851,34746,1,0.0839460784313726,1,0.0839460784313726,1,13.802,0.0153846153846154,"not significant",1.19613181905658
"1446","species","Hedgehog coronavirus 1","group_char","control","dementia","unpaired",NA,11,10.3399310825251,0.222231758704727,0.871994186705422,130799,1,0.00640597147950089,0.818181818181818,0.00328022522782326,0.731006434539226,2463.6,0.0293706293706294,"not significant",0.161125969583666
"1447","species","Helianthus annuus","group_char","control","dementia","unpaired",NA,1,1,0.0364141037800815,1,150000,1,0.00183823529411765,1,0.00183823529411765,1,3.474,0.0153846153846154,"not significant",0
"1448","species","Helicobacter acinonychis","group_char","control","dementia","unpaired",NA,1,1,0.0364141037800815,1,150000,1,0.00183823529411765,1,0.00183823529411765,1,143.507,0.0153846153846154,"not significant",0
"1449","species","Helicobacter pylori","group_char","control","dementia","unpaired",NA,84,82.4976925655998,2.88563817060825,0.48255678295478,72383,1,0.0200163398692811,0.869047619047619,0.0208816260419825,0.848611111268916,40469.535,0.0210622710622711,"not significant",0.70219625154471
"1450","species","Hepacivirus hominis","group_char","control","dementia","unpaired",NA,4,3.95886773839144,-0.30665085525566,1,150000,1,-0.0079656862745098,0.5,-0.00896500868430107,0.449034557100645,80.867,0.0230769230769231,"not significant",0
"1451","species","Hepatitis E virus","group_char","control","dementia","unpaired",NA,3,2.99991632580717,1.67806609015207,0.131259124939167,19688,1,0.0565767973856209,1,0.0563723791751085,1,63.793,0.0153846153846154,"not significant",1.50915520358822
"1452","species","Hepatitis delta virus","group_char","control","dementia","unpaired",NA,1,1,0.0364141037800815,1,150000,1,0.00183823529411765,1,0.00183823529411765,1,576.092,0.0153846153846154,"not significant",0
"1453","species","Hepatovirus ahepa","group_char","control","dementia","unpaired",NA,6,5.94120255348249,-0.23174426043521,1,150000,1,-0.00469771241830065,0.666666666666667,-0.00561724182026864,0.6197706671663,565.312,0.0205128205128205,"not significant",0
"1454","species","Hespellia stercorisuis","group_char","control","dementia","unpaired",NA,2,2,0.0514973194274527,1,150000,1,0.00183823529411765,1,0.00183823529411765,1,36.185,0.0153846153846154,"not significant",0
"1455","species","Hesperocyparis arizonica","group_char","control","dementia","unpaired",NA,1,1,0.0364141037800815,1,150000,1,0.00183823529411765,1,0.00183823529411765,1,25.501,0.0153846153846154,"not significant",0
"1456","species","Heterodera glycines","group_char","control","dementia","unpaired",NA,1,1,0.0364141037800815,1,150000,1,0.00183823529411765,1,0.00183823529411765,1,16.321,0.0153846153846154,"not significant",0
"1457","species","Hevea brasiliensis","group_char","control","dementia","unpaired",NA,4,3.99990673883154,0.768893416858854,0.336031093126046,50404,1,0.0223651960784314,1,0.0221935196089669,1,155.529,0.0153846153846154,"not significant",0.962036851117144
"1458","species","Hippoglossus hippoglossus","group_char","control","dementia","unpaired",NA,1,1,0.0364141037800815,1,150000,1,0.00183823529411765,1,0.00183823529411765,1,8.891,0.0153846153846154,"not significant",0
"1459","species","Holdemanella biformis","group_char","control","dementia","unpaired",NA,7,6.66910917932783,-0.902089204598746,0.439363737575083,65904,1,-0.0177696078431373,0.571428571428571,-0.0239287085921876,0.477125317961574,991.956,0.0307692307692308,"not significant",-0.773268088267531
"1460","species","Homarus gammarus","group_char","control","dementia","unpaired",NA,1,1,0.943188950512739,0.412550582996113,61882,1,0.0643382352941176,1,0.0643382352941176,1,24.957,0.0307692307692308,"not significant",0.819413416220532
"1461","species","Homo sapiens","group_char","control","dementia","unpaired",NA,762,732.560024986515,7.03785696710609,0.811014593236045,121652,1,0.0168223457361948,0.884514435695538,0.0167726337523736,0.856989756516391,1848183.599,0.0218049666868565,"not significant",0.239117344029781
"1462","species","Hopescreekvirus LfeInf","group_char","control","dementia","unpaired",NA,42,37.8736115131247,-0.0520424336104371,0.987306751288325,148096,1,0.00242180205415499,0.738095238095238,-0.0056695598606049,0.655788602517098,4143.704,0.0333333333333333,"not significant",-0.0159092991559729
"1463","species","Hordeum vulgare","group_char","control","dementia","unpaired",NA,10,9.04748196511752,1.12370206631589,0.411450590329398,61717,1,0.0252450980392157,0.9,0.0224833129525695,0.892648160787704,816.027,0.0292307692307692,"not significant",0.821343580961015
"1464","species","Hoylesella timonensis","group_char","control","dementia","unpaired",NA,4,3.96568946340576,-0.127388034426873,1,150000,1,-0.00306372549019608,0.75,-0.00385346681387684,0.709723192492281,106.254,0.0192307692307692,"not significant",0
"1465","species","Human coronavirus 229E","group_char","control","dementia","unpaired",NA,18,15.7692634917777,-1.98737652057366,0.181578789474737,27236,1,-0.0272331154684096,0.388888888888889,-0.0464074831589758,0.304098997803115,2439.128,0.0632478632478632,"not significant",-1.33590970182128
"1466","species","Human coronavirus HKU1","group_char","control","dementia","unpaired",NA,17,13.7407804131351,0.654820320414463,0.6237491750055,93562,1,0.0177696078431373,0.823529411764706,0.00798713642895412,0.740047950804053,4094.245,0.0597285067873303,"not significant",0.490543755865511
"1467","species","Human coronavirus NL63","group_char","control","dementia","unpaired",NA,10,7.47559913485393,-1.34388086375222,0.240478396810688,36071,1,-0.0202205882352941,0.8,-0.0737957115144897,0.638800097612894,1959.511,0.0584615384615385,"not significant",-1.17379188102025
"1468","species","Human immunodeficiency virus type 1","group_char","control","dementia","unpaired",NA,7,6.94037271366014,0.878491681577955,0.408797274684835,61319,1,0.0196953781512605,1,0.022312434676285,1,179.497,0.0197802197802198,"not significant",0.826012017594779
"1469","species","Human mastadenovirus A","group_char","control","dementia","unpaired",NA,4,3.64461108542501,0.666505684144529,0.654368970873528,98155,1,0.032781862745098,1,0.0345574187647432,1,1875.335,0.103846153846154,"not significant",0.447701040175202
"1470","species","Human mastadenovirus C","group_char","control","dementia","unpaired",NA,23,17.7615392032305,-0.668703789989226,0.766968220211865,115045,1,-0.0119085677749361,0.478260869565217,-0.0186724541716647,0.388174534747057,26004.741,0.233444816053512,"not significant",-0.29634290884536
"1471","species","Ixodes scapularis","group_char","control","dementia","unpaired",NA,1,1,0.0364141037800815,1,150000,1,0.00183823529411765,1,0.00183823529411765,1,21.837,0.0153846153846154,"not significant",0
"1472","species","Jasus lalandii","group_char","control","dementia","unpaired",NA,1,1,0.0364141037800815,1,150000,1,0.00183823529411765,1,0.00183823529411765,1,10.57,0.0153846153846154,"not significant",0
"1473","species","Jerseyvirus Ent1","group_char","control","dementia","unpaired",NA,11,10.9580218337574,0.856835007889864,0.632455783628109,94868,1,0.0149844028520499,1,0.0158758231801285,1,476.172,0.0167832167832168,"not significant",0.478273178841175
"1474","species","Jerseyvirus SE2","group_char","control","dementia","unpaired",NA,2,1.97943386919572,-0.216834899207932,1,150000,1,-0.0079656862745098,0.5,-0.00896500868430107,0.449034557100645,639.137,0.0230769230769231,"not significant",0
"1475","species","Jerseyvirus f18SE","group_char","control","dementia","unpaired",NA,11,10.999659318697,2.22427813170998,0.0811061259591603,12165,1,0.0391599821746881,1,0.0389324529857128,1,493.878,0.0153846153846154,"not significant",1.7443038196998
"1476","species","Jerseyvirus jersey","group_char","control","dementia","unpaired",NA,7,6.99989366917718,0.621892632921502,0.574842834381104,86226,1,0.0135679271708683,1,0.0134559457187453,1,175.45,0.0153846153846154,"not significant",0.560933554745862
"1477","species","Jiaodavirus jd18","group_char","control","dementia","unpaired",NA,34,33.6128048773554,1.01319869609255,0.882760781594789,132414,1,0.0110294117647059,0.941176470588235,0.00994202938090496,0.919587621239526,3141.459,0.0176470588235294,"not significant",0.147470349380372
"1478","species","Juglans nigra","group_char","control","dementia","unpaired",NA,3,3,0.0630710778591871,1,150000,1,0.00183823529411765,1,0.00183823529411765,1,20.624,0.0153846153846154,"not significant",0
"1479","species","Juglans regia","group_char","control","dementia","unpaired",NA,2,2,0.0514973194274527,1,150000,1,0.00183823529411765,1,0.00183823529411765,1,18.655,0.0153846153846154,"not significant",0
"1480","species","Junavirus PL1","group_char","control","dementia","unpaired",NA,16,15.7141811996728,0.771581450745496,0.684262104919301,102639,1,0.0125612745098039,0.8125,0.0134779971541776,0.792132894713093,1001.522,0.0230769230769231,"not significant",0.4066540344598
"1481","species","Juniperus ashei","group_char","control","dementia","unpaired",NA,1,1,0.0364141037800815,1,150000,1,0.00183823529411765,1,0.00183823529411765,1,15.046,0.0153846153846154,"not significant",0
"1482","species","Kali turgidum","group_char","control","dementia","unpaired",NA,3,3,0.0630710778591871,1,150000,1,0.00183823529411765,1,0.00183823529411765,1,49.219,0.0153846153846154,"not significant",0
"1483","species","Kayvirus G1","group_char","control","dementia","unpaired",NA,36,35.1360443419417,0.081869015016632,0.99004673302178,148507,1,0.00343818082788671,0.722222222222222,0.000160287201535829,0.658312396165274,5824.732,0.0230769230769231,"not significant",0.0124748937720722
"1484","species","Kayvirus P108","group_char","control","dementia","unpaired",NA,6,5.96336496040303,0.522662359291907,0.612835914427237,91925,1,0.0122549019607843,1,0.0140805472766307,1,474.572,0.017948717948718,"not significant",0.506029537227813
"1485","species","Kineothrix alysoides","group_char","control","dementia","unpaired",NA,1,1,0.0364141037800815,1,150000,1,0.00183823529411765,1,0.00183823529411765,1,22.952,0.0153846153846154,"not significant",0
"1486","species","Klebsiella michiganensis","group_char","control","dementia","unpaired",NA,2,2,0.0514973194274527,1,150000,1,0.00183823529411765,1,0.00183823529411765,1,106.899,0.0153846153846154,"not significant",0
"1487","species","Klebsiella oxytoca phage phiKO2","group_char","control","dementia","unpaired",NA,18,17.415393628034,1.68962765314345,0.314477903480643,47171,1,0.0252587145969499,1,0.0291416238613644,1,1061.256,0.0256410256410256,"not significant",1.0058704273319
"1488","species","Klebsiella pneumoniae","group_char","control","dementia","unpaired",NA,2,1.98016432291843,2.52733409630345,0.0519396537356418,7790,1,0.115196078431373,1,0.118323762807796,1,187.939,0.0230769230769231,"not significant",1.94363357728752
"1489","species","Kochikohdavirus EF24C","group_char","control","dementia","unpaired",NA,1,1,0.0364141037800815,1,150000,1,0.00183823529411765,1,0.00183823529411765,1,12.66,0.0153846153846154,"not significant",0
"1490","species","Krischvirus georgiaone","group_char","control","dementia","unpaired",NA,64,61.4525023283396,0.811860826532533,0.977140152398984,146571,1,0.00785079656862745,0.796875,0.00661167114263202,0.753879442239232,291987.324,0.0247596153846154,"not significant",0.0286544909631952
"1491","species","Kuttervirus SFP10","group_char","control","dementia","unpaired",NA,32,31.3223212990032,0.70068119080989,0.945967026886487,141895,1,0.00915287990196078,0.875,0.00659859857840943,0.833929098610563,3064.578,0.0197115384615385,"not significant",0.0677721336301935
"1492","species","Lachnospira eligens","group_char","control","dementia","unpaired",NA,83,80.0368490661036,1.9348930110187,0.856434290438064,128465,1,0.013783073470352,0.91566265060241,0.0129429607681587,0.887732972148132,8736.754,0.0207599629286376,"not significant",0.180915005602628
"1493","species","Lachnospiraceae bacterium","group_char","control","dementia","unpaired",NA,36,34.4977902816785,1.93164910506043,0.44647702348651,66971,1,0.0204929193899782,0.944444444444444,0.0210299457509639,0.936885727766024,2059.298,0.0222222222222222,"not significant",0.761301468797265
"1494","species","Lachnospiraceae bacterium 1_4_56FAA","group_char","control","dementia","unpaired",NA,2,2,0.0514973194274527,1,150000,1,0.00183823529411765,1,0.00183823529411765,1,684.519,0.0153846153846154,"not significant",0
"1495","species","Lachnospiraceae bacterium 28-4","group_char","control","dementia","unpaired",NA,1,1,0.0364141037800815,1,150000,1,0.00183823529411765,1,0.00183823529411765,1,31.146,0.0153846153846154,"not significant",0
"1496","species","Lachnospiraceae bacterium 2_1_46FAA","group_char","control","dementia","unpaired",NA,2,2,0.0514973194274527,1,150000,1,0.00183823529411765,1,0.00183823529411765,1,183.159,0.0153846153846154,"not significant",0
"1497","species","Lachnospiraceae bacterium 2_1_58FAA","group_char","control","dementia","unpaired",NA,8,7.64022366661405,-0.0149099328669561,1,150000,1,-0.000153186274509804,0.875,-0.000136414887168529,0.863043518135564,987.226,0.025,"not significant",0
"1498","species","Lachnospiraceae bacterium 3-1","group_char","control","dementia","unpaired",NA,2,1.97943386919572,-0.216834899207932,1,150000,1,-0.0079656862745098,0.5,-0.00896500868430107,0.449034557100645,411.102,0.0230769230769231,"not significant",0
"1499","species","Lachnospiraceae bacterium 3_1_46FAA","group_char","control","dementia","unpaired",NA,16,15.9135683818015,0.6133081113051,0.816581222791848,122487,1,0.00965073529411764,0.875,0.0087925672393296,0.850655058198605,1303.924,0.0173076923076923,"not significant",0.231944368728886
"1500","species","Lachnospiraceae bacterium 5_1_63FAA","group_char","control","dementia","unpaired",NA,8,7.84958169826011,0.57608787735058,0.697928680475464,104689,1,0.0150122549019608,0.75,0.0114311199124843,0.693244159830646,889.894,0.0211538461538462,"not significant",0.388118042543468
"1501","species","Lachnospiraceae bacterium 9_1_43BFAA","group_char","control","dementia","unpaired",NA,1,1,0.0364141037800815,1,150000,1,0.00183823529411765,1,0.00183823529411765,1,21295.502,0.0153846153846154,"not significant",0
"1502","species","Lachnospiraceae bacterium AM10-38","group_char","control","dementia","unpaired",NA,4,3.91435241943069,0.882338427606231,0.304364637569083,45654,1,0.0281862745098039,1,0.031355396059274,1,423.326,0.0269230769230769,"not significant",1.02711856551046
"1503","species","Lachnospiraceae bacterium AM21-21","group_char","control","dementia","unpaired",NA,2,2,0.0514973194274527,1,150000,1,0.00183823529411765,1,0.00183823529411765,1,8421.232,0.0153846153846154,"not significant",0
"1504","species","Lachnospiraceae bacterium AM25-17","group_char","control","dementia","unpaired",NA,1,1,1.44030382892098,0.230718461876921,34607,1,0.0839460784313726,1,0.0839460784313726,1,64.267,0.0153846153846154,"not significant",1.19851018104702
"1505","species","Lachnospiraceae bacterium AM26-1LB","group_char","control","dementia","unpaired",NA,5,5,0.0814244113919944,1,150000,1,0.00183823529411765,1,0.00183823529411765,1,1360.789,0.0153846153846154,"not significant",0
"1506","species","Lachnospiraceae bacterium AM48-27BH","group_char","control","dementia","unpaired",NA,1,1,0.0364141037800815,1,150000,1,0.00183823529411765,1,0.00183823529411765,1,54.613,0.0153846153846154,"not significant",0
"1507","species","Lachnospiraceae bacterium MD308","group_char","control","dementia","unpaired",NA,2,2,2.03689720879795,0.230131799121339,34519,1,0.0839460784313726,1,0.0839460784313726,1,168.821,0.0153846153846154,"not significant",1.2000194180008
"1508","species","Lachnospiraceae bacterium OM02-26","group_char","control","dementia","unpaired",NA,1,1,0.0364141037800815,1,150000,1,0.00183823529411765,1,0.00183823529411765,1,58.9,0.0153846153846154,"not significant",0
"1509","species","Lacnuvirus LcNu","group_char","control","dementia","unpaired",NA,5,4.99985028267632,1.32866613816657,0.250071666188892,37510,1,0.0346813725490196,1,0.0344612584849552,1,197.275,0.0153846153846154,"not significant",1.15017532697296
"1510","species","Lacticaseibacillus casei","group_char","control","dementia","unpaired",NA,1,1,1.44030382892098,0.231691788721409,34753,1,0.0839460784313726,1,0.0839460784313726,1,51.009,0.0153846153846154,"not significant",1.19601222430467
"1511","species","Lacticaseibacillus paracasei","group_char","control","dementia","unpaired",NA,14,13.3931309134205,-0.229198456769924,0.943020379864134,141453,1,-0.000700280112044815,0.857142857142857,-0.00657576283617374,0.794276800327286,1431.374,0.021978021978022,"not significant",-0.0714741718343113
"1512","species","Lacticaseibacillus rhamnosus","group_char","control","dementia","unpaired",NA,125,120.703551634307,2.02251548648455,0.93080712795248,139621,1,0.0119460784313726,0.848,0.0119492544921113,0.822395253774118,47255.462,0.0224,"not significant",0.0868293875436199
"1513","species","Lactiplantibacillus garii","group_char","control","dementia","unpaired",NA,2,2,2.03689720879795,0.0504396637355751,7565,1,0.0839460784313726,1,0.0839460784313726,1,41.966,0.0153846153846154,"not significant",1.95621643097858
"1514","species","Lactiplantibacillus paraplantarum","group_char","control","dementia","unpaired",NA,4,3.96431139809336,0.527756994162116,0.658382277451484,98757,1,0.0174632352941176,0.75,0.0153907932408172,0.708957525502732,352.329,0.0192307692307692,"not significant",0.442147771353743
"1515","species","Lactiplantibacillus plantarum","group_char","control","dementia","unpaired",NA,147,136.656404690974,1.02969314622433,0.948293678042146,142244,1,0.00827414299052955,0.748299319727891,0.00412119757787751,0.688683047765538,279154.878,0.0296180010465725,"not significant",0.0648496896757789
"1516","species","Lactobacillus acidophilus","group_char","control","dementia","unpaired",NA,123,118.708707404055,1.00989972554252,0.986193425377164,147929,1,0.0066405627291567,0.878048780487805,0.00599594373515159,0.843193050601448,64693.777,0.0231394621638524,"not significant",0.0173048388010459
"1517","species","Lactobacillus amylovorus","group_char","control","dementia","unpaired",NA,2,2,0.0514973194274527,1,150000,1,0.00183823529411765,1,0.00183823529411765,1,5335.785,0.0153846153846154,"not significant",0
"1518","species","Lactobacillus crispatus","group_char","control","dementia","unpaired",NA,4,3.83777407085185,-0.164607943279078,0.888080746128359,133212,1,-0.00214460784313726,0.75,-0.00473122956842286,0.682513681709923,13756.692,0.0346153846153846,"not significant",-0.140733162241747
"1519","species","Lactobacillus delbrueckii","group_char","control","dementia","unpaired",NA,1,1,0.0364141037800815,1,150000,1,0.00183823529411765,1,0.00183823529411765,1,18.005,0.0153846153846154,"not significant",0
"1520","species","Lactobacillus gasseri","group_char","control","dementia","unpaired",NA,23,22.538213507466,0.934171351069948,0.750708328611143,112606,1,0.0128676470588235,0.869565217391304,0.0128067020315355,0.842840278235543,3143.252,0.0207357859531773,"not significant",0.317705513463861
"1521","species","Lactobacillus helveticus","group_char","control","dementia","unpaired",NA,1,1,1.44030382892098,0.230905127299151,34635,1,0.0839460784313726,1,0.0839460784313726,1,33.6,0.0153846153846154,"not significant",1.19803054139061
"1522","species","Lactobacillus johnsonii","group_char","control","dementia","unpaired",NA,23,21.0160242372303,-0.828404461991885,0.67960213598576,101940,1,-0.00620737425404945,0.826086956521739,-0.0168803787148041,0.725129784852698,12674.833,0.0301003344481605,"not significant",-0.413006111658739
"1523","species","Lactobacillus kitasatonis","group_char","control","dementia","unpaired",NA,4,3.99990673883154,0.768893416858854,0.658375610829261,98756,1,0.0223651960784314,1,0.0221935196089669,1,275.56,0.0153846153846154,"not significant",0.442156984708482
"1524","species","Lactobacillus phage JCL1032","group_char","control","dementia","unpaired",NA,24,23.5704473142302,1.68354678779593,0.40679728801808,61019,1,0.0218545751633987,0.916666666666667,0.0231817753730338,0.897715499085071,1126.616,0.0211538461538462,"not significant",0.829542871633446
"1525","species","Lactobacillus phage KC5a","group_char","control","dementia","unpaired",NA,15,14.7971317458429,1.81511441778285,0.247305017966547,37095,1,0.029452614379085,0.866666666666667,0.0283013263726746,0.844768980087701,553.89,0.0194871794871795,"not significant",1.15692007027797
"1526","species","Lactobacillus phage Lv-1","group_char","control","dementia","unpaired",NA,10,9.9998884586975,0.554649225218485,0.806934620435864,121040,1,0.0100490196078431,1,0.00996675251005984,1,2003.727,0.0153846153846154,"not significant",0.244382465782463
"1527","species","Lactobacillus phage phi jlb1","group_char","control","dementia","unpaired",NA,3,2.72358061189696,-0.0959184509006638,1,150000,1,-0.00347222222222222,0.666666666666667,-0.00586477248557561,0.516488127059254,430.665,0.041025641025641,"not significant",0
"1528","species","Lactobacillus phage phiAQ113","group_char","control","dementia","unpaired",NA,19,18.3789782351509,0.630937305787982,0.807354617635882,121103,1,0.00983617131062951,0.894736842105263,0.00904147196539623,0.872617907695728,14069.819,0.0226720647773279,"not significant",0.243840157527946
"1529","species","Lactobacillus phage phig1e","group_char","control","dementia","unpaired",NA,14,13.7952316825967,0.995121795333525,0.528843141045726,79326,1,0.0168942577030812,0.857142857142857,0.0179158562513031,0.839493342655122,1033.876,0.021978021978022,"not significant",0.629772957479385
"1530","species","Lactobacillus prophage Lj771","group_char","control","dementia","unpaired",NA,12,10.932266158919,0.00243746894381902,1,150000,1,0.0011233660130719,0.833333333333333,-0.00281822703778391,0.718386391206264,1358.502,0.0320512820512821,"not significant",0
"1531","species","Lactobacillus prophage Lj928","group_char","control","dementia","unpaired",NA,1,1,-1.27276985808483,0.323964506903287,48594,1,-0.0962009803921569,0,-0.0962009803921569,0,93.082,0.0923076923076923,"not significant",-0.986343649811751
"1532","species","Lactobacillus sp. CBA3605","group_char","control","dementia","unpaired",NA,1,1,0.0364141037800815,1,150000,1,0.00183823529411765,1,0.00183823529411765,1,29.82,0.0153846153846154,"not significant",0
"1533","species","Lactobacillus ultunensis","group_char","control","dementia","unpaired",NA,5,4.94660724083163,0.301498760705156,0.743441710388597,111516,1,0.0104166666666667,0.6,0.00791537289064315,0.549135709713037,655.171,0.0215384615384615,"not significant",0.327299050669975
"1534","species","Lactococcus lactis phage 645","group_char","control","dementia","unpaired",NA,1,1,0.487609474530178,0.660208931940454,99031,1,0.048406862745098,1,0.048406862745098,1,188517.902,0.107692307692308,"not significant",0.439624722448272
"1535","species","Lactococcus lactis subsp. cremoris","group_char","control","dementia","unpaired",NA,1,1,0.0364141037800815,1,150000,1,0.00183823529411765,1,0.00183823529411765,1,46.186,0.0153846153846154,"not significant",0
"1536","species","Lactococcus phage bIL285","group_char","control","dementia","unpaired",NA,15,14.7011284554754,0.834870785166302,0.709488603409311,106423,1,0.013031045751634,0.933333333333333,0.0159532645789393,0.922283980343357,607.01,0.0194871794871795,"not significant",0.372542999204353
"1537","species","Lactococcus phage p2","group_char","control","dementia","unpaired",NA,1,1,1.44030382892098,0.230391797388017,34558,1,0.0839460784313726,1,0.0839460784313726,1,17856.304,0.0153846153846154,"not significant",1.19935021454176
"1538","species","Lafunavirus LF1","group_char","control","dementia","unpaired",NA,16,14.9094139476381,0.652301035194759,0.690755394964034,103613,1,0.0115655637254902,0.875,0.00907512436616828,0.788245960078043,1771.24,0.0278846153846154,"not significant",0.397830144915722
"1539","species","Larmunavirus Lrm1","group_char","control","dementia","unpaired",NA,9,8.9245949102032,0.25652169631345,0.812621249191672,121893,1,0.00701252723311547,0.555555555555556,0.00725291650540138,0.525517817156785,2008.303,0.0256410256410256,"not significant",0.237045813100911
"1540","species","Lates calcarifer","group_char","control","dementia","unpaired",NA,2,2,0.0514973194274527,1,150000,1,0.00183823529411765,1,0.00183823529411765,1,40.882,0.0153846153846154,"not significant",0
"1541","species","Leclercia adecarboxylata","group_char","control","dementia","unpaired",NA,2,1.98961321890197,-0.651214489402362,0.579229471803521,86884,1,-0.0275735294117647,0,-0.0282818926079722,0,94.904,0.0384615384615385,"not significant",-0.554510572990515
"1542","species","Lederbergvirus SE1Spa","group_char","control","dementia","unpaired",NA,4,3.78331428950557,0.530157065381292,0.568629542469717,85294,1,0.0183823529411765,0.75,0.0268703171982256,0.752254049847962,67222.183,0.0346153846153846,"not significant",0.570071001393223
"1543","species","Legionella pneumophila","group_char","control","dementia","unpaired",NA,196,187.423801464474,1.94999520477869,0.93784708101946,140677,1,0.0101290516206483,0.846938775510204,0.00810106679990522,0.798883825955101,108156.222,0.0226844583987441,"not significant",0.0779760792725834
"1544","species","Leishmania braziliensis","group_char","control","dementia","unpaired",NA,2,2,0.0514973194274527,1,150000,1,0.00183823529411765,1,0.00183823529411765,1,20.054,0.0153846153846154,"not significant",0
"1545","species","Leishmania chagasi","group_char","control","dementia","unpaired",NA,1,1,1.44030382892098,0.228951806987953,34342,1,0.0839460784313726,1,0.0839460784313726,1,58.995,0.0153846153846154,"not significant",1.20306334908958
"1546","species","Leishmania infantum","group_char","control","dementia","unpaired",NA,1,1,0.0364141037800815,1,150000,1,0.00183823529411765,1,0.00183823529411765,1,28.175,0.0153846153846154,"not significant",0
"1547","species","Leishmania major","group_char","control","dementia","unpaired",NA,2,2,0.0514973194274527,1,150000,1,0.00183823529411765,1,0.00183823529411765,1,228.083,0.0153846153846154,"not significant",0
"1548","species","Lens culinaris","group_char","control","dementia","unpaired",NA,2,1.99374715730185,-1.02296970154152,0.56794954700302,85192,1,-0.0471813725490196,0,-0.047730411984464,0,274.192,0.0538461538461538,"not significant",-0.571073904293929
"1549","species","Lepidoglyphus destructor","group_char","control","dementia","unpaired",NA,1,1,0.0364141037800815,1,150000,1,0.00183823529411765,1,0.00183823529411765,1,8.566,0.0153846153846154,"not significant",0
"1550","species","Lepisma saccharinum","group_char","control","dementia","unpaired",NA,1,1,1.44030382892098,0.231418457210285,34712,1,0.0839460784313726,1,0.0839460784313726,1,24.061,0.0153846153846154,"not significant",1.19671295136215
"1551","species","Leptospira borgpetersenii","group_char","control","dementia","unpaired",NA,1,1,0.0364141037800815,1,150000,1,0.00183823529411765,1,0.00183823529411765,1,41.892,0.0153846153846154,"not significant",0
"1552","species","Leptospira interrogans","group_char","control","dementia","unpaired",NA,2,1.98087147550815,0.752069658266419,0.411563922907181,61734,1,0.0330882352941176,1,0.0361591136132752,1,97.004,0.0230769230769231,"not significant",0.821144574173362
"1553","species","Leptospira tipperaryensis","group_char","control","dementia","unpaired",NA,1,1,0.0364141037800815,1,150000,1,0.00183823529411765,1,0.00183823529411765,1,22.372,0.0153846153846154,"not significant",0
"1554","species","Leptotrichia shahii","group_char","control","dementia","unpaired",NA,1,1,0.0364141037800815,1,150000,1,0.00183823529411765,1,0.00183823529411765,1,14.636,0.0153846153846154,"not significant",0
"1555","species","Leptotrichia wadei","group_char","control","dementia","unpaired",NA,1,1,1.44030382892098,0.230185132099119,34527,1,0.0839460784313726,1,0.0839460784313726,1,23.42,0.0153846153846154,"not significant",1.19988210168688
"1556","species","Lethocerus indicus","group_char","control","dementia","unpaired",NA,1,1,1.44030382892098,0.229998466676889,34499,1,0.0839460784313726,1,0.0839460784313726,1,17.535,0.0153846153846154,"not significant",1.2003628078183
"1557","species","Leyella stercorea","group_char","control","dementia","unpaired",NA,1,1,0.0364141037800815,1,150000,1,0.00183823529411765,1,0.00183823529411765,1,53.854,0.0153846153846154,"not significant",0
"1558","species","Ligilactobacillus salivarius","group_char","control","dementia","unpaired",NA,75,73.6478377714294,2.20757095699174,0.717335217765215,107600,1,0.0163153594771242,0.906666666666667,0.0161067817426603,0.882365665881921,12108.69,0.0194871794871795,"not significant",0.362022498542896
"1559","species","Limnonectes macrodon","group_char","control","dementia","unpaired",NA,2,2,0.0514973194274527,1,150000,1,0.00183823529411765,1,0.00183823529411765,1,42.798,0.0153846153846154,"not significant",0
"1560","species","Limosilactobacillus fermentum","group_char","control","dementia","unpaired",NA,20,19.2126484865912,0.486615027644755,0.817321217858548,122598,1,0.00863970588235294,0.85,0.00696748039737502,0.814097525553756,3258.938,0.0261538461538462,"not significant",0.230991741531871
"1561","species","Limosilactobacillus frumenti","group_char","control","dementia","unpaired",NA,1,1,0.0364141037800815,1,150000,1,0.00183823529411765,1,0.00183823529411765,1,70.98,0.0153846153846154,"not significant",0
"1562","species","Limosilactobacillus reuteri","group_char","control","dementia","unpaired",NA,59,55.009523061648,0.758021089125524,0.93795374697502,140693,1,0.00788260219341974,0.76271186440678,0.00776358772741655,0.704050155141321,396234.69,0.0292046936114733,"not significant",0.0778419869814616
"1563","species","Limulus polyphemus","group_char","control","dementia","unpaired",NA,1,1,0.0364141037800815,1,150000,1,0.00183823529411765,1,0.00183823529411765,1,73.524,0.0153846153846154,"not significant",0
"1564","species","Listeria booriae","group_char","control","dementia","unpaired",NA,1,1,0.0364141037800815,1,150000,1,0.00183823529411765,1,0.00183823529411765,1,17.237,0.0153846153846154,"not significant",0
"1565","species","Listeria innocua","group_char","control","dementia","unpaired",NA,15,14.3680975303894,-0.775000660266258,0.603375977493483,90506,1,-0.00943627450980392,0.533333333333333,-0.0138074719336475,0.474099964009241,3226.201,0.0328205128205128,"not significant",-0.519551832539076
"1566","species","Listeria ivanovii","group_char","control","dementia","unpaired",NA,7,6.63457976196576,-0.0821966581928258,0.958313611242592,143747,1,0.00236344537815126,0.857142857142857,-0.0052990766445175,0.775028416347722,310.039,0.0241758241758242,"not significant",-0.0522699321247057
"1567","species","Listeria monocytogenes","group_char","control","dementia","unpaired",NA,258,248.443501494727,0.96984131434186,0.995906693955374,149386,1,0.00588045295637637,0.810077519379845,0.00374907793553273,0.764483916052091,110790.84,0.024448419797257,"not significant",0.00513022083785569
"1568","species","Listeria phage 2389","group_char","control","dementia","unpaired",NA,9,8.40426941080587,0.755000940543281,0.522223185178765,78333,1,0.0217184095860566,0.555555555555556,0.0184215849024868,0.518786510635875,1092.609,0.0427350427350427,"not significant",0.639922192547108
"1569","species","Listeria phage vB_LmoS_293","group_char","control","dementia","unpaired",NA,18,17.9110682649896,0.916006744657512,0.856367624215839,128455,1,0.0133442265795207,0.888888888888889,0.0124495223407628,0.866779858226827,1788.374,0.0170940170940171,"not significant",0.180999938590495
"1570","species","Listeria seeligeri","group_char","control","dementia","unpaired",NA,2,2,0.0514973194274527,1,150000,1,0.00183823529411765,1,0.00183823529411765,1,105.024,0.0153846153846154,"not significant",0
"1571","species","Listeria welshimeri","group_char","control","dementia","unpaired",NA,20,19.4658363343517,1.34532217392496,0.490363397577349,73554,1,0.0186274509803922,0.95,0.0211640148718122,0.943127233164819,3530.099,0.0215384615384615,"not significant",0.689730951828308
"1572","species","Locusta migratoria","group_char","control","dementia","unpaired",NA,1,1,0.0364141037800815,1,150000,1,0.00183823529411765,1,0.00183823529411765,1,9.66,0.0153846153846154,"not significant",0
"1573","species","Lolium perenne","group_char","control","dementia","unpaired",NA,4,3.84693079889677,-0.046359790420352,1,150000,1,0.00275735294117647,0.75,-0.0017406363312393,0.669802925847784,276.104,0.0307692307692308,"not significant",0
"1574","species","Lotus japonicus","group_char","control","dementia","unpaired",NA,3,2.97430651165373,-0.360933479696844,0.915467230218465,137320,1,-0.011233660130719,0.333333333333333,-0.0120927572084919,0.289519382366912,377.119,0.0256410256410256,"not significant",-0.106145097975933
"1575","species","Lucheng Rn rat coronavirus","group_char","control","dementia","unpaired",NA,5,4.95034010368173,1.55634190750058,0.0954593636042426,14318,1,0.0432598039215686,1,0.044870156340386,1,230.072,0.0215384615384615,"not significant",1.66727687049393
"1576","species","Lupinus albus","group_char","control","dementia","unpaired",NA,3,2.72095162620346,-0.985792644958215,0.4292438050413,64386,1,-0.0308415032679739,0.666666666666667,-0.0456418847278366,0.515702775776066,133.521,0.041025641025641,"not significant",-0.790486325639479
"1577","species","Lupinus angustifolius","group_char","control","dementia","unpaired",NA,6,5.94109739303465,3.34634216595798,0.00564662902247318,846,1,0.0878267973856209,1,0.0907679560158361,1,1522.572,0.0230769230769231,"nominal only",2.76762555732273
"1578","species","Lupinus luteus","group_char","control","dementia","unpaired",NA,2,2,0.0514973194274527,1,150000,1,0.00183823529411765,1,0.00183823529411765,1,53.158,0.0153846153846154,"not significant",0
"1579","species","Lymphocryptovirus humangamma4","group_char","control","dementia","unpaired",NA,253,186.324627525611,-0.443172634438496,0.928147145685695,139222,1,0.000157424629931024,0.565217391304348,-0.00538116349088258,0.510406389785597,326216.775,0.197750076010946,"not significant",-0.09017626445911
"1580","species","Lyssavirus rabies","group_char","control","dementia","unpaired",NA,2,2,0.0514973194274527,1,150000,1,0.00183823529411765,1,0.00183823529411765,1,49.875,0.0153846153846154,"not significant",0
"1581","species","Maconellicoccus hirsutus","group_char","control","dementia","unpaired",NA,1,1,0.0364141037800815,1,150000,1,0.00183823529411765,1,0.00183823529411765,1,12.305,0.0153846153846154,"not significant",0
"1582","species","Magpie-robin coronavirus HKU18","group_char","control","dementia","unpaired",NA,9,8.66731824219957,-0.27410038224516,0.825054499636669,123758,1,-0.00428921568627451,0.777777777777778,-0.00530967337883078,0.727694133369824,1566.038,0.0273504273504274,"not significant",-0.221048717956864
"1583","species","Malacoplasma penetrans","group_char","control","dementia","unpaired",NA,2,2,-0.437563761161518,1,150000,1,-0.0177696078431373,0,-0.0177696078431373,0,164.536,0.0307692307692308,"not significant",0
"1584","species","Malassezia furfur","group_char","control","dementia","unpaired",NA,3,3,0.0630710778591871,1,150000,1,0.00183823529411765,1,0.00183823529411765,1,52.696,0.0153846153846154,"not significant",0
"1585","species","Malassezia globosa","group_char","control","dementia","unpaired",NA,1,1,0.0364141037800815,1,150000,1,0.00183823529411765,1,0.00183823529411765,1,17.984,0.0153846153846154,"not significant",0
"1586","species","Malassezia sympodialis","group_char","control","dementia","unpaired",NA,5,4.99990063191698,0.703658147265928,0.661308924607169,99196,1,0.0182598039215686,1,0.0181133883037289,1,148.342,0.0153846153846154,"not significant",0.43810671816055
"1587","species","Malus domestica","group_char","control","dementia","unpaired",NA,5,4.96140005391126,0.492764175005623,0.660522263184912,99078,1,0.0143382352941176,0.8,0.0127924668911631,0.764756831680128,222.878,0.0184615384615385,"not significant",0.439192218186219
"1588","species","Marvinbryantia formatexigens","group_char","control","dementia","unpaired",NA,1,1,0.0364141037800815,1,150000,1,0.00183823529411765,1,0.00183823529411765,1,22.634,0.0153846153846154,"not significant",0
"1589","species","Mediterranea sp. An20","group_char","control","dementia","unpaired",NA,2,2,0.0514973194274527,1,150000,1,0.00183823529411765,1,0.00183823529411765,1,53.382,0.0153846153846154,"not significant",0
"1590","species","Mediterraneibacter gnavus","group_char","control","dementia","unpaired",NA,102,85.3253499611938,1.62466288883649,0.844607702615316,126691,1,0.0143094002306805,0.862745098039216,0.0122105227063867,0.796645541493448,317924.371,0.0321266968325792,"not significant",0.196003147267548
"1591","species","Megasphaera elsdenii","group_char","control","dementia","unpaired",NA,3,2.99991632580717,1.67806609015207,0.130532463116913,19579,1,0.0565767973856209,1,0.0563723791751085,1,69.97,0.0153846153846154,"not significant",1.51200550099068
"1592","species","Megasphaera sp. UPII 135-E","group_char","control","dementia","unpaired",NA,2,1.89783821284154,0.0476851779291348,1,150000,1,0.0134803921568627,0.5,-0.00286865073867132,0.383992878236906,131.287,0.0384615384615385,"not significant",0
"1593","species","Meleagris gallopavo","group_char","control","dementia","unpaired",NA,5,4.61900507318686,-0.0453071486321257,0.944780368130879,141717,1,0.00330882352941176,0.6,-0.00466807526520376,0.463567481847821,1111.792,0.04,"not significant",-0.0692628851356782
"1594","species","Meriones unguiculatus","group_char","control","dementia","unpaired",NA,1,1,1.44030382892098,0.231758454943634,34763,1,0.0839460784313726,1,0.0839460784313726,1,17.313,0.0153846153846154,"not significant",1.19584140432766
"1595","species","Mesocricetus auratus","group_char","control","dementia","unpaired",NA,1,1,0.0364141037800815,1,150000,1,0.00183823529411765,1,0.00183823529411765,1,22.153,0.0153846153846154,"not significant",0
"1596","species","Mesomycoplasma hyopneumoniae","group_char","control","dementia","unpaired",NA,21,20.5484642767734,0.652710568713775,0.830301131325791,124545,1,0.0100081699346405,0.80952380952381,0.00857567877238214,0.774825119729092,3938.612,0.0212454212454212,"not significant",0.214315372096081
"1597","species","Metarhizium anisopliae","group_char","control","dementia","unpaired",NA,2,2,0.0514973194274527,1,150000,1,0.00183823529411765,1,0.00183823529411765,1,526.713,0.0153846153846154,"not significant",0
"1598","species","Middle East respiratory syndrome-related coronavirus","group_char","control","dementia","unpaired",NA,14,11.6734029389606,1.52808601677126,0.272264851567656,40839,1,0.0266106442577031,1,0.047607427003388,1,23057.767,0.0373626373626374,"not significant",1.09786177509057
"1599","species","Miniopterus bat coronavirus 1","group_char","control","dementia","unpaired",NA,11,9.09647600619844,-1.20851340241814,0.328104479303471,49215,1,-0.00963680926916222,0.909090909090909,-0.050648927543211,0.779442302813136,72411.616,0.041958041958042,"not significant",-0.977939031242557
"1600","species","Miniopterus bat coronavirus HKU8","group_char","control","dementia","unpaired",NA,7,6.03107956210827,-0.0670393068560443,0.914920567196219,137238,1,0.00166316526610644,0.714285714285714,-0.00797066446846747,0.613564443252093,1372.858,0.0615384615384615,"not significant",-0.106834134277451
"1601","species","Mink coronavirus 1","group_char","control","dementia","unpaired",NA,7,6.22513921295092,-0.000859481064639425,1,150000,1,8.75350140056019e-05,0.857142857142857,0.000938189475425786,0.855017107038178,783.882,0.0351648351648352,"not significant",0
"1602","species","Mitsuokella multacida","group_char","control","dementia","unpaired",NA,1,1,0.0364141037800815,1,150000,1,0.00183823529411765,1,0.00183823529411765,1,35.141,0.0153846153846154,"not significant",0
"1603","species","Mizuhopecten yessoensis","group_char","control","dementia","unpaired",NA,1,1,0.0364141037800815,1,150000,1,0.00183823529411765,1,0.00183823529411765,1,9.385,0.0153846153846154,"not significant",0
"1604","species","Monodelphis domestica","group_char","control","dementia","unpaired",NA,1,1,0.0364141037800815,1,150000,1,0.00183823529411765,1,0.00183823529411765,1,92.804,0.0153846153846154,"not significant",0
"1605","species","Moorena producens","group_char","control","dementia","unpaired",NA,2,2,0.0514973194274527,1,150000,1,0.00183823529411765,1,0.00183823529411765,1,88.427,0.0153846153846154,"not significant",0
"1606","species","Moraxella catarrhalis","group_char","control","dementia","unpaired",NA,3,2.99991694726006,0.867563896050143,0.412230585129432,61834,1,0.0292075163398693,1,0.0290038586779212,1,111.089,0.0153846153846154,"not significant",0.819974603578412
"1607","species","Morbillivirus hominis","group_char","control","dementia","unpaired",NA,5,4.9625619702088,-0.0997204428617258,1,150000,1,-0.00208333333333333,0.8,-0.00276456266087263,0.765257304295496,113.209,0.0184615384615385,"not significant",0
"1608","species","Mosigvirus JS09","group_char","control","dementia","unpaired",NA,25,23.2457745826069,0.44842070234197,0.900467330217799,135070,1,0.0066421568627451,0.84,0.00522841696981247,0.799216288280258,2492.545,0.0270769230769231,"not significant",0.12507101442511
"1609","species","Munia coronavirus HKU13","group_char","control","dementia","unpaired",NA,7,6.81586641345338,-0.16901985728964,0.987866747555016,148180,1,-0.00323879551820728,0.571428571428571,-0.00244745581775558,0.554379341051665,876.28,0.0285714285714286,"not significant",-0.0152073629528969
"1610","species","Muribaculaceae bacterium Isolate-037 (Harlan)","group_char","control","dementia","unpaired",NA,2,2,0.0514973194274527,1,150000,1,0.00183823529411765,1,0.00183823529411765,1,60.32,0.0153846153846154,"not significant",0
"1611","species","Murine coronavirus","group_char","control","dementia","unpaired",NA,45,36.9430728634335,0.978635448998941,0.671655522296518,100748,1,0.0122957516339869,0.844444444444444,0.0148202366696779,0.787567007194241,26892.108,0.052991452991453,"not significant",0.423876995067191
"1612","species","Murine leukemia virus","group_char","control","dementia","unpaired",NA,1,1,-0.3094043027188,1,150000,1,-0.0177696078431373,0,-0.0177696078431373,0,31.802,0.0307692307692308,"not significant",0
"1613","species","Mus musculus","group_char","control","dementia","unpaired",NA,14,13.8175355585645,1.21370464577841,0.561122925847161,84168,1,0.0210959383753501,0.857142857142857,0.0186257105157598,0.818835435877106,763.142,0.0186813186813187,"not significant",0.58117439041998
"1614","species","Musa acuminata","group_char","control","dementia","unpaired",NA,3,2.99991632580717,1.67806609015207,0.230738461743588,34610,1,0.0565767973856209,1,0.0563723791751085,1,26.166,0.0153846153846154,"not significant",1.19845877789555
"1615","species","Mycobacterium asiaticum","group_char","control","dementia","unpaired",NA,1,1,0.0364141037800815,1,150000,1,0.00183823529411765,1,0.00183823529411765,1,41.76,0.0153846153846154,"not significant",0
"1616","species","Mycobacterium avium","group_char","control","dementia","unpaired",NA,8,7.99989149694024,0.59450424911872,0.856294291371391,128444,1,0.0121017156862745,1,0.0120017104773915,1,2411.923,0.0153846153846154,"not significant",0.181093366385239
"1617","species","Mycobacterium gordonae","group_char","control","dementia","unpaired",NA,1,1,0.0364141037800815,1,150000,1,0.00183823529411765,1,0.00183823529411765,1,75.471,0.0153846153846154,"not significant",0
"1618","species","Mycobacterium lacus","group_char","control","dementia","unpaired",NA,3,3,0.0630710778591871,1,150000,1,0.00183823529411765,1,0.00183823529411765,1,114.394,0.0153846153846154,"not significant",0
"1619","species","Mycobacterium leprae","group_char","control","dementia","unpaired",NA,1,1,0.0364141037800815,1,150000,1,0.00183823529411765,1,0.00183823529411765,1,33.048,0.0153846153846154,"not significant",0
"1620","species","Mycobacterium sp. (strain JLS)","group_char","control","dementia","unpaired",NA,3,2.98545393222761,-0.714336330990099,0.522249851667656,78337,1,-0.0243055555555556,0,-0.0249507508381082,0,213087.158,0.0358974358974359,"not significant",-0.639881177618397
"1621","species","Mycobacterium tuberculosis","group_char","control","dementia","unpaired",NA,72,70.9123419276167,1.77960391862672,0.858287611415924,128743,1,0.0131740196078431,0.902777777777778,0.0147009471098889,0.881101628304501,3251.573,0.019017094017094,"not significant",0.178554388637068
"1622","species","Mycoplasmoides pneumoniae","group_char","control","dementia","unpaired",NA,66,58.5494130143017,-0.604794930029483,0.829141139059073,124371,1,0.00337938205585265,0.636363636363636,-0.0126890613295721,0.527606660007977,67912.737,0.0463869463869464,"not significant",-0.215803218978309
"1623","species","Myotis ricketti alphacoronavirus Sax-2011","group_char","control","dementia","unpaired",NA,8,7.22103584465341,-0.551538904585639,0.65347564349571,98021,1,-0.00505514705882353,0.875,-0.0213232158218778,0.766383077563089,244.153,0.0288461538461538,"not significant",-0.448939024693313
"1624","species","Mytilus galloprovincialis","group_char","control","dementia","unpaired",NA,2,2,0.0514973194274527,1,150000,1,0.00183823529411765,1,0.00183823529411765,1,91.151,0.0153846153846154,"not significant",0
"1625","species","NL63-related bat coronavirus strain BtKYNL63-9b","group_char","control","dementia","unpaired",NA,11,8.99223393116582,-0.497072889779344,0.682075452830314,102311,1,-0.00395499108734403,0.636363636363636,-0.0296116916542814,0.507509260291405,1007.668,0.0433566433566434,"not significant",-0.409632635674735
"1626","species","Nasonia vitripennis","group_char","control","dementia","unpaired",NA,6,5.95840900357426,1.01426875531052,0.488716741888387,73307,1,0.0259395424836601,0.833333333333333,0.0241325297878655,0.802248566351381,653.453,0.017948717948718,"not significant",0.692351298945546
"1627","species","Necator americanus","group_char","control","dementia","unpaired",NA,1,1,-0.593431060140572,1,150000,1,-0.0373774509803922,0,-0.0373774509803922,0,473.697,0.0461538461538462,"not significant",0
"1628","species","Negarvirus WP2","group_char","control","dementia","unpaired",NA,8,7.03701005337517,0.95906572190287,0.429570469530203,64435,1,0.0237438725490196,1,0.0302483252995826,1,364.929,0.0384615384615385,"not significant",0.789926884559831
"1629","species","Negativibacillus massiliensis","group_char","control","dementia","unpaired",NA,2,1.98087147550815,0.752069658266419,0.409190605395964,61378,1,0.0330882352941176,1,0.0361591136132752,1,436.679,0.0230769230769231,"not significant",0.825318827813548
"1630","species","Neisseria cinerea","group_char","control","dementia","unpaired",NA,1,1,0.0364141037800815,1,150000,1,0.00183823529411765,1,0.00183823529411765,1,8.544,0.0153846153846154,"not significant",0
"1631","species","Neisseria gonorrhoeae","group_char","control","dementia","unpaired",NA,5,4.94660724083163,0.301498760705156,0.85491430057133,128237,1,0.0104166666666667,0.6,0.00791537289064314,0.549135709713037,220.55,0.0215384615384615,"not significant",0.182851803339976
"1632","species","Neisseria meningitidis","group_char","control","dementia","unpaired",NA,38,32.6507076533869,-0.28375636865213,0.886700755328298,133005,1,0.00274122807017544,0.789473684210526,-0.0101103277058008,0.693765339177343,6597.345,0.048582995951417,"not significant",-0.142480152635629
"1633","species","Nicotiana tabacum","group_char","control","dementia","unpaired",NA,2,2,0.84480952510659,0.551109659268938,82666,1,0.0447303921568627,1,0.0447303921568627,1,230.061,0.0461538461538462,"not significant",0.596098151085628
"1634","species","Night heron coronavirus HKU19","group_char","control","dementia","unpaired",NA,9,8.14202341119968,-0.125638807763494,0.941753721641856,141263,1,-0.000885076252723312,0.666666666666667,-0.003417010821732,0.573917309564593,1176.087,0.0461538461538462,"not significant",-0.0730658438502992
"1635","species","Nipah virus","group_char","control","dementia","unpaired",NA,1,1,0.0364141037800815,1,150000,1,0.00183823529411765,1,0.00183823529411765,1,44.088,0.0153846153846154,"not significant",0
"1636","species","Norwalk virus","group_char","control","dementia","unpaired",NA,36,29.8119636089099,-1.81158735658051,0.538336411090593,80750,1,-0.0242374727668845,0.361111111111111,-0.0379805578260944,0.249048171062892,17420.572,0.132478632478632,"not significant",-0.615330603097613
"1637","species","Novosibovirus PM75","group_char","control","dementia","unpaired",NA,14,13.2887947657107,0.00982535538420941,0.994453370310865,149168,1,0.00542717086834734,0.714285714285714,-0.00332298203266442,0.627415955492695,432.519,0.0263736263736264,"not significant",0.00695172539551794
"1638","species","Nyctalus velutinus alphacoronavirus SC-2013","group_char","control","dementia","unpaired",NA,8,7.47362820492891,0.163031425334759,0.91169392204052,136754,1,0.00811887254901961,0.5,0.000567796887781387,0.403725228419962,96230.377,0.0346153846153846,"not significant",0.110902173490174
"1639","species","Octopus vulgaris","group_char","control","dementia","unpaired",NA,1,1,0.0364141037800815,1,150000,1,0.00183823529411765,1,0.00183823529411765,1,110.697,0.0153846153846154,"not significant",0
"1640","species","Odoribacter sp. 43_10","group_char","control","dementia","unpaired",NA,4,4,0.0728282075601631,1,150000,1,0.00183823529411765,1,0.00183823529411765,1,769.233,0.0153846153846154,"not significant",0
"1641","species","Odoribacter splanchnicus","group_char","control","dementia","unpaired",NA,41,39.8262371134977,0.232577718037188,0.981606789288071,147241,1,0.00428921568627451,0.780487804878049,0.00168039965953096,0.731982367330013,49891.247,0.0228893058161351,"not significant",0.0230545131393287
"1642","species","Olea europaea","group_char","control","dementia","unpaired",NA,1,1,0.0364141037800815,1,150000,1,0.00183823529411765,1,0.00183823529411765,1,26.499,0.0153846153846154,"not significant",0
"1643","species","Oncorhynchus keta","group_char","control","dementia","unpaired",NA,1,1,0.0364141037800815,1,150000,1,0.00183823529411765,1,0.00183823529411765,1,14.357,0.0153846153846154,"not significant",0
"1644","species","Oncorhynchus mykiss","group_char","control","dementia","unpaired",NA,4,3.89533792012788,-0.327138725806938,0.807087952746982,121063,1,-0.00796568627450981,0.75,-0.0107491307779564,0.679022165162111,136.749,0.0230769230769231,"not significant",-0.24418447190765
"1645","species","Oreochromis niloticus","group_char","control","dementia","unpaired",NA,1,1,1.44030382892098,0.229171805521297,34375,1,0.0839460784313726,1,0.0839460784313726,1,18.77,0.0153846153846154,"not significant",1.20249499132226
"1646","species","Orthobornavirus bornaense","group_char","control","dementia","unpaired",NA,1,1,1.44030382892098,0.229678468810208,34451,1,0.0839460784313726,1,0.0839460784313726,1,13.652,0.0153846153846154,"not significant",1.20118752141228
"1647","species","Orthoebolavirus sudanense","group_char","control","dementia","unpaired",NA,3,3,0.0630710778591871,1,150000,1,0.00183823529411765,1,0.00183823529411765,1,99.228,0.0153846153846154,"not significant",0
"1648","species","Orthoebolavirus zairense","group_char","control","dementia","unpaired",NA,2,1.99993747826885,1.03863061666797,0.411670588862741,61750,1,0.0428921568627451,1,0.0426626149818113,1,710.008,0.0153846153846154,"not significant",0.820957303369998
"1649","species","Orthoflavivirus denguei","group_char","control","dementia","unpaired",NA,7,5.76813170101329,-0.223680740759191,0.83334111105926,125001,1,0.00113795518207283,0.571428571428571,-0.0224699813555611,0.420608101661247,829.666,0.0527472527472527,"not significant",-0.210418428097867
"1650","species","Orthoflavivirus encephalitidis","group_char","control","dementia","unpaired",NA,4,3.99990673883154,0.768893416858854,0.409570602862648,61435,1,0.0223651960784314,1,0.0221935196089669,1,45.29,0.0153846153846154,"not significant",0.824649512422785
"1651","species","Orthoflavivirus japonicum","group_char","control","dementia","unpaired",NA,6,5.99989656817205,0.657004837909836,0.660948927007153,99142,1,0.0155228758169935,1,0.0153958261257618,1,308.525,0.0153846153846154,"not significant",0.438603408268553
"1652","species","Orthoflavivirus nilense","group_char","control","dementia","unpaired",NA,4,4,0.0728282075601631,1,150000,1,0.00183823529411765,1,0.00183823529411765,1,204.724,0.0153846153846154,"not significant",0
"1653","species","Orthopneumovirus hominis","group_char","control","dementia","unpaired",NA,45,32.1108110554189,1.3175118239064,0.611375924160506,91706,1,0.00497004357298475,0.577777777777778,0.0201372030172037,0.636136727939174,14398468.608,0.312136752136752,"not significant",0.50811039714824
"1654","species","Oryctolagus cuniculus","group_char","control","dementia","unpaired",NA,9,8.92541934852273,0.719463660699429,0.6704955300298,100574,1,0.0157271241830065,0.777777777777778,0.0139538866090748,0.73981523246614,194.143,0.0188034188034188,"not significant",0.425468019564722
"1655","species","Oryza sativa","group_char","control","dementia","unpaired",NA,30,29.5168641877815,1.24863829914016,0.629655802294651,94448,1,0.0136846405228758,0.966666666666667,0.0143508900134225,0.960925158247134,7184.663,0.018974358974359,"not significant",0.482211367635978
"1656","species","Oryzias latipes","group_char","control","dementia","unpaired",NA,3,2.99991694726006,0.867563896050143,0.551149659002273,82672,1,0.0292075163398693,1,0.0290038586779212,1,38.782,0.0153846153846154,"not significant",0.596038272867791
"1657","species","Oscillibacter sp.","group_char","control","dementia","unpaired",NA,16,15.4714314477869,-0.0502113100193602,1,150000,1,-0.00038296568627451,0.9375,-0.00103314367579511,0.917311721653723,954.171,0.0211538461538462,"not significant",0
"1658","species","Oscillibacter sp. 57_20","group_char","control","dementia","unpaired",NA,6,5.82840867254555,0.0518209947756707,1,150000,1,0.00245098039215686,0.833333333333333,0.00255264282999987,0.792321109264799,408.129,0.0256410256410256,"not significant",0
"1659","species","Oscillospiraceae bacterium","group_char","control","dementia","unpaired",NA,38,37.3271368542328,-0.187028421331241,0.994473370177532,149171,1,-0.000644994840041281,0.868421052631579,-0.0026196561158837,0.8279794446193,33601.031,0.0190283400809717,"not significant",-0.00692665867637464
"1660","species","Ovis aries","group_char","control","dementia","unpaired",NA,10,8.70565342372703,-0.902857985074858,0.543043046379691,81456,1,-0.0182598039215686,0.6,-0.025038197659563,0.497147329143935,1479.415,0.0569230769230769,"not significant",-0.608217776067899
"1661","species","Pagrus major","group_char","control","dementia","unpaired",NA,1,1,0.0364141037800815,1,150000,1,0.00183823529411765,1,0.00183823529411765,1,39.592,0.0153846153846154,"not significant",0
"1662","species","Pan troglodytes","group_char","control","dementia","unpaired",NA,3,3,2.49467941002713,0.0517529883134112,7762,1,0.0839460784313725,1,0.0839460784313726,1,40.403,0.0153846153846154,"not significant",1.94518274088162
"1663","species","Panax ginseng","group_char","control","dementia","unpaired",NA,2,2,0.0514973194274527,1,150000,1,0.00183823529411765,1,0.00183823529411765,1,128.161,0.0153846153846154,"not significant",0
"1664","species","Parabacteroides distasonis","group_char","control","dementia","unpaired",NA,123,100.984918536682,-0.367505484117651,0.970173532176452,145526,1,0.00114080184919496,0.813008130081301,-0.0101151559997544,0.712636383545341,22167.973,0.0400250156347717,"not significant",-0.0373906443584956
"1665","species","Parabacteroides goldsteinii","group_char","control","dementia","unpaired",NA,6,5.77128159189732,-0.420579138803708,0.739415070566196,110912,1,-0.00796568627450981,0.833333333333333,-0.0123298321393535,0.759142853630991,612.635,0.0230769230769231,"not significant",-0.332628045407432
"1666","species","Parabacteroides gordonii","group_char","control","dementia","unpaired",NA,1,1,0.597370544013857,0.548876340824395,82331,1,0.0447303921568627,1,0.0447303921568627,1,336.007,0.0461538461538462,"not significant",0.599444753338213
"1667","species","Parabacteroides johnsonii","group_char","control","dementia","unpaired",NA,153,138.943401681385,1.63471357351222,0.954080306131292,143112,1,0.0096957900807382,0.882352941176471,0.00866803845128295,0.84139392537547,98227.245,0.0256410256410256,"not significant",0.0575836089978232
"1668","species","Parabacteroides merdae","group_char","control","dementia","unpaired",NA,130,101.235901077596,0.739455037939842,0.936247091686055,140437,1,0.00776772247360485,0.846153846153846,-0.00189717086637548,0.755264933696141,57825.061,0.0379881656804734,"not significant",0.0799876332563234
"1669","species","Parabacteroides sp. AF18-52","group_char","control","dementia","unpaired",NA,1,1,0.0364141037800815,1,150000,1,0.00183823529411765,1,0.00183823529411765,1,45.901,0.0153846153846154,"not significant",0
"1670","species","Parabacteroides sp. AF19-14","group_char","control","dementia","unpaired",NA,2,2,-0.437563761161518,1,150000,1,-0.0177696078431373,0,-0.0177696078431373,0,119.284,0.0307692307692308,"not significant",0
"1671","species","Parabacteroides sp. AF48-14","group_char","control","dementia","unpaired",NA,2,2,0.0514973194274527,1,150000,1,0.00183823529411765,1,0.00183823529411765,1,150.153,0.0153846153846154,"not significant",0
"1672","species","Parabacteroides sp. AM08-6","group_char","control","dementia","unpaired",NA,2,1.99993747826885,1.03863061666797,0.41317724548503,61976,1,0.0428921568627451,1,0.0426626149818113,1,129.969,0.0153846153846154,"not significant",0.818315171104905
"1673","species","Parabacteroides sp. D13","group_char","control","dementia","unpaired",NA,13,12.8960648745626,1.29092042520592,0.49603002646649,74404,1,0.0225773001508296,0.846153846153846,0.0230308315860915,0.82009587864291,537.663,0.0189349112426036,"not significant",0.680749472555266
"1674","species","Parabacteroides sp. D25","group_char","control","dementia","unpaired",NA,49,47.5778441798498,1.67569206593456,0.727688482076786,109153,1,0.0151435574229692,0.918367346938776,0.0153749557544846,0.902364657462325,30168.925,0.0207221350078493,"not significant",0.348202005058456
"1675","species","Parabacteroides sp. Marseille-P3160","group_char","control","dementia","unpaired",NA,2,1.90393622930505,0.284219566126487,0.916160558929607,137424,1,0.0134803921568627,1,0.0160954847000058,1,183.954,0.0384615384615385,"not significant",0.105271270717239
"1676","species","Paraprevotella clara","group_char","control","dementia","unpaired",NA,6,3.15382850081719,0.369435912618539,0.798568009546603,119785,1,0.00714869281045752,1,0.0184291950724996,1,6011.613,0.161538461538462,"not significant",0.255200804745796
"1677","species","Paraprevotella xylaniphila","group_char","control","dementia","unpaired",NA,5,3.06905554730904,-0.530359328718094,0.638689075406164,95803,1,-0.0238970588235294,0.4,-0.023732553395773,0.191473760207589,4918.566,0.203076923076923,"not significant",-0.469532478342312
"1678","species","Paspalum notatum","group_char","control","dementia","unpaired",NA,1,1,0.0364141037800815,1,150000,1,0.00183823529411765,1,0.00183823529411765,1,21.382,0.0153846153846154,"not significant",0
"1679","species","Pebcunavirus PBC1","group_char","control","dementia","unpaired",NA,26,24.900550395522,1.35563413768959,0.545996360024267,81899,1,0.0205976621417798,0.807692307692308,0.01705106571016,0.747467745777449,191061.776,0.0254437869822485,"not significant",0.603770311943141
"1680","species","Pecentumvirus LP0832","group_char","control","dementia","unpaired",NA,7,6.95880713518553,-0.0588236185953134,1,150000,1,-0.000962885154061624,0.857142857142857,-0.00149078435829617,0.830219997726896,373.07,0.0175824175824176,"not significant",0
"1681","species","Pecentumvirus list36","group_char","control","dementia","unpaired",NA,44,43.4306885134926,1.62036756417501,0.758601609322605,113790,1,0.0160427807486631,0.863636363636364,0.0141687783590219,0.827691677647672,45982.541,0.0188811188811189,"not significant",0.307317641094626
"1682","species","Pediculus humanus","group_char","control","dementia","unpaired",NA,1,1,0.0364141037800815,1,150000,1,0.00183823529411765,1,0.00183823529411765,1,24.776,0.0153846153846154,"not significant",0
"1683","species","Peeveelvirus pv13","group_char","control","dementia","unpaired",NA,1,1,0.0364141037800815,1,150000,1,0.00183823529411765,1,0.00183823529411765,1,101.684,0.0153846153846154,"not significant",0
"1684","species","Pelagibacter phage HTVC010P","group_char","control","dementia","unpaired",NA,19,18.3937589794979,0.698968678610126,0.738008413277245,110701,1,0.012093653250774,0.789473684210526,0.00970038774370054,0.750541522460336,37928.026,0.0242914979757085,"not significant",0.334491885227726
"1685","species","Penaeus merguiensis","group_char","control","dementia","unpaired",NA,1,1,0.0364141037800815,1,150000,1,0.00183823529411765,1,0.00183823529411765,1,6.743,0.0153846153846154,"not significant",0
"1686","species","Penaeus monodon","group_char","control","dementia","unpaired",NA,2,2,0.0514973194274527,1,150000,1,0.00183823529411765,1,0.00183823529411765,1,49.91,0.0153846153846154,"not significant",0
"1687","species","Penicillium chrysogenum","group_char","control","dementia","unpaired",NA,2,1.97943386919572,-0.216834899207932,1,150000,1,-0.0079656862745098,0.5,-0.00896500868430107,0.449034557100645,225.895,0.0230769230769231,"not significant",0
"1688","species","Penicillium citrinum","group_char","control","dementia","unpaired",NA,5,4.88553392705547,0.972690890355445,0.407977280151466,61196,1,0.0268382352941176,1,0.0280802887488644,1,1125.507,0.0215384615384615,"not significant",0.827458419945453
"1689","species","Penicillium rubens","group_char","control","dementia","unpaired",NA,6,5.96336496040303,0.522662359291907,0.441810387930747,66271,1,0.0122549019607843,1,0.0140805472766307,1,357.068,0.017948717948718,"not significant",0.769139691055237
"1690","species","Periplaneta americana","group_char","control","dementia","unpaired",NA,6,6,0.0891959737019519,1,150000,1,0.00183823529411765,1,0.00183823529411765,1,139.259,0.0153846153846154,"not significant",0
"1691","species","Phalaris aquatica","group_char","control","dementia","unpaired",NA,1,1,1.44030382892098,0.228398477343484,34259,1,0.0839460784313726,1,0.0839460784313726,1,7.168,0.0153846153846154,"not significant",1.2044945757149
"1692","species","Phascolarctobacterium faecium","group_char","control","dementia","unpaired",NA,2,2,0.0514973194274527,1,150000,1,0.00183823529411765,1,0.00183823529411765,1,59.679,0.0153846153846154,"not significant",0
"1693","species","Phascolarctobacterium sp.","group_char","control","dementia","unpaired",NA,1,1,0.0364141037800815,1,150000,1,0.00183823529411765,1,0.00183823529411765,1,22.534,0.0153846153846154,"not significant",0
"1694","species","Phascolarctobacterium succinatutens","group_char","control","dementia","unpaired",NA,1,1,0.0364141037800815,1,150000,1,0.00183823529411765,1,0.00183823529411765,1,17.997,0.0153846153846154,"not significant",0
"1695","species","Phaseolus vulgaris","group_char","control","dementia","unpaired",NA,6,6,0.0891959737019519,1,150000,1,0.00183823529411765,1,0.00183823529411765,1,1070.561,0.0153846153846154,"not significant",0
"1696","species","Phifelvirus FL1","group_char","control","dementia","unpaired",NA,9,8.9266695988484,0.279539830123655,0.958446943687042,143767,1,0.00660403050108933,0.777777777777778,0.00534109993170651,0.740121635603454,506.381,0.0188034188034188,"not significant",0.0521025969812032
"1697","species","Phleum pratense","group_char","control","dementia","unpaired",NA,11,10.8873658294181,0.0344511630733807,1,150000,1,0.00217245989304813,0.636363636363636,0.000573994545743582,0.587454834148181,23242.008,0.020979020979021,"not significant",0
"1698","species","Phocaeicola coprocola","group_char","control","dementia","unpaired",NA,5,4.99990063191698,0.703658147265928,0.742668382210785,111400,1,0.0182598039215686,1,0.0181133883037289,1,368.509,0.0153846153846154,"not significant",0.328321774464771
"1699","species","Phocaeicola coprophilus","group_char","control","dementia","unpaired",NA,2,1.97943386919572,-0.216834899207932,1,150000,1,-0.0079656862745098,0.5,-0.00896500868430107,0.449034557100645,48.017,0.0230769230769231,"not significant",0
"1700","species","Phocaeicola dorei","group_char","control","dementia","unpaired",NA,251,242.542211439467,3.42260117521503,0.865354230971794,129803,1,0.0144788493086478,0.900398406374502,0.0128746826010062,0.868413135145674,111295.069,0.0216365307998774,"not significant",0.16956248105554
"1701","species","Phocaeicola massiliensis","group_char","control","dementia","unpaired",NA,212,203.500135617738,3.43963915188037,0.79286804754635,118930,1,0.0163071124676286,0.863207547169811,0.0148348992645772,0.829359011334316,1208523.263,0.0225689404934688,"not significant",0.262588133155253
"1702","species","Phocaeicola plebeius","group_char","control","dementia","unpaired",NA,5,5,0.0814244113919944,1,150000,1,0.00183823529411765,1,0.00183823529411765,1,230.641,0.0153846153846154,"not significant",0
"1703","species","Phocaeicola salanitronis","group_char","control","dementia","unpaired",NA,3,2.89772014352686,0.0678274731784111,0.871014193238712,130652,1,0.00306372549019608,0.666666666666667,0.00517897914802958,0.677647254674737,152.686,0.0358974358974359,"not significant",0.162370381768447
"1704","species","Phocaeicola sartorii","group_char","control","dementia","unpaired",NA,41,39.4459005941977,0.978805606113937,0.886000759994933,132900,1,0.0108650167384027,0.780487804878049,0.0100566006043221,0.752914335232246,134282.884,0.024015009380863,"not significant",0.143366473105889
"1705","species","Phocaeicola vulgatus","group_char","control","dementia","unpaired",NA,635,620.446445905818,4.88097885631542,0.943647042353051,141547,1,0.0128213293191293,0.864566929133858,0.0124034268048212,0.835784658331171,728575.883,0.0206662628709873,"not significant",0.0706867802457566
"1706","species","Pinus koraiensis","group_char","control","dementia","unpaired",NA,2,1.99997262275412,0.44487336620264,0.662308917940547,99346,1,0.0232843137254902,0.5,0.0231324208159575,0.498150080385393,32.151,0.0307692307692308,"not significant",0.436727589859887
"1707","species","Pistacia vera","group_char","control","dementia","unpaired",NA,5,4.7025214461417,1.22190386714763,0.17896547356351,26844,1,0.0354166666666667,1,0.052307568507572,1,6557.483,0.0276923076923077,"not significant",1.34394716245991
"1708","species","Pisum sativum","group_char","control","dementia","unpaired",NA,16,15.7069042130921,-0.459673631242545,0.747861680922127,112179,1,-0.00551470588235294,0.75,-0.00737752010123153,0.694033324649005,777.527,0.0211538461538462,"not significant",-0.321460183961739
"1709","species","Plasmodium falciparum","group_char","control","dementia","unpaired",NA,211,204.342452925131,1.41316912598726,0.963160245598363,144474,1,0.00701898057801323,0.838862559241706,0.00682257909643742,0.804664818233309,102447.75,0.0223113379511484,"not significant",0.0461882023533944
"1710","species","Plasmodium vivax","group_char","control","dementia","unpaired",NA,4,4,0.0728282075601631,1,150000,1,0.00183823529411765,1,0.00183823529411765,1,392.76,0.0153846153846154,"not significant",0
"1711","species","Platanus orientalis","group_char","control","dementia","unpaired",NA,1,1,-0.3094043027188,1,150000,1,-0.0177696078431373,0,-0.0177696078431373,0,161.228,0.0307692307692308,"not significant",0
"1712","species","Platichthys flesus","group_char","control","dementia","unpaired",NA,1,1,0.0364141037800815,1,150000,1,0.00183823529411765,1,0.00183823529411765,1,100.155,0.0153846153846154,"not significant",0
"1713","species","Pleeduovirus PLE2","group_char","control","dementia","unpaired",NA,9,8.95921606934828,0.919381889531357,0.430310464596903,64546,1,0.0179057734204793,1,0.0189252076006063,1,402.173,0.0170940170940171,"not significant",0.788660492598608
"1714","species","Plodia interpunctella","group_char","control","dementia","unpaired",NA,2,2,0.0514973194274527,1,150000,1,0.00183823529411765,1,0.00183823529411765,1,254.838,0.0153846153846154,"not significant",0
"1715","species","Porcine epidemic diarrhea virus","group_char","control","dementia","unpaired",NA,10,9.84523968401293,1.45454254286412,0.28090479396804,42135,1,0.0287990196078431,0.9,0.0314063868625631,0.884323789919521,897.792,0.02,"not significant",1.07828902356351
"1716","species","Porphyromonas gingivalis","group_char","control","dementia","unpaired",NA,18,12.460513417497,1.56669773539391,0.204958633609109,30743,1,0.0275054466230937,0.944444444444444,0.041159359020456,0.88509407353658,7845.843,0.0632478632478632,"not significant",1.26755017800146
"1717","species","Portunus trituberculatus","group_char","control","dementia","unpaired",NA,3,3,0.0630710778591871,1,150000,1,0.00183823529411765,1,0.00183823529411765,1,238.52,0.0153846153846154,"not significant",0
"1718","species","Prevotella sp.","group_char","control","dementia","unpaired",NA,5,4.99985028267632,1.32866613816657,0.272331517789881,40849,1,0.0346813725490196,1,0.0344612584849552,1,118.966,0.0153846153846154,"not significant",1.0977091390575
"1719","species","Prevotella sp. 885","group_char","control","dementia","unpaired",NA,3,2.08101149970429,0.321415225520323,0.759241605055966,113886,1,0.00959967320261439,1,0.0138215839286354,1,16641.226,0.374358974358974,"not significant",0.306476847796787
"1720","species","Prevotella sp. AM34-19LB","group_char","control","dementia","unpaired",NA,5,4.9625619702088,-0.0997204428617258,1,150000,1,-0.00208333333333333,0.8,-0.00276456266087263,0.765257304295496,673.233,0.0184615384615385,"not significant",0
"1721","species","Prevotella sp. AM42-24","group_char","control","dementia","unpaired",NA,3,1.72032994751379,0.550815922322862,0.645635695762028,96845,1,0.0345179738562092,1,0.0242441816742549,1,32998.571,0.333333333333333,"not significant",0.459833555419099
"1722","species","Prevotella sp. CAG:1031","group_char","control","dementia","unpaired",NA,1,1,-0.365995011352168,1,150000,1,-0.0337009803921569,0,-0.0337009803921569,0,1427.79,0.107692307692308,"not significant",0
"1723","species","Prevotella sp. CAG:1092","group_char","control","dementia","unpaired",NA,1,1,0.0364141037800815,1,150000,1,0.00183823529411765,1,0.00183823529411765,1,46.302,0.0153846153846154,"not significant",0
"1724","species","Prevotella sp. CAG:1124","group_char","control","dementia","unpaired",NA,1,1,0.0364141037800815,1,150000,1,0.00183823529411765,1,0.00183823529411765,1,15.2,0.0153846153846154,"not significant",0
"1725","species","Prevotella sp. CAG:279","group_char","control","dementia","unpaired",NA,8,5.14442255451811,0.479441581925322,0.660655595629362,99098,1,0.0125612745098039,0.75,0.0335174103308598,0.823168467147199,1685324.44,0.151923076923077,"not significant",0.439008198739243
"1726","species","Prevotella sp. CAG:386","group_char","control","dementia","unpaired",NA,3,3,0.0630710778591871,1,150000,1,0.00183823529411765,1,0.00183823529411765,1,113.303,0.0153846153846154,"not significant",0
"1727","species","Prevotella sp. CAG:592","group_char","control","dementia","unpaired",NA,2,1.3842717126581,0.786491999631064,0.374684168772208,56202,1,0.0747549019607843,1,0.0686249794361777,1,12269,0.376923076923077,"not significant",0.8877334119242
"1728","species","Prevotella sp. CAG:873","group_char","control","dementia","unpaired",NA,1,1,1.44030382892098,0.231905120632529,34785,1,0.0839460784313726,1,0.0839460784313726,1,16.205,0.0153846153846154,"not significant",1.195465723153
"1729","species","Prevotella sp. P3-120","group_char","control","dementia","unpaired",NA,1,1,0.0364141037800815,1,150000,1,0.00183823529411765,1,0.00183823529411765,1,22.015,0.0153846153846154,"not significant",0
"1730","species","Prevotella sp. S7 MS 2","group_char","control","dementia","unpaired",NA,1,1,-0.3094043027188,1,150000,1,-0.0177696078431373,0,-0.0177696078431373,0,76.685,0.0307692307692308,"not significant",0
"1731","species","Prevotella sp. TF12-30","group_char","control","dementia","unpaired",NA,1,1,1.44030382892098,0.231491790054733,34723,1,0.0839460784313726,1,0.0839460784313726,1,208.842,0.0153846153846154,"not significant",1.19652489374953
"1732","species","Primate T-lymphotropic virus 1","group_char","control","dementia","unpaired",NA,2,2,0.0514973194274527,1,150000,1,0.00183823529411765,1,0.00183823529411765,1,49.792,0.0153846153846154,"not significant",0
"1733","species","Primate T-lymphotropic virus 2","group_char","control","dementia","unpaired",NA,3,3,0.0630710778591871,1,150000,1,0.00183823529411765,1,0.00183823529411765,1,37.296,0.0153846153846154,"not significant",0
"1734","species","Propithecus coquereli","group_char","control","dementia","unpaired",NA,1,1,0.0364141037800815,1,150000,1,0.00183823529411765,1,0.00183823529411765,1,36.24,0.0153846153846154,"not significant",0
"1735","species","Prunus armeniaca","group_char","control","dementia","unpaired",NA,1,1,0.0364141037800815,1,150000,1,0.00183823529411765,1,0.00183823529411765,1,23.799,0.0153846153846154,"not significant",0
"1736","species","Prunus dulcis","group_char","control","dementia","unpaired",NA,1,1,0.0364141037800815,1,150000,1,0.00183823529411765,1,0.00183823529411765,1,2.932,0.0153846153846154,"not significant",0
"1737","species","Prunus dulcis x Prunus persica","group_char","control","dementia","unpaired",NA,2,2,0.0514973194274527,1,150000,1,0.00183823529411765,1,0.00183823529411765,1,89.358,0.0153846153846154,"not significant",0
"1738","species","Psavirus LP302","group_char","control","dementia","unpaired",NA,3,2.99991694726006,0.867563896050143,0.549723001846654,82458,1,0.0292075163398693,1,0.0290038586779212,1,295.216,0.0153846153846154,"not significant",0.598175253199482
"1739","species","Pseudoflavonifractor sp. An184","group_char","control","dementia","unpaired",NA,1,1,0.0364141037800815,1,150000,1,0.00183823529411765,1,0.00183823529411765,1,33.916,0.0153846153846154,"not significant",0
"1740","species","Pseudomonas aeruginosa","group_char","control","dementia","unpaired",NA,97,76.9699425324438,7.53201363487796,0.0154065639562403,2310,1,0.06139453203962,0.876288659793814,0.089382236687148,0.878247908734604,43085.765,0.0629659000793021,"nominal only",2.42267828277563
"1741","species","Pseudomonas fluorescens","group_char","control","dementia","unpaired",NA,1,1,0.0364141037800815,1,150000,1,0.00183823529411765,1,0.00183823529411765,1,74.773,0.0153846153846154,"not significant",0
"1742","species","Pseudomonas paraeruginosa","group_char","control","dementia","unpaired",NA,2,2,2.03689720879795,0.0503929973800175,7558,1,0.0839460784313726,1,0.0839460784313726,1,48.197,0.0153846153846154,"not significant",1.95661289843935
"1743","species","Psoroptes ovis","group_char","control","dementia","unpaired",NA,1,1,0.0364141037800815,1,150000,1,0.00183823529411765,1,0.00183823529411765,1,21.563,0.0153846153846154,"not significant",0
"1744","species","Punavirus P1","group_char","control","dementia","unpaired",NA,23,22.6514246000768,1.01335246435897,0.791101392657382,118665,1,0.0137201619778346,0.869565217391304,0.0131378219821608,0.841741261377748,1120.254,0.020066889632107,"not significant",0.264880666197945
"1745","species","Pyrus communis","group_char","control","dementia","unpaired",NA,1,1,1.44030382892098,0.230205131965787,34530,1,0.0839460784313726,1,0.0839460784313726,1,21.244,0.0153846153846154,"not significant",1.19983061390166
"1746","species","Pyrus pyrifolia","group_char","control","dementia","unpaired",NA,2,2,0.0514973194274527,1,150000,1,0.00183823529411765,1,0.00183823529411765,1,7.01,0.0153846153846154,"not significant",0
"1747","species","Quercus alba","group_char","control","dementia","unpaired",NA,3,2.94179728437755,-0.557484215510885,0.612955913627242,91943,1,-0.0177696078431373,0.333333333333333,-0.0200187505770315,0.274339539918334,221.796,0.0307692307692308,"not significant",-0.505858605174023
"1748","species","Quercus rubra","group_char","control","dementia","unpaired",NA,1,1,0.0364141037800815,1,150000,1,0.00183823529411765,1,0.00183823529411765,1,28.639,0.0153846153846154,"not significant",0
"1749","species","Quercus suber","group_char","control","dementia","unpaired",NA,1,1,0.0364141037800815,1,150000,1,0.00183823529411765,1,0.00183823529411765,1,15.543,0.0153846153846154,"not significant",0
"1750","species","Rabbit coronavirus HKU14","group_char","control","dementia","unpaired",NA,15,12.0007398724712,1.20983633937696,0.367724215171899,55158,1,0.0238153594771242,0.933333333333333,0.0390288713327557,0.906119264315338,9507.179,0.0625641025641026,"not significant",0.900744438566256
"1751","species","Ralstonia pseudosolanacearum","group_char","control","dementia","unpaired",NA,3,2.24455192240285,-0.578980287942574,0.555282964780235,83292,1,-0.0271650326797386,0.666666666666667,-0.05096078364443,0.393183106283734,1539.718,0.102564102564103,"not significant",-0.589862309234757
"1752","species","Rangifer tarandus","group_char","control","dementia","unpaired",NA,1,1,-0.3094043027188,1,150000,1,-0.0177696078431373,0,-0.0177696078431373,0,89.948,0.0307692307692308,"not significant",0
"1753","species","Rattus norvegicus","group_char","control","dementia","unpaired",NA,12,11.9535048424691,0.79224304310872,0.802707981946787,120406,1,0.0138888888888889,0.916666666666667,0.0131723984834871,0.899465443029212,24425.178,0.0166666666666667,"not significant",0.249844012273404
"1754","species","Rhadinovirus humangamma8","group_char","control","dementia","unpaired",NA,2,2,0.0514973194274527,1,150000,1,0.00183823529411765,1,0.00183823529411765,1,14.069,0.0153846153846154,"not significant",0
"1755","species","Rhinolophus bat coronavirus HKU2","group_char","control","dementia","unpaired",NA,9,8.43949310144123,-0.494081159503558,0.634695768694875,95204,1,-0.00605936819172114,0.666666666666667,-0.0133921508719872,0.603692066785777,20047.54,0.0358974358974359,"not significant",-0.475127962780629
"1756","species","Rhinolophus ferrumequinum alphacoronavirus HuB-2013","group_char","control","dementia","unpaired",NA,9,6.87227385310223,-0.157954963659223,0.885980760128266,132897,1,-0.000476579520697168,0.777777777777778,-0.0140212608232877,0.595967129811748,565070.226,0.052991452991453,"not significant",-0.143391798199534
"1757","species","Rhinovirus A","group_char","control","dementia","unpaired",NA,38,29.4991367588755,-4.58108491883818,0.0398264011573256,5973,1,-0.059468524251806,0.289473684210526,-0.0934635133313719,0.176168488524709,24115.444,0.146558704453441,"nominal only",-2.0555449246127
"1758","species","Rhinovirus B","group_char","control","dementia","unpaired",NA,54,40.3519102926918,-4.94010310819196,0.0611529256471624,9172,1,-0.0541485112563544,0.351851851851852,-0.0879142938918255,0.210620654473302,99645.069,0.287179487179487,"not significant",-1.87238813272602
"1759","species","Rhizopus niveus","group_char","control","dementia","unpaired",NA,1,1,1.44030382892098,0.23143179045473,34714,1,0.0839460784313726,1,0.0839460784313726,1,198.538,0.0153846153846154,"not significant",1.19667875592103
"1760","species","Rhodotorula mucilaginosa","group_char","control","dementia","unpaired",NA,2,2,0.0514973194274527,1,150000,1,0.00183823529411765,1,0.00183823529411765,1,16.278,0.0153846153846154,"not significant",0
"1761","species","Rickettsia conorii","group_char","control","dementia","unpaired",NA,1,1,0.0364141037800815,1,150000,1,0.00183823529411765,1,0.00183823529411765,1,36.211,0.0153846153846154,"not significant",0
"1762","species","Rickettsia montanensis","group_char","control","dementia","unpaired",NA,5,4.8836660123156,-0.283838052095077,0.80393464043573,120590,1,-0.00600490196078431,0.8,-0.00842593179185538,0.738263739307688,239.227,0.0215384615384615,"not significant",-0.248258197267962
"1763","species","Rikenellaceae bacterium","group_char","control","dementia","unpaired",NA,1,1,0.0364141037800815,1,150000,1,0.00183823529411765,1,0.00183823529411765,1,53.741,0.0153846153846154,"not significant",0
"1764","species","Romboutsia ilealis","group_char","control","dementia","unpaired",NA,3,2.97060127674125,-0.163867938054798,1,150000,1,-0.00469771241830065,0.666666666666667,-0.00561724182026863,0.6197706671663,73.538,0.0205128205128205,"not significant",0
"1765","species","Romboutsia lituseburensis","group_char","control","dementia","unpaired",NA,3,2.97060127674125,-0.163867938054798,1,150000,1,-0.00469771241830065,0.666666666666667,-0.00561724182026863,0.6197706671663,222.924,0.0205128205128205,"not significant",0
"1766","species","Romboutsia timonensis","group_char","control","dementia","unpaired",NA,7,7,0.0963426628173928,1,150000,1,0.00183823529411765,1,0.00183823529411765,1,659.392,0.0153846153846154,"not significant",0
"1767","species","Roseburia faecis","group_char","control","dementia","unpaired",NA,188,183.701345263606,2.46420240237149,0.934793768041546,140219,1,0.0117594910304548,0.904255319148936,0.0111866464605629,0.881986271563964,105804.693,0.0206219312602291,"not significant",0.0818150751333244
"1768","species","Roseburia hominis","group_char","control","dementia","unpaired",NA,19,18.0058989371285,-0.526028939417054,0.854707635282431,128206,1,-0.00416021671826626,0.842105263157895,-0.010872167104712,0.779620206251088,1903.387,0.0234817813765182,"not significant",-0.183115192690699
"1769","species","Roseburia intestinalis","group_char","control","dementia","unpaired",NA,19,18.9143812824935,0.932367807705424,0.740915060566263,111137,1,0.0127386480908153,0.947368421052632,0.0128795796878608,0.936826536593416,2683.538,0.017004048582996,"not significant",0.330641810573837
"1770","species","Roseburia inulinivorans","group_char","control","dementia","unpaired",NA,49,45.5551457549266,1.61338365214607,0.653808974606836,98071,1,0.0168692476990796,0.795918367346939,0.0202188222881687,0.745770145382479,374486.963,0.0285714285714286,"not significant",0.448477009800638
"1771","species","Roseburia sp.","group_char","control","dementia","unpaired",NA,1,1,0.943188950512739,0.410377264151572,61556,1,0.0643382352941176,1,0.0643382352941176,1,96.096,0.0307692307692308,"not significant",0.823229907957157
"1772","species","Roseburia sp. AM59-24XD","group_char","control","dementia","unpaired",NA,1,1,0.0364141037800815,1,150000,1,0.00183823529411765,1,0.00183823529411765,1,128.574,0.0153846153846154,"not significant",0
"1773","species","Roseburia sp. CAG:197_41_10","group_char","control","dementia","unpaired",NA,1,1,-0.365995011352168,1,150000,1,-0.0337009803921569,0,-0.0337009803921569,0,797.94,0.107692307692308,"not significant",0
"1774","species","Roseburia sp. CAG:50","group_char","control","dementia","unpaired",NA,3,3,0.0630710778591871,1,150000,1,0.00183823529411765,1,0.00183823529411765,1,111.798,0.0153846153846154,"not significant",0
"1775","species","Roseburia sp. OF03-24","group_char","control","dementia","unpaired",NA,2,1.97716798289754,0.662896334903735,0.548976340157732,82346,1,0.0330882352941177,0.5,0.0276230071778121,0.446269564543309,2996.576,0.0230769230769231,"not significant",0.599294762093198
"1776","species","Roseburia sp. TF10-5","group_char","control","dementia","unpaired",NA,2,2,-0.437563761161518,1,150000,1,-0.0177696078431373,0,-0.0177696078431373,0,111.552,0.0307692307692308,"not significant",0
"1777","species","Roseolovirus humanbeta6a","group_char","control","dementia","unpaired",NA,4,3.72077922166521,0.422107608806724,0.706821954520303,106023,1,0.0232843137254902,0.75,0.00736020195135183,0.631391818422671,1704.873,0.0307692307692308,"not significant",0.376127710280273
"1778","species","Roseolovirus humanbeta6b","group_char","control","dementia","unpaired",NA,1,1,0.0364141037800815,1,150000,1,0.00183823529411765,1,0.00183823529411765,1,457.579,0.0153846153846154,"not significant",0
"1779","species","Roseolovirus humanbeta7","group_char","control","dementia","unpaired",NA,3,2.76908864481825,-1.82201542552408,0.12234585102766,18351,1,-0.0700571895424837,0.333333333333333,-0.0862232731918465,0.205387425034957,1207.453,0.0717948717948718,"not significant",-1.54500170471289
"1780","species","Rotavirus A","group_char","control","dementia","unpaired",NA,2,2,0.0514973194274527,1,150000,1,0.00183823529411765,1,0.00183823529411765,1,174.185,0.0153846153846154,"not significant",0
"1781","species","Rousettus bat coronavirus GCCDC1","group_char","control","dementia","unpaired",NA,7,6.86584735932666,0.762668790973205,0.6704955300298,100574,1,0.0196953781512605,0.857142857142857,0.0162756155541044,0.808255619099212,148.947,0.0197802197802198,"not significant",0.425468019564722
"1782","species","Rubivirus rubellae","group_char","control","dementia","unpaired",NA,4,3.8367514682857,-0.82345792973041,0.782781448123679,117417,1,-0.022671568627451,0.5,-0.0279207562799514,0.399640837345833,229.324,0.0346153846153846,"not significant",-0.275696156257493
"1783","species","Ruditapes philippinarum","group_char","control","dementia","unpaired",NA,1,1,0.0364141037800815,1,150000,1,0.00183823529411765,1,0.00183823529411765,1,8.827,0.0153846153846154,"not significant",0
"1784","species","Ruminiclostridium herbifermentans","group_char","control","dementia","unpaired",NA,1,1,0.0364141037800815,1,150000,1,0.00183823529411765,1,0.00183823529411765,1,77.857,0.0153846153846154,"not significant",0
"1785","species","Ruminococcaceae bacterium D16","group_char","control","dementia","unpaired",NA,4,3.97197776335431,-0.469401641544315,0.679162138919074,101874,1,-0.0128676470588235,0.25,-0.0135807930641534,0.213629553728175,503.136,0.0269230769230769,"not significant",-0.413606736506028
"1786","species","Ruminococcus bromii","group_char","control","dementia","unpaired",NA,111,108.313918734835,1.90355066842077,0.931420457196952,139713,1,0.0127351616322205,0.855855855855856,0.0114311670063217,0.81817951355897,316599.995,0.0213444213444213,"not significant",0.0860578159073747
"1787","species","Ruminococcus callidus","group_char","control","dementia","unpaired",NA,12,11.9197749624377,0.275452598320122,0.958360277598149,143754,1,0.00541258169934641,0.833333333333333,0.00449655317118436,0.802778761552795,755.522,0.017948717948718,"not significant",0.0522113646582336
"1788","species","Ruminococcus sp.","group_char","control","dementia","unpaired",NA,17,16.8494658800106,0.663635120374718,0.80554796301358,120832,1,0.00919117647058823,1,0.00998146594762209,1,34304.131,0.0171945701357466,"not significant",0.246173455239045
"1789","species","Ruminococcus sp. AF19-15","group_char","control","dementia","unpaired",NA,1,1,1.44030382892098,0.229698468676875,34454,1,0.0839460784313726,1,0.0839460784313726,1,6.696,0.0153846153846154,"not significant",1.20113595287629
"1790","species","Ruminococcus sp. AF31-8BH","group_char","control","dementia","unpaired",NA,2,2,0.0514973194274527,1,150000,1,0.00183823529411765,1,0.00183823529411765,1,43.475,0.0153846153846154,"not significant",0
"1791","species","Ruminococcus sp. AF43-11","group_char","control","dementia","unpaired",NA,3,2.94179728437755,-0.557484215510885,0.617682548783008,92652,1,-0.0177696078431373,0.333333333333333,-0.0200187505770315,0.274339539918334,353.475,0.0307692307692308,"not significant",-0.499137460610848
"1792","species","Ruminococcus sp. AM28-29LB","group_char","control","dementia","unpaired",NA,5,4.96534711552729,0.552775596838104,0.550896327357818,82634,1,0.0143382352941176,1,0.0164267373005766,1,475.578,0.0184615384615385,"not significant",0.596417537686805
"1793","species","Ruminococcus sp. AM36-2AA","group_char","control","dementia","unpaired",NA,1,1,0.0364141037800815,1,150000,1,0.00183823529411765,1,0.00183823529411765,1,26.382,0.0153846153846154,"not significant",0
"1794","species","Ruminococcus sp. AM42-11","group_char","control","dementia","unpaired",NA,15,14.9510987090961,1.80177729253514,0.315917893880707,47387,1,0.0279003267973856,0.933333333333333,0.0270115951445231,0.919124128379096,764.07,0.0164102564102564,"not significant",1.00288180212021
"1795","species","Ruminococcus sp. AM43-6","group_char","control","dementia","unpaired",NA,1,1,0.0364141037800815,1,150000,1,0.00183823529411765,1,0.00183823529411765,1,30.978,0.0153846153846154,"not significant",0
"1796","species","Ruminococcus sp. HUN007","group_char","control","dementia","unpaired",NA,2,1.94367746376678,0.508362202319741,0.551602989313405,82740,1,0.0232843137254902,1,0.0269350199967929,1,280.178,0.0307692307692308,"not significant",0.595359802327039
"1797","species","Ruminococcus sp. OM06-36AC","group_char","control","dementia","unpaired",NA,2,2,0.0514973194274527,1,150000,1,0.00183823529411765,1,0.00183823529411765,1,1263.15,0.0153846153846154,"not significant",0
"1798","species","Saccharomyces cerevisiae","group_char","control","dementia","unpaired",NA,1,1,0.0364141037800815,1,150000,1,0.00183823529411765,1,0.00183823529411765,1,20.757,0.0153846153846154,"not significant",0
"1799","species","Salmo salar","group_char","control","dementia","unpaired",NA,6,5.75005606540599,-0.220534667704845,0.852074319504537,127811,1,-0.000816993464052288,0.666666666666667,-0.0078472052506953,0.570379923223819,247.102,0.0282051282051282,"not significant",-0.186472401724614
"1800","species","Salmo trutta","group_char","control","dementia","unpaired",NA,1,1,0.0364141037800815,1,150000,1,0.00183823529411765,1,0.00183823529411765,1,34.877,0.0153846153846154,"not significant",0
"1801","species","Salmonella bongori","group_char","control","dementia","unpaired",NA,9,8.54905250296258,0.0369253872959538,0.975206831954454,146281,1,0.00265522875816993,0.555555555555556,-0.000135747871283979,0.473230105015661,28066.843,0.0290598290598291,"not significant",0.0310786303400117
"1802","species","Salmonella enterica","group_char","control","dementia","unpaired",NA,180,169.014191504593,3.66026009764119,0.584622769181539,87693,1,0.0186546840958606,0.855555555555556,0.0212193458374401,0.825933553111206,303406.164,0.0258119658119658,"not significant",0.546644822087652
"1803","species","Salmonella phage 118970_sal3","group_char","control","dementia","unpaired",NA,1,1,0.0364141037800815,1,150000,1,0.00183823529411765,1,0.00183823529411765,1,4.565,0.0153846153846154,"not significant",0
"1804","species","Salmonella sp. NCTC 6947","group_char","control","dementia","unpaired",NA,1,1,0.0364141037800815,1,150000,1,0.00183823529411765,1,0.00183823529411765,1,57.392,0.0153846153846154,"not significant",0
"1805","species","Salvelinus alpinus","group_char","control","dementia","unpaired",NA,2,1.97943386919572,-0.216834899207932,1,150000,1,-0.0079656862745098,0.5,-0.00896500868430107,0.449034557100645,94.154,0.0230769230769231,"not significant",0
"1806","species","Saphexavirus BC611","group_char","control","dementia","unpaired",NA,9,8.8423072437943,0.559145191351574,0.718068546209692,107710,1,0.0135484749455338,0.777777777777778,0.0104342367385529,0.725121926293566,603.759,0.0205128205128205,"not significant",0.361041336394079
"1807","species","Sarcoptes scabiei","group_char","control","dementia","unpaired",NA,7,7,0.0963426628173928,1,150000,1,0.00183823529411765,1,0.00183823529411765,1,194.361,0.0153846153846154,"not significant",0
"1808","species","Schistosoma mansoni","group_char","control","dementia","unpaired",NA,2,1.99993747826885,1.03863061666797,0.412030586462757,61804,1,0.0428921568627451,1,0.0426626149818113,1,83.674,0.0153846153846154,"not significant",0.820325476846418
"1809","species","Sebastes marinus","group_char","control","dementia","unpaired",NA,1,1,0.0364141037800815,1,150000,1,0.00183823529411765,1,0.00183823529411765,1,16.031,0.0153846153846154,"not significant",0
"1810","species","Secale cereale","group_char","control","dementia","unpaired",NA,3,2.91559426649248,0.458283388478841,0.551976320157866,82796,1,0.0161356209150327,1,0.0195759030415227,1,671.351,0.0256410256410256,"not significant",0.594801267602309
"1811","species","Segatella copri","group_char","control","dementia","unpaired",NA,83,59.7367294712353,1.41183103420828,0.659435603762642,98915,1,0.014993798724309,0.819277108433735,0.0132538281793541,0.727080479641503,31945.509,0.0493049119555144,"not significant",0.440692532029468
"1812","species","Segatella salivae","group_char","control","dementia","unpaired",NA,2,1.99993747826885,1.03863061666797,0.409450603662642,61417,1,0.0428921568627451,1,0.0426626149818113,1,21076.703,0.0153846153846154,"not significant",0.824860835255647
"1813","species","Sepiella maindroni","group_char","control","dementia","unpaired",NA,1,1,0.0364141037800815,1,150000,1,0.00183823529411765,1,0.00183823529411765,1,45.301,0.0153846153846154,"not significant",0
"1814","species","Sepioteuthis lessoniana","group_char","control","dementia","unpaired",NA,1,1,0.597370544013857,0.551769654868968,82765,1,0.0447303921568627,1,0.0447303921568627,1,33.22,0.0461538461538462,"not significant",0.595110433528272
"1815","species","Septimatrevirus sv73","group_char","control","dementia","unpaired",NA,13,12.8258387023318,0.916387623975222,0.640209065272898,96031,1,0.0162613122171946,0.923076923076923,0.0152730444631457,0.89583256379733,283.964,0.0189349112426036,"not significant",0.467406510823923
"1816","species","Sesamum indicum","group_char","control","dementia","unpaired",NA,4,4,0.0728282075601631,1,150000,1,0.00183823529411765,1,0.00183823529411765,1,140.259,0.0153846153846154,"not significant",0
"1817","species","Setaria italica","group_char","control","dementia","unpaired",NA,2,1.94367746376678,0.508362202319741,0.551229658468944,82684,1,0.0232843137254902,1,0.0269350199967929,1,91.363,0.0307692307692308,"not significant",0.595918522842629
"1818","species","Severe acute respiratory syndrome coronavirus","group_char","control","dementia","unpaired",NA,236,194.511051364239,3.62388130165935,0.543363044246372,81504,1,0.0227598454636092,0.73728813559322,0.0322340178239039,0.715988114759413,587528.934,0.0991525423728814,"not significant",0.607735303809073
"1819","species","Shigella boydii","group_char","control","dementia","unpaired",NA,4,3.96568946340576,-0.127388034426873,1,150000,1,-0.00306372549019608,0.75,-0.00385346681387685,0.709723192492281,114.044,0.0192307692307692,"not significant",0
"1820","species","Shigella dysenteriae","group_char","control","dementia","unpaired",NA,11,10.5436317223326,0.237443346073034,0.82436783754775,123655,1,0.00640597147950089,0.818181818181818,0.00519006791236402,0.781557382916451,1947.916,0.0293706293706294,"not significant",0.221930691919398
"1821","species","Shigella flexneri","group_char","control","dementia","unpaired",NA,58,50.9794532063363,2.33171952090186,0.371304191305391,55695,1,0.0229251183231914,0.879310344827586,0.0250142290874439,0.831805077546041,2365970.417,0.036604774535809,"not significant",0.894033081705781
"1822","species","Shigella phage Sf6","group_char","control","dementia","unpaired",NA,12,10.9241384582074,0.495249140989647,0.737315084566103,110597,1,0.0115400326797386,0.833333333333333,0.00648362031079103,0.734309169493698,1328.383,0.0346153846153846,"not significant",0.335410982380741
"1823","species","Shigella sonnei","group_char","control","dementia","unpaired",NA,18,15.8503013460869,1.95890591338184,0.175812161252258,26371,1,0.0302287581699346,1,0.0463000584689733,1,64269.388,0.0324786324786325,"not significant",1.35376249952227
"1824","species","Simplexvirus humanalpha1","group_char","control","dementia","unpaired",NA,43,32.5399119928411,0.786351245708297,0.789088072746182,118363,1,0.00448871409028727,0.534883720930233,0.0232231351137324,0.565310903727869,72259.758,0.227549194991055,"not significant",0.267494987839857
"1825","species","Simplexvirus humanalpha2","group_char","control","dementia","unpaired",NA,24,18.1805769723291,-0.59390526359205,0.745928360477597,111889,1,-0.00725081699346406,0.5,-0.0164753857412651,0.383217261905183,16478.912,0.13525641025641,"not significant",-0.324012777653126
"1826","species","Simulium vittatum","group_char","control","dementia","unpaired",NA,1,1,0.0364141037800815,1,150000,1,0.00183823529411765,1,0.00183823529411765,1,19.36,0.0153846153846154,"not significant",0
"1827","species","Sinapis alba","group_char","control","dementia","unpaired",NA,1,1,1.44030382892098,0.231591789388071,34738,1,0.0839460784313726,1,0.0839460784313726,1,3.208,0.0153846153846154,"not significant",1.1962685197252
"1828","species","Sindbis virus","group_char","control","dementia","unpaired",NA,5,4.99990063191698,0.703658147265928,0.742075052832981,111311,1,0.0182598039215686,1,0.0181133883037289,1,106.311,0.0153846153846154,"not significant",0.329106683306341
"1829","species","Sinonovacula constricta","group_char","control","dementia","unpaired",NA,1,1,0.0364141037800815,1,150000,1,0.00183823529411765,1,0.00183823529411765,1,554.901,0.0153846153846154,"not significant",0
"1830","species","Skunavirus ASCC273","group_char","control","dementia","unpaired",NA,1,1,0.0364141037800815,1,150000,1,0.00183823529411765,1,0.00183823529411765,1,34.228,0.0153846153846154,"not significant",0
"1831","species","Skunavirus P680","group_char","control","dementia","unpaired",NA,6,5.96336496040303,0.522662359291907,0.61578256144959,92367,1,0.0122549019607843,1,0.0140805472766307,1,382.105,0.017948717948718,"not significant",0.501836463485888
"1832","species","Skunavirus sv145","group_char","control","dementia","unpaired",NA,3,2.56423326701026,0.813938778530255,0.316344557702949,47451,1,0.0598447712418301,0.666666666666667,0.0560227409971639,0.586887654950943,506810.491,0.184615384615385,"not significant",1.0019980022615
"1833","species","Skunavirus sv7","group_char","control","dementia","unpaired",NA,8,7.11949244029741,0.940736205186933,0.359144272371518,53871,1,0.0237438725490196,0.875,0.0300488553163304,0.876904199689613,17054.186,0.0384615384615385,"not significant",0.916996885111092
"1834","species","Skunavirus sv936","group_char","control","dementia","unpaired",NA,4,3.84994227824155,0.702045532120373,0.434743768374877,65211,1,0.0232843137254902,1,0.025371495245813,1,1247.257,0.0307692307692308,"not significant",0.781099852997672
"1835","species","Solanum lycopersicum","group_char","control","dementia","unpaired",NA,6,5.93601609447649,0.130843702938564,1,150000,1,0.00571895424836601,0.5,0.00319032929868877,0.448115966183293,527.457,0.0230769230769231,"not significant",0
"1836","species","Solanum lycopersicum x Solanum habrochaites","group_char","control","dementia","unpaired",NA,1,1,0.0364141037800815,1,150000,1,0.00183823529411765,1,0.00183823529411765,1,10.297,0.0153846153846154,"not significant",0
"1837","species","Solanum tuberosum","group_char","control","dementia","unpaired",NA,3,2.97272558684699,0.654519680894476,0.412243918373878,61836,1,0.022671568627451,1,0.0254936794050251,1,273.28,0.0205128205128205,"not significant",0.819951215616588
"1838","species","Solenopsis geminata","group_char","control","dementia","unpaired",NA,2,2,0.0514973194274527,1,150000,1,0.00183823529411765,1,0.00183823529411765,1,141.058,0.0153846153846154,"not significant",0
"1839","species","Solenopsis invicta","group_char","control","dementia","unpaired",NA,1,1,0.0364141037800815,1,150000,1,0.00183823529411765,1,0.00183823529411765,1,218.527,0.0153846153846154,"not significant",0
"1840","species","Solenopsis richteri","group_char","control","dementia","unpaired",NA,1,1,0.0364141037800815,1,150000,1,0.00183823529411765,1,0.00183823529411765,1,53.127,0.0153846153846154,"not significant",0
"1841","species","Sorghum bicolor","group_char","control","dementia","unpaired",NA,1,1,1.44030382892098,0.232645115699229,34896,1,0.0839460784313726,1,0.0839460784313726,1,17.129,0.0153846153846154,"not significant",1.19357280872298
"1842","species","Sparrow coronavirus HKU17","group_char","control","dementia","unpaired",NA,9,8.51930248251404,-0.237058292817685,0.849574336171092,127436,1,-0.00428921568627451,0.666666666666667,-0.00571006440768702,0.581040303815199,544.756,0.0273504273504274,"not significant",-0.189661570855503
"1843","species","Spinacia oleracea","group_char","control","dementia","unpaired",NA,1,1,0.0364141037800815,1,150000,1,0.00183823529411765,1,0.00183823529411765,1,13.083,0.0153846153846154,"not significant",0
"1844","species","Spisula sachalinensis","group_char","control","dementia","unpaired",NA,1,1,2.08701655935568,0.0512196585356098,7682,1,0.146446078431373,1,0.146446078431373,1,60.704,0.0307692307692308,"not significant",1.94963483339107
"1845","species","Stachybotrys chartarum","group_char","control","dementia","unpaired",NA,1,1,0.0364141037800815,1,150000,1,0.00183823529411765,1,0.00183823529411765,1,8.858,0.0153846153846154,"not significant",0
"1846","species","Staphylococcus argenteus","group_char","control","dementia","unpaired",NA,1,1,1.44030382892098,0.229745135032433,34461,1,0.0839460784313726,1,0.0839460784313726,1,68.058,0.0153846153846154,"not significant",1.2010156387125
"1847","species","Staphylococcus aureus","group_char","control","dementia","unpaired",NA,449,339.560930684534,-3.07663884208427,0.574029506469957,86104,1,-0.00588317175422504,0.594654788418708,-0.0175443344769021,0.480535661118746,1205407.236,0.0881617269145109,"not significant",-0.562126981266019
"1848","species","Staphylococcus schweitzeri","group_char","control","dementia","unpaired",NA,6,3.55286100571677,-1.61456113043307,0.163845574362838,24576,1,-0.0571895424836601,0.833333333333333,-0.121027577287324,0.650783893837177,20148.559,0.287179487179487,"not significant",-1.39225374041248
"1849","species","Streptococcus agalactiae","group_char","control","dementia","unpaired",NA,38,36.3791787742497,0.577860336025969,0.895614029239805,134342,1,0.00786893704850361,0.789473684210526,0.00631707630016977,0.737431973154784,5137.306,0.0259109311740891,"not significant",0.131203876786031
"1850","species","Streptococcus downei","group_char","control","dementia","unpaired",NA,4,3.99990673883154,0.768893416858854,0.334344437703749,50151,1,0.0223651960784314,1,0.0221935196089669,1,156.033,0.0153846153846154,"not significant",0.965400127381163
"1851","species","Streptococcus dysgalactiae","group_char","control","dementia","unpaired",NA,6,5.95967141892713,2.72155249670662,0.232958446943687,34943,1,0.0669934640522876,1,0.0667775743004719,1,274.891,0.017948717948718,"not significant",1.19277259182961
"1852","species","Streptococcus equi","group_char","control","dementia","unpaired",NA,1,1,0.0364141037800815,1,150000,1,0.00183823529411765,1,0.00183823529411765,1,37.225,0.0153846153846154,"not significant",0
"1853","species","Streptococcus equinus","group_char","control","dementia","unpaired",NA,4,2.944123251464,-2.67871071269357,0.0111199258671609,1667,1,-0.115196078431373,0.5,-0.206916490780297,0.280909107855033,3348.017,0.203846153846154,"nominal only",-2.53890737605989
"1854","species","Streptococcus infantarius","group_char","control","dementia","unpaired",NA,9,9,0.109242311340245,1,150000,1,0.00183823529411765,1,0.00183823529411765,1,631.397,0.0153846153846154,"not significant",0
"1855","species","Streptococcus lutetiensis","group_char","control","dementia","unpaired",NA,25,16.1273701634974,-0.0861698072218388,0.951386990753395,142708,1,-0.00350490196078431,0.64,-0.00236873935089281,0.62807482915175,44520.048,0.104615384615385,"not significant",-0.0609651160030286
"1856","species","Streptococcus mitis","group_char","control","dementia","unpaired",NA,1,1,0.0364141037800815,1,150000,1,0.00183823529411765,1,0.00183823529411765,1,99.886,0.0153846153846154,"not significant",0
"1857","species","Streptococcus oralis","group_char","control","dementia","unpaired",NA,9,8.90649882913691,-0.40256116749355,0.851727655148966,127759,1,-0.00687636165577342,0.555555555555556,-0.00787465305481799,0.504642694204282,1799.987,0.0222222222222222,"not significant",-0.18691451919701
"1858","species","Streptococcus parasanguinis","group_char","control","dementia","unpaired",NA,1,1,0.0364141037800815,1,150000,1,0.00183823529411765,1,0.00183823529411765,1,26.002,0.0153846153846154,"not significant",0
"1859","species","Streptococcus pasteurianus","group_char","control","dementia","unpaired",NA,2,1.94367746376678,0.508362202319741,0.549269671535523,82390,1,0.0232843137254902,1,0.0269350199967929,1,286.31,0.0307692307692308,"not significant",0.598854865525334
"1860","species","Streptococcus pneumoniae","group_char","control","dementia","unpaired",NA,194,140.187463861476,-5.82363276613426,0.151578989473404,22736,1,-0.0325639276329088,0.438144329896907,-0.0557283399436856,0.301531214864211,266120.284,0.137351308485329,"not significant",-1.43397642879796
"1861","species","Streptococcus pyogenes","group_char","control","dementia","unpaired",NA,102,77.3420351097255,-3.7921508182825,0.189285404763968,28392,1,-0.0187427912341407,0.57843137254902,-0.0559063101867397,0.403022063855914,150110.076,0.0852187028657617,"not significant",-1.31269600371201
"1862","species","Streptococcus sp.","group_char","control","dementia","unpaired",NA,2,2,0.0514973194274527,1,150000,1,0.00183823529411765,1,0.00183823529411765,1,42.595,0.0153846153846154,"not significant",0
"1863","species","Streptococcus sp. G148","group_char","control","dementia","unpaired",NA,3,2.76285719256281,-0.232513109534166,0.993400043999707,149010,1,-0.00878267973856209,0.666666666666667,-0.0152566765031666,0.548267794853065,841.874,0.0666666666666667,"not significant",-0.00827191249348894
"1864","species","Streptococcus suis","group_char","control","dementia","unpaired",NA,1,1,0.0364141037800815,1,150000,1,0.00183823529411765,1,0.00183823529411765,1,223.278,0.0153846153846154,"not significant",0
"1865","species","Streptococcus thermophilus","group_char","control","dementia","unpaired",NA,1,1,1.44030382892098,0.230951793654709,34642,1,0.0839460784313726,1,0.0839460784313726,1,14.73,0.0153846153846154,"not significant",1.19791067453281
"1866","species","Streptomyces mobaraensis","group_char","control","dementia","unpaired",NA,1,1,1.44030382892098,0.23143179045473,34714,1,0.0839460784313726,1,0.0839460784313726,1,4.843,0.0153846153846154,"not significant",1.19667875592103
"1867","species","Strongylocentrotus purpuratus","group_char","control","dementia","unpaired",NA,1,1,0.0364141037800815,1,150000,1,0.00183823529411765,1,0.00183823529411765,1,204.762,0.0153846153846154,"not significant",0
"1868","species","Struthio camelus","group_char","control","dementia","unpaired",NA,1,1,0.0651413118027206,1,150000,1,0.00551470588235294,1,0.00551470588235294,1,136.232,0.0769230769230769,"not significant",0
"1869","species","Stutzerimonas stutzeri","group_char","control","dementia","unpaired",NA,1,1,0.0364141037800815,1,150000,1,0.00183823529411765,1,0.00183823529411765,1,10.29,0.0153846153846154,"not significant",0
"1870","species","Styela plicata","group_char","control","dementia","unpaired",NA,2,1.97943386919572,-0.216834899207932,1,150000,1,-0.0079656862745098,0.5,-0.00896500868430107,0.449034557100645,101.804,0.0230769230769231,"not significant",0
"1871","species","Subdoligranulum sp.","group_char","control","dementia","unpaired",NA,3,2.99991694726006,0.867563896050143,0.551729655135632,82759,1,0.0292075163398693,1,0.0290038586779212,1,29.032,0.0153846153846154,"not significant",0.595170278664457
"1872","species","Subdoligranulum sp. 60_17","group_char","control","dementia","unpaired",NA,2,2,0.0514973194274527,1,150000,1,0.00183823529411765,1,0.00183823529411765,1,17.843,0.0153846153846154,"not significant",0
"1873","species","Subdoligranulum sp. APC924/74","group_char","control","dementia","unpaired",NA,43,41.4463685929439,1.62520278780983,0.653075646162359,97961,1,0.0160881212950296,0.906976744186046,0.0166747206779426,0.873863609050109,37631.636,0.0221824686940966,"not significant",0.449493569097922
"1874","species","Subdoligranulum variabile","group_char","control","dementia","unpaired",NA,5,4.87995183450483,0.33863053160797,0.775541496390024,116331,1,0.0150735294117647,0.6,0.00946548140311045,0.530663060112381,342.499,0.0307692307692308,"not significant",0.285133981883491
"1875","species","Suidasia medanensis","group_char","control","dementia","unpaired",NA,1,1,0.0364141037800815,1,150000,1,0.00183823529411765,1,0.00183823529411765,1,11.209,0.0153846153846154,"not significant",0
"1876","species","Sus scrofa","group_char","control","dementia","unpaired",NA,4,3.96568946340576,-0.127388034426873,1,150000,1,-0.00306372549019608,0.75,-0.00385346681387685,0.709723192492281,72.129,0.0192307692307692,"not significant",0
"1877","species","Sutterella sp.","group_char","control","dementia","unpaired",NA,3,3,0.0630710778591871,1,150000,1,0.00183823529411765,1,0.00183823529411765,1,137.597,0.0153846153846154,"not significant",0
"1878","species","Sutterella sp. CAG:397","group_char","control","dementia","unpaired",NA,1,1,0.0364141037800815,1,150000,1,0.00183823529411765,1,0.00183823529411765,1,17.109,0.0153846153846154,"not significant",0
"1879","species","Sutterella sp. CAG:521","group_char","control","dementia","unpaired",NA,1,1,0.0364141037800815,1,150000,1,0.00183823529411765,1,0.00183823529411765,1,27.738,0.0153846153846154,"not significant",0
"1880","species","Sutterella wadsworthensis","group_char","control","dementia","unpaired",NA,2,2,2.03689720879795,0.230865127565816,34629,1,0.0839460784313726,1,0.0839460784313726,1,207.658,0.0153846153846154,"not significant",1.19813329811374
"1881","species","Syntelopodeuma sp. YSL-2003","group_char","control","dementia","unpaired",NA,1,1,0.0364141037800815,1,150000,1,0.00183823529411765,1,0.00183823529411765,1,6.413,0.0153846153846154,"not significant",0
"1882","species","Tabanus yao","group_char","control","dementia","unpaired",NA,3,2.99991694726006,0.867563896050143,0.549729668468877,82459,1,0.0292075163398693,1,0.0290038586779212,1,48.791,0.0153846153846154,"not significant",0.598165260962406
"1883","species","Taipeivirus 0507KN21","group_char","control","dementia","unpaired",NA,46,44.9752709812987,1.89661316536094,0.592156052292985,88823,1,0.0172900682011935,0.934782608695652,0.0201657836374299,0.920549731660984,2791.173,0.020066889632107,"not significant",0.535714251884525
"1884","species","Takifugu rubripes","group_char","control","dementia","unpaired",NA,2,1.94367746376678,0.508362202319741,0.553169645535696,82975,1,0.0232843137254902,1,0.0269350199967929,1,141.128,0.0307692307692308,"not significant",0.593017193856286
"1885","species","Teetrevirus E2","group_char","control","dementia","unpaired",NA,8,8,0.102994638854905,1,150000,1,0.00183823529411765,1,0.00183823529411765,1,1668.464,0.0153846153846154,"not significant",0
"1886","species","Teetrevirus T7M","group_char","control","dementia","unpaired",NA,9,8.99988980861179,0.572570651366212,0.921273858174279,138191,1,0.0109613289760349,1,0.0108710384134305,1,227.776,0.0153846153846154,"not significant",0.0988292321912257
"1887","species","Tequatrovirus ecml134","group_char","control","dementia","unpaired",NA,12,11.7422301254872,0.273463885335772,0.947413683908774,142112,1,0.00735294117647059,0.75,0.00391674234202538,0.688425934859434,2055.093,0.0217948717948718,"not significant",0.0659549601711748
"1888","species","Tequatrovirus shfml11","group_char","control","dementia","unpaired",NA,36,35.4475329785202,0.715632660923694,0.898000679995467,134700,1,0.00789760348583878,0.833333333333333,0.00836461126936304,0.806411988688281,3989.57,0.0213675213675214,"not significant",0.128187388819591
"1889","species","Teseptimavirus 13a","group_char","control","dementia","unpaired",NA,19,18.0270595472792,-0.0974036501040538,0.974373504176639,146156,1,0.000161248710010321,0.842105263157895,-0.00332190798212719,0.768510731274332,8812.702,0.0234817813765182,"not significant",-0.0321235734978021
"1890","species","Tetraodon nigroviridis","group_char","control","dementia","unpaired",NA,3,2.97107939095316,1.40259305598468,0.161172258851608,24175,1,0.0500408496732026,1,0.0508950064497189,1,108.127,0.0205128205128205,"not significant",1.401139843946
"1891","species","Tetronarce californica","group_char","control","dementia","unpaired",NA,1,1,-0.593431060140572,1,150000,1,-0.0373774509803922,0,-0.0373774509803922,0,24.881,0.0461538461538462,"not significant",0
"1892","species","Thaumatococcus daniellii","group_char","control","dementia","unpaired",NA,2,2,0.0514973194274527,1,150000,1,0.00183823529411765,1,0.00183823529411765,1,98.524,0.0153846153846154,"not significant",0
"1893","species","Thogotovirus dhoriense","group_char","control","dementia","unpaired",NA,1,1,0.0364141037800815,1,150000,1,0.00183823529411765,1,0.00183823529411765,1,22.727,0.0153846153846154,"not significant",0
"1894","species","Thrush coronavirus HKU12 (isolate Grey-backed thrush/Hong Kong/HKU12-600/2007)","group_char","control","dementia","unpaired",NA,7,6.47550206230041,0.69568287570343,0.503703308644609,75555,1,0.0179446778711485,1,0.0230105760726951,1,1585.147,0.0395604395604396,"not significant",0.668674231626859
"1895","species","Thunnus albacares","group_char","control","dementia","unpaired",NA,2,1.99993747826885,1.03863061666797,0.40944393704042,61416,1,0.0428921568627451,1,0.0426626149818113,1,21.176,0.0153846153846154,"not significant",0.824872576493082
"1896","species","Tlsvirus TLS","group_char","control","dementia","unpaired",NA,21,18.4596769275955,0.924985210424785,0.597102685982093,89565,1,0.0136846405228758,0.904761904761905,0.0205434895076792,0.893535405088985,146569.266,0.0336996336996337,"not significant",0.528571570871297
"1897","species","Torque teno virus","group_char","control","dementia","unpaired",NA,7,6.96329917741995,2.02579268728393,0.130825794494703,19623,1,0.0459558823529412,1,0.0487585292470841,1,409.501,0.0175824175824176,"not significant",1.51085344463558
"1898","species","Toxoplasma gondii","group_char","control","dementia","unpaired",NA,9,8.84407745486157,0.130135920535394,1,150000,1,0.00442538126361656,0.777777777777778,0.00199637190351417,0.725439211165482,160.494,0.0205128205128205,"not significant",0
"1899","species","Traversvirus tv933W","group_char","control","dementia","unpaired",NA,10,9.92789603372579,0.319893906331473,0.876600822661182,131490,1,0.00612745098039216,0.9,0.00682277692908891,0.882527001736676,89581.858,0.0184615384615385,"not significant",0.15527969478296
"1900","species","Tribolium castaneum","group_char","control","dementia","unpaired",NA,1,1,0.0364141037800815,1,150000,1,0.00183823529411765,1,0.00183823529411765,1,26.776,0.0153846153846154,"not significant",0
"1901","species","Trichomonas vaginalis","group_char","control","dementia","unpaired",NA,2,2,0.0514973194274527,1,150000,1,0.00183823529411765,1,0.00183823529411765,1,214.253,0.0153846153846154,"not significant",0
"1902","species","Trichophyton rubrum","group_char","control","dementia","unpaired",NA,6,5.93948327438385,0.292870926576936,0.65961560256265,98942,1,0.00898692810457516,0.666666666666667,0.00697213978852111,0.619114398924642,137.333,0.0205128205128205,"not significant",0.440443945317689
"1903","species","Trichophyton tonsurans","group_char","control","dementia","unpaired",NA,1,1,0.0364141037800815,1,150000,1,0.00183823529411765,1,0.00183823529411765,1,19.116,0.0153846153846154,"not significant",0
"1904","species","Trichophyton verrucosum","group_char","control","dementia","unpaired",NA,2,2,0.0514973194274527,1,150000,1,0.00183823529411765,1,0.00183823529411765,1,41.897,0.0153846153846154,"not significant",0
"1905","species","Trichosanthes kirilowii","group_char","control","dementia","unpaired",NA,1,1,0.0364141037800815,1,150000,1,0.00183823529411765,1,0.00183823529411765,1,60.371,0.0153846153846154,"not significant",0
"1906","species","Triticum aestivum","group_char","control","dementia","unpaired",NA,27,23.0423576263958,2.52576274342045,0.166818887874081,25022,1,0.0356526870007262,0.962962962962963,0.032262505007891,0.925684130709612,2957.675,0.0341880341880342,"not significant",1.38249785748561
"1907","species","Triticum monococcum","group_char","control","dementia","unpaired",NA,5,4.96314648177227,1.74520001989048,0.131799121339191,19769,1,0.0471813725490196,1,0.0477437094938895,1,102.066,0.0184615384615385,"not significant",1.50704500666079
"1908","species","Triticum spelta","group_char","control","dementia","unpaired",NA,1,1,1.44030382892098,0.230338464410237,34550,1,0.0839460784313726,1,0.0839460784313726,1,5.297,0.0153846153846154,"not significant",1.1994874432553
"1909","species","Triticum urartu","group_char","control","dementia","unpaired",NA,2,1.70077388716289,-0.000356881307466329,1,150000,1,-0.000612745098039217,0.5,0.00658363895806846,0.709723192492281,585.583,0.146153846153846,"not significant",0
"1910","species","Tropheryma whipplei","group_char","control","dementia","unpaired",NA,1,1,0.0364141037800815,1,150000,1,0.00183823529411765,1,0.00183823529411765,1,7.975,0.0153846153846154,"not significant",0
"1911","species","Tupaia chinensis","group_char","control","dementia","unpaired",NA,3,3,2.49467941002713,0.0107132619115873,1606,1,0.0839460784313725,1,0.0839460784313726,1,72.517,0.0153846153846154,"nominal only",2.55191510639893
"1912","species","Tyrophagus putrescentiae","group_char","control","dementia","unpaired",NA,5,5,0.0814244113919944,1,150000,1,0.00183823529411765,1,0.00183823529411765,1,1585.994,0.0153846153846154,"not significant",0
"1913","species","Varicellovirus humanalpha3","group_char","control","dementia","unpaired",NA,45,34.0368416007097,-0.063664851498369,0.981766788221412,147265,1,0.00573257080610021,0.6,-0.0107510448657095,0.425327247739432,31822.663,0.202735042735043,"not significant",-0.022853931377946
"1914","species","Veillonella seminalis","group_char","control","dementia","unpaired",NA,1,1,0.0364141037800815,1,150000,1,0.00183823529411765,1,0.00183823529411765,1,36.328,0.0153846153846154,"not significant",0
"1915","species","Vesicular stomatitis virus","group_char","control","dementia","unpaired",NA,2,1.99993747826885,1.03863061666797,0.410237265084899,61535,1,0.0428921568627451,1,0.0426626149818113,1,83.129,0.0153846153846154,"not significant",0.823476166561616
"1916","species","Vespula maculifrons","group_char","control","dementia","unpaired",NA,1,1,0.0364141037800815,1,150000,1,0.00183823529411765,1,0.00183823529411765,1,16.232,0.0153846153846154,"not significant",0
"1917","species","Vespula pensylvanica","group_char","control","dementia","unpaired",NA,3,2.97060127674125,-0.163867938054798,1,150000,1,-0.00469771241830065,0.666666666666667,-0.00561724182026863,0.6197706671663,1002.546,0.0205128205128205,"not significant",0
"1918","species","Vespula vidua","group_char","control","dementia","unpaired",NA,1,1,-0.841633534929937,0.564929567136219,84739,1,-0.0569852941176471,0,-0.0569852941176471,0,215.756,0.0615384615384615,"not significant",-0.575534940420366
"1919","species","Vespula vulgaris","group_char","control","dementia","unpaired",NA,4,3.89876924773283,0.426090455880842,0.65966893554043,98950,1,0.0125612745098039,1,0.0155540282884322,1,919.26,0.0230769230769231,"not significant",0.440370295223002
"1920","species","Vibrio alginolyticus","group_char","control","dementia","unpaired",NA,5,4.74457932875464,-0.564461412557102,0.578082812781248,86712,1,-0.0162990196078431,0.4,-0.0186845268067533,0.348776914237001,338.917,0.0553846153846154,"not significant",-0.556187310880046
"1921","species","Vibrio anguillarum","group_char","control","dementia","unpaired",NA,1,1,1.44030382892098,0.231151792321385,34672,1,0.0839460784313726,1,0.0839460784313726,1,82.231,0.0153846153846154,"not significant",1.19739715426572
"1922","species","Vibrio cholerae","group_char","control","dementia","unpaired",NA,108,105.021596213003,0.890197529301442,0.987920080532796,148188,1,0.00659268336964415,0.805555555555556,0.00518833400174653,0.763040404846157,35874.909,0.0217948717948718,"not significant",0.0151405122821611
"1923","species","Vibrio metoecus","group_char","control","dementia","unpaired",NA,1,1,0.0364141037800815,1,150000,1,0.00183823529411765,1,0.00183823529411765,1,53.378,0.0153846153846154,"not significant",0
"1924","species","Vibrio navarrensis","group_char","control","dementia","unpaired",NA,2,1.79933719555541,-0.311179275449785,0.916553889640736,137483,1,-0.0159313725490196,0.5,-0.0218654744997895,0.333026648557646,361.059,0.0615384615384615,"not significant",-0.104775577567914
"1925","species","Vibrio parahaemolyticus","group_char","control","dementia","unpaired",NA,13,12.9997900135882,0.902683465753714,0.811187925413831,121678,1,0.0144702111613876,1,0.0143511472735435,1,808.204,0.0153846153846154,"not significant",0.238893810137961
"1926","species","Vibrio sp. RC586","group_char","control","dementia","unpaired",NA,2,2,0.0514973194274527,1,150000,1,0.00183823529411765,1,0.00183823529411765,1,70.464,0.0153846153846154,"not significant",0
"1927","species","Vibrio vulnificus","group_char","control","dementia","unpaired",NA,155,141.691351965753,0.48610270070694,0.99997333351111,149996,1,0.00492963314358001,0.870967741935484,-0.0020885322515608,0.800449100150816,73976.622,0.0250124069478908,"not significant",3.34214875245468e-05
"1928","species","Victivallis vadensis","group_char","control","dementia","unpaired",NA,1,1,-0.3094043027188,1,150000,1,-0.0177696078431373,0,-0.0177696078431373,0,18.342,0.0307692307692308,"not significant",0
"1929","species","Vigna radiata","group_char","control","dementia","unpaired",NA,1,1,0.0364141037800815,1,150000,1,0.00183823529411765,1,0.00183823529411765,1,82.634,0.0153846153846154,"not significant",0
"1930","species","Vitis vinifera","group_char","control","dementia","unpaired",NA,4,3.96821348784229,0.594124428340409,0.551476323491177,82721,1,0.0174632352941176,1,0.0198854050509511,1,209.658,0.0192307692307692,"not significant",0.595549347376894
"1931","species","Wencheng Sm shrew coronavirus","group_char","control","dementia","unpaired",NA,11,10.8338353681621,0.914085095736529,0.543469710201932,81520,1,0.0171011586452763,0.909090909090909,0.0210296121089575,0.896432873089814,24230.617,0.020979020979021,"not significant",0.607574511160624
"1932","species","White-eye coronavirus HKU16","group_char","control","dementia","unpaired",NA,8,7.86264687136477,0.33400881511273,0.799894667368884,119984,1,0.0101102941176471,0.625,0.00774054617298102,0.573506048100871,5107.868,0.025,"not significant",0.253483425752718
"1933","species","Wigeon coronavirus HKU20","group_char","control","dementia","unpaired",NA,12,11.6218554692735,-0.25557188189626,0.845987693415377,126898,1,-0.000816993464052288,0.583333333333333,-0.00537995555305916,0.512555747186614,5256.674,0.0282051282051282,"not significant",-0.194240345321996
"1934","species","Xanthomonas oryzae","group_char","control","dementia","unpaired",NA,3,3,0.0630710778591871,1,150000,1,0.00183823529411765,1,0.00183823529411765,1,276.417,0.0153846153846154,"not significant",0
"1935","species","Xanthomonas vesicatoria","group_char","control","dementia","unpaired",NA,1,1,0.0364141037800815,1,150000,1,0.00183823529411765,1,0.00183823529411765,1,216.599,0.0153846153846154,"not significant",0
"1936","species","Yersinia enterocolitica","group_char","control","dementia","unpaired",NA,23,20.7735079678036,2.03894999812125,0.180838794408037,27125,1,0.0296515345268542,0.91304347826087,0.0386827749458297,0.896884387586039,1411.152,0.0327759197324415,"not significant",1.33817684784886
"1937","species","Yersinia massiliensis","group_char","control","dementia","unpaired",NA,1,1,1.44030382892098,0.231545123032513,34731,1,0.0839460784313726,1,0.0839460784313726,1,11.264,0.0153846153846154,"not significant",1.19638815115079
"1938","species","Yersinia pestis","group_char","control","dementia","unpaired",NA,15,14.7968163515201,0.391193382144112,0.906087292751382,135913,1,0.00755718954248366,0.8,0.00553917512710226,0.755700440027759,1099.14,0.0194871794871795,"not significant",0.117975219455251
"1939","species","Yersinia pseudotuberculosis","group_char","control","dementia","unpaired",NA,10,9.04940660235288,-0.584483034660024,0.6407423950507,96111,1,-0.00526960784313726,0.8,-0.0196208204248896,0.711578959157547,922.954,0.0338461538461538,"not significant",-0.466661058185977
"1940","species","Zea mays","group_char","control","dementia","unpaired",NA,19,18.9478197667682,4.17857093177358,0.00677995480030133,1016,1,0.0569852941176471,0.947368421052632,0.0558917796923482,0.935700029870885,336.449,0.0161943319838057,"nominal only",2.70746339089434
"1941","species","[Bacteroides] pectinophilus","group_char","control","dementia","unpaired",NA,9,8.92793902976515,-0.159410681737619,1,150000,1,-0.00251906318082789,0.777777777777778,-0.00325142513869703,0.740427317926451,616.436,0.0188034188034188,"not significant",0
"1942","species","[Clostridium] nexile","group_char","control","dementia","unpaired",NA,1,1,0.0364141037800815,1,150000,1,0.00183823529411765,1,0.00183823529411765,1,10.194,0.0153846153846154,"not significant",0
"1943","species","[Eubacterium] siraeum","group_char","control","dementia","unpaired",NA,9,7.85020983186398,-0.731955742254316,0.542229718468544,81334,1,-0.0130038126361656,0.777777777777778,-0.0266174571825213,0.65523117341856,276046.018,0.0341880341880342,"not significant",-0.609444697601125
"1944","species","[Mannheimia] succiniciproducens","group_char","control","dementia","unpaired",NA,2,2,0.0514973194274527,1,150000,1,0.00183823529411765,1,0.00183823529411765,1,65.34,0.0153846153846154,"not significant",0
"1945","species","[Ruminococcus] lactaris","group_char","control","dementia","unpaired",NA,4,3.96568946340576,-0.127388034426873,1,150000,1,-0.00306372549019608,0.75,-0.00385346681387684,0.709723192492281,484.672,0.0192307692307692,"not significant",0
"1946","species","[Ruminococcus] torques","group_char","control","dementia","unpaired",NA,167,161.948129420037,1.23549655844569,0.993773374844168,149066,1,0.00726855113302808,0.838323353293413,0.00559750086078903,0.798431610994836,140947.504,0.0219253800092123,"not significant",0.00780399654848259
"1947","species","anaerobic digester metagenome","group_char","control","dementia","unpaired",NA,1,1,0.0364141037800815,1,150000,1,0.00183823529411765,1,0.00183823529411765,1,61.201,0.0153846153846154,"not significant",0
"1948","species","bacterium 1XD21-70","group_char","control","dementia","unpaired",NA,1,1,0.597370544013857,0.551969653535643,82795,1,0.0447303921568627,1,0.0447303921568627,1,207.905,0.0461538461538462,"not significant",0.594811239809179
"1949","species","butyrate-producing bacterium SS3/4","group_char","control","dementia","unpaired",NA,1,1,-0.3094043027188,1,150000,1,-0.0177696078431373,0,-0.0177696078431373,0,918.713,0.0307692307692308,"not significant",0
"1950","species","gut metagenome","group_char","control","dementia","unpaired",NA,2,1.99993747826885,1.03863061666797,0.411870587529416,61780,1,0.0428921568627451,1,0.0426626149818113,1,31.598,0.0153846153846154,"not significant",0.8206062481911
"1951","species","uncultured Bacteroides sp.","group_char","control","dementia","unpaired",NA,23,22.1309287051436,0.602737783180398,0.841087726081826,126163,1,0.0094575873827792,0.826086956521739,0.00879867464620222,0.783468796188889,2429.041,0.0234113712374582,"not significant",0.20050234258005
"1952","species","uncultured Blautia sp.","group_char","control","dementia","unpaired",NA,21,19.9437133551762,0.23378037073253,0.951013659908934,142652,1,0.00329715219421102,0.857142857142857,0.00735996718462252,0.831551185160721,88416.28,0.0234432234432234,"not significant",0.06143389388659
"1953","species","uncultured Butyricicoccus sp.","group_char","control","dementia","unpaired",NA,1,1,0.960056517026784,0.58340944393704,87511,1,0.0876225490196078,1,0.0876225490196078,1,591.137,0.0769230769230769,"not significant",0.548411409533363
"1954","species","uncultured Clostridium sp.","group_char","control","dementia","unpaired",NA,62,59.1545193627588,0.373511641586936,0.969593536043093,145439,1,0.00470430107526882,0.758064516129032,0.00207560075026852,0.708950169087869,80145.078,0.0245657568238213,"not significant",0.0381180799837366
"1955","species","uncultured Coprococcus sp.","group_char","control","dementia","unpaired",NA,2,1.99993747826885,1.03863061666797,0.409110605929294,61366,1,0.0428921568627451,1,0.0426626149818113,1,109.609,0.0153846153846154,"not significant",0.825459783431404
"1956","species","uncultured Dorea sp.","group_char","control","dementia","unpaired",NA,23,22.6422947386864,0.917479365311045,0.785168098879341,117775,1,0.0118552855924979,0.91304347826087,0.0115149607670302,0.897750114624227,2999.861,0.0187290969899666,"not significant",0.272590391395862
"1957","species","uncultured Dysgonomonas sp.","group_char","control","dementia","unpaired",NA,2,2,0.0514973194274527,1,150000,1,0.00183823529411765,1,0.00183823529411765,1,344.695,0.0153846153846154,"not significant",0
"1958","species","uncultured Eubacterium sp.","group_char","control","dementia","unpaired",NA,22,21.2719509003342,0.087747554346497,0.967373550842994,145106,1,0.00323083778966132,0.818181818181818,0.000366780329806956,0.767334821716478,4639.331,0.0230769230769231,"not significant",0.0409025922737836
"1959","species","uncultured Faecalibacterium sp.","group_char","control","dementia","unpaired",NA,31,30.0858277138959,0.315360409548002,0.966266891554056,144940,1,0.0055937697659709,0.806451612903226,0.00343204437456855,0.757340986696388,2363.256,0.0228287841191067,"not significant",0.0422907845814238
"1960","species","uncultured Flavonifractor sp.","group_char","control","dementia","unpaired",NA,2,1.86602540378444,0.0746210827470399,1,150000,1,0.00367647058823529,1,0.0041690242507925,1,769.359,0.0461538461538462,"not significant",0
"1961","species","uncultured Lachnospira sp.","group_char","control","dementia","unpaired",NA,2,1.97943386919572,-0.216834899207932,1,150000,1,-0.0079656862745098,0.5,-0.00896500868430107,0.449034557100645,292.134,0.0230769230769231,"not significant",0
"1962","species","uncultured Oscillibacter sp.","group_char","control","dementia","unpaired",NA,3,2.97060127674125,-0.163867938054798,1,150000,1,-0.00469771241830065,0.666666666666667,-0.00561724182026863,0.6197706671663,102.251,0.0205128205128205,"not significant",0
"1963","species","uncultured Roseburia sp.","group_char","control","dementia","unpaired",NA,6,5.87532367532133,-0.249065132815416,1,150000,1,-0.00469771241830065,0.833333333333333,-0.00682668303942597,0.779044582494638,280.614,0.0205128205128205,"not significant",0
"1964","species","uncultured Ruminococcus sp.","group_char","control","dementia","unpaired",NA,85,81.0702557047953,-0.272305390864811,0.998300011333258,149745,1,-0.000165801614763555,0.835294117647059,-0.00434383822485094,0.779505490227298,22902.39,0.022262443438914,"not significant",-0.00213062144131258
"1965","species","uncultured bacterium","group_char","control","dementia","unpaired",NA,1,1,0.0364141037800815,1,150000,1,0.00183823529411765,1,0.00183823529411765,1,18.201,0.0153846153846154,"not significant",0
