"","rank","feature","n_peptides","group_col","group1","group2","n1","N1","prop1","percent1","n2","N2","prop2","percent2","p_raw","p_adj_rank","passed_rank_bh","category_rank_bh","p_adj_rank_wbh","passed_rank_wbh","category_rank_wbh"
"1","class","Aconoidasida",6219,"group_char","control","dementia",42,50,0.84,84,11,15,0.733333333333333,73.3333333333333,0.449189193563535,1,FALSE,"not significant",1,FALSE,"not significant"
"2","class","Actinomycetes",9139,"group_char","control","dementia",50,50,1,100,15,15,1,100,1,1,FALSE,"not significant",1,FALSE,"not significant"
"3","class","Actinopteri",1550,"group_char","control","dementia",25,50,0.5,50,6,15,0.4,40,0.565128188537421,1,FALSE,"not significant",1,FALSE,"not significant"
"4","class","Agaricomycetes",44,"group_char","control","dementia",2,50,0.04,4,0,15,0,0,1,1,FALSE,"not significant",1,FALSE,"not significant"
"5","class","Alphaproteobacteria",1188,"group_char","control","dementia",33,50,0.66,66,6,15,0.4,40,0.13120951693643,1,FALSE,"not significant",1,FALSE,"not significant"
"6","class","Alsuviricetes",350,"group_char","control","dementia",9,50,0.18,18,3,15,0.2,20,1,1,FALSE,"not significant",1,FALSE,"not significant"
"7","class","Amphibia",15,"group_char","control","dementia",2,50,0.04,4,0,15,0,0,1,1,FALSE,"not significant",1,FALSE,"not significant"
"8","class","Arachnida",1875,"group_char","control","dementia",19,50,0.38,38,4,15,0.266666666666667,26.6666666666667,0.544187284061686,1,FALSE,"not significant",1,FALSE,"not significant"
"9","class","Ascidiacea",4,"group_char","control","dementia",2,50,0.04,4,0,15,0,0,1,1,FALSE,"not significant",1,FALSE,"not significant"
"10","class","Aves",680,"group_char","control","dementia",26,50,0.52,52,6,15,0.4,40,0.557965593995684,1,FALSE,"not significant",1,FALSE,"not significant"
"11","class","Bacilli",20285,"group_char","control","dementia",50,50,1,100,15,15,1,100,1,1,FALSE,"not significant",1,FALSE,"not significant"
"12","class","Bacteroidia",91544,"group_char","control","dementia",50,50,1,100,15,15,1,100,1,1,FALSE,"not significant",1,FALSE,"not significant"
"13","class","Betaproteobacteria",2981,"group_char","control","dementia",48,50,0.96,96,14,15,0.933333333333333,93.3333333333333,0.551282051282051,1,FALSE,"not significant",1,FALSE,"not significant"
"14","class","Bivalvia",153,"group_char","control","dementia",5,50,0.1,10,2,15,0.133333333333333,13.3333333333333,0.657621758042798,1,FALSE,"not significant",1,FALSE,"not significant"
"15","class","Branchiopoda",18,"group_char","control","dementia",3,50,0.06,6,0,15,0,0,1,1,FALSE,"not significant",1,FALSE,"not significant"
"16","class","Caudoviricetes",40106,"group_char","control","dementia",50,50,1,100,15,15,1,100,1,1,FALSE,"not significant",1,FALSE,"not significant"
"17","class","Cephalopoda",65,"group_char","control","dementia",3,50,0.06,6,1,15,0.0666666666666667,6.66666666666667,1,1,FALSE,"not significant",1,FALSE,"not significant"
"18","class","Cestoda",110,"group_char","control","dementia",5,50,0.1,10,3,15,0.2,20,0.372587655132615,1,FALSE,"not significant",1,FALSE,"not significant"
"19","class","Chlamydiia",409,"group_char","control","dementia",20,50,0.4,40,1,15,0.0666666666666667,6.66666666666667,0.0248529602860298,1,FALSE,"nominal only",1,FALSE,"nominal only"
"20","class","Chondrichthyes",52,"group_char","control","dementia",3,50,0.06,6,0,15,0,0,1,1,FALSE,"not significant",1,FALSE,"not significant"
"21","class","Chromadorea",423,"group_char","control","dementia",7,50,0.14,14,1,15,0.0666666666666667,6.66666666666667,0.669427904317184,1,FALSE,"not significant",1,FALSE,"not significant"
"22","class","Clostridia",65917,"group_char","control","dementia",50,50,1,100,15,15,1,100,1,1,FALSE,"not significant",1,FALSE,"not significant"
"23","class","Conoidasida",174,"group_char","control","dementia",7,50,0.14,14,1,15,0.0666666666666667,6.66666666666667,0.669427904317184,1,FALSE,"not significant",1,FALSE,"not significant"
"24","class","Coriobacteriia",444,"group_char","control","dementia",39,50,0.78,78,13,15,0.866666666666667,86.6666666666667,0.715372654351685,1,FALSE,"not significant",1,FALSE,"not significant"
"25","class","Cyanophyceae",51,"group_char","control","dementia",2,50,0.04,4,0,15,0,0,1,1,FALSE,"not significant",1,FALSE,"not significant"
"26","class","Diplopoda",12,"group_char","control","dementia",1,50,0.02,2,0,15,0,0,1,1,FALSE,"not significant",1,FALSE,"not significant"
"27","class","Dothideomycetes",606,"group_char","control","dementia",23,50,0.46,46,4,15,0.266666666666667,26.6666666666667,0.238756923317577,1,FALSE,"not significant",1,FALSE,"not significant"
"28","class","Echinoidea",45,"group_char","control","dementia",1,50,0.02,2,0,15,0,0,1,1,FALSE,"not significant",1,FALSE,"not significant"
"29","class","Epsilonproteobacteria",4347,"group_char","control","dementia",49,50,0.98,98,13,15,0.866666666666667,86.6666666666667,0.130608974358974,1,FALSE,"not significant",1,FALSE,"not significant"
"30","class","Erysipelotrichia",332,"group_char","control","dementia",14,50,0.28,28,1,15,0.0666666666666667,6.66666666666667,0.159334766198391,1,FALSE,"not significant",1,FALSE,"not significant"
"31","class","Eurotiomycetes",1578,"group_char","control","dementia",31,50,0.62,62,9,15,0.6,60,1,1,FALSE,"not significant",1,FALSE,"not significant"
"32","class","Flasuviricetes",894,"group_char","control","dementia",22,50,0.44,44,4,15,0.266666666666667,26.6666666666667,0.367912891319699,1,FALSE,"not significant",1,FALSE,"not significant"
"33","class","Flavobacteriia",38,"group_char","control","dementia",7,50,0.14,14,1,15,0.0666666666666667,6.66666666666667,0.669427904317184,1,FALSE,"not significant",1,FALSE,"not significant"
"34","class","Fusobacteriia",142,"group_char","control","dementia",1,50,0.02,2,1,15,0.0666666666666667,6.66666666666667,0.411057692307692,1,FALSE,"not significant",1,FALSE,"not significant"
"35","class","Gammaproteobacteria",31487,"group_char","control","dementia",50,50,1,100,15,15,1,100,1,1,FALSE,"not significant",1,FALSE,"not significant"
"36","class","Gastropoda",77,"group_char","control","dementia",1,50,0.02,2,0,15,0,0,1,1,FALSE,"not significant",1,FALSE,"not significant"
"37","class","Herviviricetes",3114,"group_char","control","dementia",50,50,1,100,15,15,1,100,1,1,FALSE,"not significant",1,FALSE,"not significant"
"38","class","Insecta",3048,"group_char","control","dementia",32,50,0.64,64,10,15,0.666666666666667,66.6666666666667,1,1,FALSE,"not significant",1,FALSE,"not significant"
"39","class","Insthoviricetes",1313,"group_char","control","dementia",48,50,0.96,96,12,15,0.8,80,0.0761061166931077,1,FALSE,"not significant",1,FALSE,"not significant"
"40","class","Kinetoplastea",155,"group_char","control","dementia",5,50,0.1,10,1,15,0.0666666666666667,6.66666666666667,1,1,FALSE,"not significant",1,FALSE,"not significant"
"41","class","Lentisphaeria",23,"group_char","control","dementia",2,50,0.04,4,0,15,0,0,1,1,FALSE,"not significant",1,FALSE,"not significant"
"42","class","Lepidosauria",15,"group_char","control","dementia",1,50,0.02,2,0,15,0,0,1,1,FALSE,"not significant",1,FALSE,"not significant"
"43","class","Magnoliopsida",11060,"group_char","control","dementia",48,50,0.96,96,15,15,1,100,1,1,FALSE,"not significant",1,FALSE,"not significant"
"44","class","Malacostraca",409,"group_char","control","dementia",9,50,0.18,18,2,15,0.133333333333333,13.3333333333333,1,1,FALSE,"not significant",1,FALSE,"not significant"
"45","class","Malasseziomycetes",214,"group_char","control","dementia",7,50,0.14,14,1,15,0.0666666666666667,6.66666666666667,0.669427904317184,1,FALSE,"not significant",1,FALSE,"not significant"
"46","class","Mammalia",25315,"group_char","control","dementia",50,50,1,100,15,15,1,100,1,1,FALSE,"not significant",1,FALSE,"not significant"
"47","class","Merostomata",17,"group_char","control","dementia",1,50,0.02,2,0,15,0,0,1,1,FALSE,"not significant",1,FALSE,"not significant"
"48","class","Microbotryomycetes",23,"group_char","control","dementia",1,50,0.02,2,0,15,0,0,1,1,FALSE,"not significant",1,FALSE,"not significant"
"49","class","Mollicutes",70,"group_char","control","dementia",5,50,0.1,10,0,15,0,0,0.581773990155799,1,FALSE,"not significant",1,FALSE,"not significant"
"50","class","Monjiviricetes",622,"group_char","control","dementia",49,50,0.98,98,15,15,1,100,1,1,FALSE,"not significant",1,FALSE,"not significant"
"51","class","Mucoromycetes",41,"group_char","control","dementia",0,50,0,0,1,15,0.0666666666666667,6.66666666666667,0.230769230769231,1,FALSE,"not significant",1,FALSE,"not significant"
"52","class","Negativicutes",1023,"group_char","control","dementia",35,50,0.7,70,8,15,0.533333333333333,53.3333333333333,0.350726400485382,1,FALSE,"not significant",1,FALSE,"not significant"
"53","class","Papovaviricetes",246,"group_char","control","dementia",18,50,0.36,36,4,15,0.266666666666667,26.6666666666667,0.756522400182018,1,FALSE,"not significant",1,FALSE,"not significant"
"54","class","Pichiomycetes",179,"group_char","control","dementia",7,50,0.14,14,0,15,0,0,0.187554625848417,1,FALSE,"not significant",1,FALSE,"not significant"
"55","class","Pinopsida",361,"group_char","control","dementia",5,50,0.1,10,2,15,0.133333333333333,13.3333333333333,0.657621758042798,1,FALSE,"not significant",1,FALSE,"not significant"
"56","class","Pisoniviricetes",14627,"group_char","control","dementia",50,50,1,100,15,15,1,100,1,1,FALSE,"not significant",1,FALSE,"not significant"
"57","class","Quintoviricetes",98,"group_char","control","dementia",5,50,0.1,10,0,15,0,0,0.581773990155799,1,FALSE,"not significant",1,FALSE,"not significant"
"58","class","Resentoviricetes",66,"group_char","control","dementia",1,50,0.02,2,0,15,0,0,1,1,FALSE,"not significant",1,FALSE,"not significant"
"59","class","Revtraviricetes",508,"group_char","control","dementia",7,50,0.14,14,1,15,0.0666666666666667,6.66666666666667,0.669427904317184,1,FALSE,"not significant",1,FALSE,"not significant"
"60","class","Saccharomycetes",78,"group_char","control","dementia",1,50,0.02,2,0,15,0,0,1,1,FALSE,"not significant",1,FALSE,"not significant"
"61","class","Sordariomycetes",244,"group_char","control","dementia",9,50,0.18,18,2,15,0.133333333333333,13.3333333333333,1,1,FALSE,"not significant",1,FALSE,"not significant"
"62","class","Spirochaetia",335,"group_char","control","dementia",12,50,0.24,24,5,15,0.333333333333333,33.3333333333333,0.512229889175828,1,FALSE,"not significant",1,FALSE,"not significant"
"63","class","Tectiliviricetes",274,"group_char","control","dementia",44,50,0.88,88,13,15,0.866666666666667,86.6666666666667,1,1,FALSE,"not significant",1,FALSE,"not significant"
"64","class","Trematoda",136,"group_char","control","dementia",1,50,0.02,2,1,15,0.0666666666666667,6.66666666666667,0.411057692307692,1,FALSE,"not significant",1,FALSE,"not significant"
"65","class","Verrucomicrobiia",4444,"group_char","control","dementia",49,50,0.98,98,14,15,0.933333333333333,93.3333333333333,0.411057692307692,1,FALSE,"not significant",1,FALSE,"not significant"
"66","family","Acaridae",320,"group_char","control","dementia",5,50,0.1,10,1,15,0.0666666666666667,6.66666666666667,1,1,FALSE,"not significant",1,FALSE,"not significant"
"67","family","Acidaminococcaceae",197,"group_char","control","dementia",5,50,0.1,10,0,15,0,0,0.581773990155799,1,FALSE,"not significant",1,FALSE,"not significant"
"68","family","Ackermannviridae",1926,"group_char","control","dementia",32,50,0.64,64,12,15,0.8,80,0.349672384901755,1,FALSE,"not significant",1,FALSE,"not significant"
"69","family","Acrididae",8,"group_char","control","dementia",1,50,0.02,2,0,15,0,0,1,1,FALSE,"not significant",1,FALSE,"not significant"
"70","family","Actinidiaceae",341,"group_char","control","dementia",26,50,0.52,52,6,15,0.4,40,0.557965593995684,1,FALSE,"not significant",1,FALSE,"not significant"
"71","family","Adenoviridae",134,"group_char","control","dementia",43,50,0.86,86,13,15,0.866666666666667,86.6666666666667,1,1,FALSE,"not significant",1,FALSE,"not significant"
"72","family","Adrianichthyidae",95,"group_char","control","dementia",2,50,0.04,4,1,15,0.0666666666666667,6.66666666666667,0.551282051282051,1,FALSE,"not significant",1,FALSE,"not significant"
"73","family","Agaricaceae",23,"group_char","control","dementia",2,50,0.04,4,0,15,0,0,1,1,FALSE,"not significant",1,FALSE,"not significant"
"74","family","Akkermansiaceae",4444,"group_char","control","dementia",49,50,0.98,98,14,15,0.933333333333333,93.3333333333333,0.411057692307692,1,FALSE,"not significant",1,FALSE,"not significant"
"75","family","Alcaligenaceae",788,"group_char","control","dementia",37,50,0.74,74,10,15,0.666666666666667,66.6666666666667,0.742994546037264,1,FALSE,"not significant",1,FALSE,"not significant"
"76","family","Aliceevansviridae",681,"group_char","control","dementia",28,50,0.56,56,5,15,0.333333333333333,33.3333333333333,0.149744519460108,1,FALSE,"not significant",1,FALSE,"not significant"
"77","family","Amaranthaceae",14,"group_char","control","dementia",1,50,0.02,2,0,15,0,0,1,1,FALSE,"not significant",1,FALSE,"not significant"
"78","family","Amaryllidaceae",92,"group_char","control","dementia",2,50,0.04,4,0,15,0,0,1,1,FALSE,"not significant",1,FALSE,"not significant"
"79","family","Amelidae",23,"group_char","control","dementia",2,50,0.04,4,0,15,0,0,1,1,FALSE,"not significant",1,FALSE,"not significant"
"80","family","Anacardiaceae",118,"group_char","control","dementia",8,50,0.16,16,4,15,0.266666666666667,26.6666666666667,0.449189193563535,1,FALSE,"not significant",1,FALSE,"not significant"
"81","family","Anaplasmataceae",134,"group_char","control","dementia",4,50,0.08,8,1,15,0.0666666666666667,6.66666666666667,1,1,FALSE,"not significant",1,FALSE,"not significant"
"82","family","Anatidae",56,"group_char","control","dementia",4,50,0.08,8,0,15,0,0,0.56575682382134,1,FALSE,"not significant",1,FALSE,"not significant"
"83","family","Ancylostomatidae",18,"group_char","control","dementia",3,50,0.06,6,0,15,0,0,1,1,FALSE,"not significant",1,FALSE,"not significant"
"84","family","Anelloviridae",48,"group_char","control","dementia",2,50,0.04,4,2,15,0.133333333333333,13.3333333333333,0.225599669148056,1,FALSE,"not significant",1,FALSE,"not significant"
"85","family","Anisakidae",222,"group_char","control","dementia",2,50,0.04,4,0,15,0,0,1,1,FALSE,"not significant",1,FALSE,"not significant"
"86","family","Aphididae",19,"group_char","control","dementia",0,50,0,0,1,15,0.0666666666666667,6.66666666666667,0.230769230769231,1,FALSE,"not significant",1,FALSE,"not significant"
"87","family","Apiaceae",108,"group_char","control","dementia",4,50,0.08,8,1,15,0.0666666666666667,6.66666666666667,1,1,FALSE,"not significant",1,FALSE,"not significant"
"88","family","Apidae",476,"group_char","control","dementia",6,50,0.12,12,1,15,0.0666666666666667,6.66666666666667,1,1,FALSE,"not significant",1,FALSE,"not significant"
"89","family","Araliaceae",14,"group_char","control","dementia",1,50,0.02,2,0,15,0,0,1,1,FALSE,"not significant",1,FALSE,"not significant"
"90","family","Artemiidae",18,"group_char","control","dementia",3,50,0.06,6,0,15,0,0,1,1,FALSE,"not significant",1,FALSE,"not significant"
"91","family","Arthrodermataceae",135,"group_char","control","dementia",5,50,0.1,10,1,15,0.0666666666666667,6.66666666666667,1,1,FALSE,"not significant",1,FALSE,"not significant"
"92","family","Ascarididae",56,"group_char","control","dementia",3,50,0.06,6,0,15,0,0,1,1,FALSE,"not significant",1,FALSE,"not significant"
"93","family","Aspergillaceae",1398,"group_char","control","dementia",30,50,0.6,60,9,15,0.6,60,1,1,FALSE,"not significant",1,FALSE,"not significant"
"94","family","Astacidae",15,"group_char","control","dementia",1,50,0.02,2,0,15,0,0,1,1,FALSE,"not significant",1,FALSE,"not significant"
"95","family","Asteraceae",280,"group_char","control","dementia",6,50,0.12,12,0,15,0,0,0.322473864052394,1,FALSE,"not significant",1,FALSE,"not significant"
"96","family","Atopobiaceae",31,"group_char","control","dementia",36,50,0.72,72,12,15,0.8,80,0.740679181587149,1,FALSE,"not significant",1,FALSE,"not significant"
"97","family","Autographiviridae",1693,"group_char","control","dementia",39,50,0.78,78,7,15,0.466666666666667,46.6666666666667,0.0268223848260122,1,FALSE,"nominal only",1,FALSE,"nominal only"
"98","family","Azospirillaceae",112,"group_char","control","dementia",1,50,0.02,2,1,15,0.0666666666666667,6.66666666666667,0.411057692307692,1,FALSE,"not significant",1,FALSE,"not significant"
"99","family","Bacillaceae",1863,"group_char","control","dementia",42,50,0.84,84,12,15,0.8,80,0.706089095379752,1,FALSE,"not significant",1,FALSE,"not significant"
"100","family","Bacillidae",21,"group_char","control","dementia",2,50,0.04,4,0,15,0,0,1,1,FALSE,"not significant",1,FALSE,"not significant"
"101","family","Bacteroidaceae",60903,"group_char","control","dementia",50,50,1,100,15,15,1,100,1,1,FALSE,"not significant",1,FALSE,"not significant"
"102","family","Barnesiellaceae",3759,"group_char","control","dementia",50,50,1,100,15,15,1,100,1,1,FALSE,"not significant",1,FALSE,"not significant"
"103","family","Bartonellaceae",428,"group_char","control","dementia",25,50,0.5,50,4,15,0.266666666666667,26.6666666666667,0.144195342245846,1,FALSE,"not significant",1,FALSE,"not significant"
"104","family","Belostomatidae",12,"group_char","control","dementia",0,50,0,0,1,15,0.0666666666666667,6.66666666666667,0.230769230769231,1,FALSE,"not significant",1,FALSE,"not significant"
"105","family","Betulaceae",399,"group_char","control","dementia",5,50,0.1,10,1,15,0.0666666666666667,6.66666666666667,1,1,FALSE,"not significant",1,FALSE,"not significant"
"106","family","Bifidobacteriaceae",5428,"group_char","control","dementia",50,50,1,100,15,15,1,100,1,1,FALSE,"not significant",1,FALSE,"not significant"
"107","family","Blattellidae",282,"group_char","control","dementia",11,50,0.22,22,4,15,0.266666666666667,26.6666666666667,0.733637510756924,1,FALSE,"not significant",1,FALSE,"not significant"
"108","family","Blattidae",295,"group_char","control","dementia",5,50,0.1,10,0,15,0,0,0.581773990155799,1,FALSE,"not significant",1,FALSE,"not significant"
"109","family","Bombycidae",30,"group_char","control","dementia",2,50,0.04,4,0,15,0,0,1,1,FALSE,"not significant",1,FALSE,"not significant"
"110","family","Bornaviridae",25,"group_char","control","dementia",0,50,0,0,1,15,0.0666666666666667,6.66666666666667,0.230769230769231,1,FALSE,"not significant",1,FALSE,"not significant"
"111","family","Borreliaceae",230,"group_char","control","dementia",9,50,0.18,18,4,15,0.266666666666667,26.6666666666667,0.476524532129322,1,FALSE,"not significant",1,FALSE,"not significant"
"112","family","Bovidae",1030,"group_char","control","dementia",30,50,0.6,60,6,15,0.4,40,0.238262490435802,1,FALSE,"not significant",1,FALSE,"not significant"
"113","family","Brassicaceae",162,"group_char","control","dementia",2,50,0.04,4,1,15,0.0666666666666667,6.66666666666667,0.551282051282051,1,FALSE,"not significant",1,FALSE,"not significant"
"114","family","Bromeliaceae",73,"group_char","control","dementia",1,50,0.02,2,0,15,0,0,1,1,FALSE,"not significant",1,FALSE,"not significant"
"115","family","Brucellaceae",367,"group_char","control","dementia",7,50,0.14,14,2,15,0.133333333333333,13.3333333333333,1,1,FALSE,"not significant",1,FALSE,"not significant"
"116","family","Burkholderiaceae",1372,"group_char","control","dementia",33,50,0.66,66,7,15,0.466666666666667,46.6666666666667,0.230018898479159,1,FALSE,"not significant",1,FALSE,"not significant"
"117","family","Butyricicoccaceae",67,"group_char","control","dementia",3,50,0.06,6,3,15,0.2,20,0.130089899524061,1,FALSE,"not significant",1,FALSE,"not significant"
"118","family","Caliciviridae",154,"group_char","control","dementia",34,50,0.68,68,8,15,0.533333333333333,53.3333333333333,0.361405242582662,1,FALSE,"not significant",1,FALSE,"not significant"
"119","family","Camelidae",29,"group_char","control","dementia",3,50,0.06,6,2,15,0.133333333333333,13.3333333333333,0.325262037451355,1,FALSE,"not significant",1,FALSE,"not significant"
"120","family","Campylobacteraceae",3217,"group_char","control","dementia",46,50,0.92,92,12,15,0.8,80,0.338068732216076,1,FALSE,"not significant",1,FALSE,"not significant"
"121","family","Canidae",94,"group_char","control","dementia",1,50,0.02,2,0,15,0,0,1,1,FALSE,"not significant",1,FALSE,"not significant"
"122","family","Caricaceae",59,"group_char","control","dementia",6,50,0.12,12,1,15,0.0666666666666667,6.66666666666667,1,1,FALSE,"not significant",1,FALSE,"not significant"
"123","family","Caryophyllaceae",35,"group_char","control","dementia",1,50,0.02,2,0,15,0,0,1,1,FALSE,"not significant",1,FALSE,"not significant"
"124","family","Caviidae",43,"group_char","control","dementia",1,50,0.02,2,0,15,0,0,1,1,FALSE,"not significant",1,FALSE,"not significant"
"125","family","Centropomidae",7,"group_char","control","dementia",2,50,0.04,4,0,15,0,0,1,1,FALSE,"not significant",1,FALSE,"not significant"
"126","family","Ceratopogonidae",310,"group_char","control","dementia",11,50,0.22,22,2,15,0.133333333333333,13.3333333333333,0.715372654351685,1,FALSE,"not significant",1,FALSE,"not significant"
"127","family","Cercopithecidae",50,"group_char","control","dementia",1,50,0.02,2,0,15,0,0,1,1,FALSE,"not significant",1,FALSE,"not significant"
"128","family","Cervidae",8,"group_char","control","dementia",2,50,0.04,4,0,15,0,0,1,1,FALSE,"not significant",1,FALSE,"not significant"
"129","family","Chenopodiaceae",108,"group_char","control","dementia",3,50,0.06,6,0,15,0,0,1,1,FALSE,"not significant",1,FALSE,"not significant"
"130","family","Chlamydiaceae",409,"group_char","control","dementia",20,50,0.4,40,1,15,0.0666666666666667,6.66666666666667,0.0248529602860298,1,FALSE,"nominal only",1,FALSE,"nominal only"
"131","family","Christensenellaceae",12,"group_char","control","dementia",2,50,0.04,4,0,15,0,0,1,1,FALSE,"not significant",1,FALSE,"not significant"
"132","family","Cichlidae",105,"group_char","control","dementia",0,50,0,0,1,15,0.0666666666666667,6.66666666666667,0.230769230769231,1,FALSE,"not significant",1,FALSE,"not significant"
"133","family","Cimicidae",9,"group_char","control","dementia",3,50,0.06,6,1,15,0.0666666666666667,6.66666666666667,1,1,FALSE,"not significant",1,FALSE,"not significant"
"134","family","Cladosporiaceae",125,"group_char","control","dementia",8,50,0.16,16,0,15,0,0,0.181590444293655,1,FALSE,"not significant",1,FALSE,"not significant"
"135","family","Clavicipitaceae",21,"group_char","control","dementia",1,50,0.02,2,0,15,0,0,1,1,FALSE,"not significant",1,FALSE,"not significant"
"136","family","Clostridiaceae",4595,"group_char","control","dementia",49,50,0.98,98,14,15,0.933333333333333,93.3333333333333,0.411057692307692,1,FALSE,"not significant",1,FALSE,"not significant"
"137","family","Coccinellidae",11,"group_char","control","dementia",1,50,0.02,2,1,15,0.0666666666666667,6.66666666666667,0.411057692307692,1,FALSE,"not significant",1,FALSE,"not significant"
"138","family","Coprobacillaceae",56,"group_char","control","dementia",1,50,0.02,2,0,15,0,0,1,1,FALSE,"not significant",1,FALSE,"not significant"
"139","family","Cordycipitaceae",73,"group_char","control","dementia",3,50,0.06,6,0,15,0,0,1,1,FALSE,"not significant",1,FALSE,"not significant"
"140","family","Coriobacteriaceae",379,"group_char","control","dementia",12,50,0.24,24,5,15,0.333333333333333,33.3333333333333,0.512229889175828,1,FALSE,"not significant",1,FALSE,"not significant"
"141","family","Coronaviridae",13436,"group_char","control","dementia",50,50,1,100,15,15,1,100,1,1,FALSE,"not significant",1,FALSE,"not significant"
"142","family","Corynebacteriaceae",206,"group_char","control","dementia",11,50,0.22,22,1,15,0.0666666666666667,6.66666666666667,0.267244347846239,1,FALSE,"not significant",1,FALSE,"not significant"
"143","family","Crangonidae",29,"group_char","control","dementia",1,50,0.02,2,0,15,0,0,1,1,FALSE,"not significant",1,FALSE,"not significant"
"144","family","Cricetidae",32,"group_char","control","dementia",1,50,0.02,2,0,15,0,0,1,1,FALSE,"not significant",1,FALSE,"not significant"
"145","family","Cucurbitaceae",73,"group_char","control","dementia",3,50,0.06,6,0,15,0,0,1,1,FALSE,"not significant",1,FALSE,"not significant"
"146","family","Culicidae",300,"group_char","control","dementia",5,50,0.1,10,0,15,0,0,0.581773990155799,1,FALSE,"not significant",1,FALSE,"not significant"
"147","family","Cupressaceae",339,"group_char","control","dementia",3,50,0.06,6,1,15,0.0666666666666667,6.66666666666667,1,1,FALSE,"not significant",1,FALSE,"not significant"
"148","family","Cyprinidae",33,"group_char","control","dementia",1,50,0.02,2,0,15,0,0,1,1,FALSE,"not significant",1,FALSE,"not significant"
"149","family","Danionidae",148,"group_char","control","dementia",6,50,0.12,12,0,15,0,0,0.322473864052394,1,FALSE,"not significant",1,FALSE,"not significant"
"150","family","Debaryomycetaceae",171,"group_char","control","dementia",7,50,0.14,14,0,15,0,0,0.187554625848417,1,FALSE,"not significant",1,FALSE,"not significant"
"151","family","Demerecviridae",913,"group_char","control","dementia",21,50,0.42,42,3,15,0.2,20,0.141732624959892,1,FALSE,"not significant",1,FALSE,"not significant"
"152","family","Dicroglossidae",6,"group_char","control","dementia",2,50,0.04,4,0,15,0,0,1,1,FALSE,"not significant",1,FALSE,"not significant"
"153","family","Didelphidae",1,"group_char","control","dementia",1,50,0.02,2,0,15,0,0,1,1,FALSE,"not significant",1,FALSE,"not significant"
"154","family","Didymellaceae",7,"group_char","control","dementia",10,50,0.2,20,2,15,0.133333333333333,13.3333333333333,0.716974684439761,1,FALSE,"not significant",1,FALSE,"not significant"
"155","family","Diplomaragnidae",9,"group_char","control","dementia",1,50,0.02,2,0,15,0,0,1,1,FALSE,"not significant",1,FALSE,"not significant"
"156","family","Drexlerviridae",874,"group_char","control","dementia",29,50,0.58,58,8,15,0.533333333333333,53.3333333333333,0.773994514089067,1,FALSE,"not significant",1,FALSE,"not significant"
"157","family","Drosophilidae",339,"group_char","control","dementia",8,50,0.16,16,1,15,0.0666666666666667,6.66666666666667,0.671913408796002,1,FALSE,"not significant",1,FALSE,"not significant"
"158","family","Dysgonomonadaceae",16,"group_char","control","dementia",2,50,0.04,4,0,15,0,0,1,1,FALSE,"not significant",1,FALSE,"not significant"
"159","family","Echimyopodidae",217,"group_char","control","dementia",5,50,0.1,10,1,15,0.0666666666666667,6.66666666666667,1,1,FALSE,"not significant",1,FALSE,"not significant"
"160","family","Eggerthellaceae",11,"group_char","control","dementia",0,50,0,0,1,15,0.0666666666666667,6.66666666666667,0.230769230769231,1,FALSE,"not significant",1,FALSE,"not significant"
"161","family","Entamoebidae",67,"group_char","control","dementia",7,50,0.14,14,2,15,0.133333333333333,13.3333333333333,1,1,FALSE,"not significant",1,FALSE,"not significant"
"162","family","Enterobacteriaceae",15966,"group_char","control","dementia",50,50,1,100,15,15,1,100,1,1,FALSE,"not significant",1,FALSE,"not significant"
"163","family","Enterococcaceae",1644,"group_char","control","dementia",38,50,0.76,76,11,15,0.733333333333333,73.3333333333333,1,1,FALSE,"not significant",1,FALSE,"not significant"
"164","family","Equidae",137,"group_char","control","dementia",4,50,0.08,8,0,15,0,0,0.56575682382134,1,FALSE,"not significant",1,FALSE,"not significant"
"165","family","Erysipelotrichaceae",276,"group_char","control","dementia",13,50,0.26,26,1,15,0.0666666666666667,6.66666666666667,0.159104116041737,1,FALSE,"not significant",1,FALSE,"not significant"
"166","family","Esocidae",19,"group_char","control","dementia",0,50,0,0,1,15,0.0666666666666667,6.66666666666667,0.230769230769231,1,FALSE,"not significant",1,FALSE,"not significant"
"167","family","Eubacteriaceae",1439,"group_char","control","dementia",35,50,0.7,70,8,15,0.533333333333333,53.3333333333333,0.350726400485382,1,FALSE,"not significant",1,FALSE,"not significant"
"168","family","Euphausiidae",11,"group_char","control","dementia",1,50,0.02,2,0,15,0,0,1,1,FALSE,"not significant",1,FALSE,"not significant"
"169","family","Euphorbiaceae",341,"group_char","control","dementia",3,50,0.06,6,1,15,0.0666666666666667,6.66666666666667,1,1,FALSE,"not significant",1,FALSE,"not significant"
"170","family","Fabaceae",1495,"group_char","control","dementia",27,50,0.54,54,8,15,0.533333333333333,53.3333333333333,1,1,FALSE,"not significant",1,FALSE,"not significant"
"171","family","Fagaceae",91,"group_char","control","dementia",9,50,0.18,18,0,15,0,0,0.103336505662927,1,FALSE,"not significant",1,FALSE,"not significant"
"172","family","Filoviridae",295,"group_char","control","dementia",9,50,0.18,18,2,15,0.133333333333333,13.3333333333333,1,1,FALSE,"not significant",1,FALSE,"not significant"
"173","family","Flaviviridae",894,"group_char","control","dementia",22,50,0.44,44,4,15,0.266666666666667,26.6666666666667,0.367912891319699,1,FALSE,"not significant",1,FALSE,"not significant"
"174","family","Formicidae",93,"group_char","control","dementia",2,50,0.04,4,0,15,0,0,1,1,FALSE,"not significant",1,FALSE,"not significant"
"175","family","Francisellaceae",86,"group_char","control","dementia",3,50,0.06,6,1,15,0.0666666666666667,6.66666666666667,1,1,FALSE,"not significant",1,FALSE,"not significant"
"176","family","Gadidae",52,"group_char","control","dementia",3,50,0.06,6,0,15,0,0,1,1,FALSE,"not significant",1,FALSE,"not significant"
"177","family","Gasterosteidae",77,"group_char","control","dementia",4,50,0.08,8,1,15,0.0666666666666667,6.66666666666667,1,1,FALSE,"not significant",1,FALSE,"not significant"
"178","family","Glossinidae",46,"group_char","control","dementia",1,50,0.02,2,1,15,0.0666666666666667,6.66666666666667,0.411057692307692,1,FALSE,"not significant",1,FALSE,"not significant"
"179","family","Glycyphagidae",108,"group_char","control","dementia",2,50,0.04,4,0,15,0,0,1,1,FALSE,"not significant",1,FALSE,"not significant"
"180","family","Gobiidae",15,"group_char","control","dementia",1,50,0.02,2,0,15,0,0,1,1,FALSE,"not significant",1,FALSE,"not significant"
"181","family","Guelinviridae",171,"group_char","control","dementia",8,50,0.16,16,2,15,0.133333333333333,13.3333333333333,1,1,FALSE,"not significant",1,FALSE,"not significant"
"182","family","Haliotidae",45,"group_char","control","dementia",1,50,0.02,2,0,15,0,0,1,1,FALSE,"not significant",1,FALSE,"not significant"
"183","family","Helicobacteraceae",1129,"group_char","control","dementia",32,50,0.64,64,8,15,0.533333333333333,53.3333333333333,0.549307463344986,1,FALSE,"not significant",1,FALSE,"not significant"
"184","family","Hepeviridae",165,"group_char","control","dementia",1,50,0.02,2,2,15,0.133333333333333,13.3333333333333,0.130608974358974,1,FALSE,"not significant",1,FALSE,"not significant"
"185","family","Herelleviridae",4864,"group_char","control","dementia",42,50,0.84,84,12,15,0.8,80,0.706089095379752,1,FALSE,"not significant",1,FALSE,"not significant"
"186","family","Heteroderidae",8,"group_char","control","dementia",1,50,0.02,2,0,15,0,0,1,1,FALSE,"not significant",1,FALSE,"not significant"
"187","family","Hominidae",22346,"group_char","control","dementia",50,50,1,100,15,15,1,100,1,1,FALSE,"not significant",1,FALSE,"not significant"
"188","family","Indriidae",3,"group_char","control","dementia",1,50,0.02,2,0,15,0,0,1,1,FALSE,"not significant",1,FALSE,"not significant"
"189","family","Ixodidae",50,"group_char","control","dementia",1,50,0.02,2,0,15,0,0,1,1,FALSE,"not significant",1,FALSE,"not significant"
"190","family","Juglandaceae",114,"group_char","control","dementia",3,50,0.06,6,0,15,0,0,1,1,FALSE,"not significant",1,FALSE,"not significant"
"191","family","Kolmioviridae",11,"group_char","control","dementia",1,50,0.02,2,0,15,0,0,1,1,FALSE,"not significant",1,FALSE,"not significant"
"192","family","Lachnospiraceae",35957,"group_char","control","dementia",50,50,1,100,15,15,1,100,1,1,FALSE,"not significant",1,FALSE,"not significant"
"193","family","Lactobacillaceae",8285,"group_char","control","dementia",50,50,1,100,15,15,1,100,1,1,FALSE,"not significant",1,FALSE,"not significant"
"194","family","Lecythidaceae",27,"group_char","control","dementia",1,50,0.02,2,0,15,0,0,1,1,FALSE,"not significant",1,FALSE,"not significant"
"195","family","Legionellaceae",4021,"group_char","control","dementia",42,50,0.84,84,11,15,0.733333333333333,73.3333333333333,0.449189193563535,1,FALSE,"not significant",1,FALSE,"not significant"
"196","family","Lepismatidae",11,"group_char","control","dementia",0,50,0,0,1,15,0.0666666666666667,6.66666666666667,0.230769230769231,1,FALSE,"not significant",1,FALSE,"not significant"
"197","family","Leporidae",188,"group_char","control","dementia",8,50,0.16,16,1,15,0.0666666666666667,6.66666666666667,0.671913408796002,1,FALSE,"not significant",1,FALSE,"not significant"
"198","family","Leptospiraceae",98,"group_char","control","dementia",3,50,0.06,6,1,15,0.0666666666666667,6.66666666666667,1,1,FALSE,"not significant",1,FALSE,"not significant"
"199","family","Leptotrichiaceae",119,"group_char","control","dementia",1,50,0.02,2,1,15,0.0666666666666667,6.66666666666667,0.411057692307692,1,FALSE,"not significant",1,FALSE,"not significant"
"200","family","Limulidae",17,"group_char","control","dementia",1,50,0.02,2,0,15,0,0,1,1,FALSE,"not significant",1,FALSE,"not significant"
"201","family","Listeriaceae",3781,"group_char","control","dementia",48,50,0.96,96,12,15,0.8,80,0.0761061166931077,1,FALSE,"not significant",1,FALSE,"not significant"
"202","family","Loliginidae",16,"group_char","control","dementia",2,50,0.04,4,1,15,0.0666666666666667,6.66666666666667,0.551282051282051,1,FALSE,"not significant",1,FALSE,"not significant"
"203","family","Lysobacteraceae",55,"group_char","control","dementia",2,50,0.04,4,0,15,0,0,1,1,FALSE,"not significant",1,FALSE,"not significant"
"204","family","Mactridae",12,"group_char","control","dementia",0,50,0,0,2,15,0.133333333333333,13.3333333333333,0.0504807692307693,1,FALSE,"not significant",1,FALSE,"not significant"
"205","family","Majidae",10,"group_char","control","dementia",1,50,0.02,2,0,15,0,0,1,1,FALSE,"not significant",1,FALSE,"not significant"
"206","family","Malasseziaceae",214,"group_char","control","dementia",7,50,0.14,14,1,15,0.0666666666666667,6.66666666666667,0.669427904317184,1,FALSE,"not significant",1,FALSE,"not significant"
"207","family","Malvaceae",19,"group_char","control","dementia",1,50,0.02,2,1,15,0.0666666666666667,6.66666666666667,0.411057692307692,1,FALSE,"not significant",1,FALSE,"not significant"
"208","family","Marantaceae",10,"group_char","control","dementia",2,50,0.04,4,0,15,0,0,1,1,FALSE,"not significant",1,FALSE,"not significant"
"209","family","Matonaviridae",55,"group_char","control","dementia",4,50,0.08,8,0,15,0,0,0.56575682382134,1,FALSE,"not significant",1,FALSE,"not significant"
"210","family","Metamycoplasmataceae",211,"group_char","control","dementia",16,50,0.32,32,3,15,0.2,20,0.522079219652274,1,FALSE,"not significant",1,FALSE,"not significant"
"211","family","Metastrongylidae",43,"group_char","control","dementia",0,50,0,0,1,15,0.0666666666666667,6.66666666666667,0.230769230769231,1,FALSE,"not significant",1,FALSE,"not significant"
"212","family","Moraxellaceae",125,"group_char","control","dementia",1,50,0.02,2,1,15,0.0666666666666667,6.66666666666667,0.411057692307692,1,FALSE,"not significant",1,FALSE,"not significant"
"213","family","Muribaculaceae",52,"group_char","control","dementia",2,50,0.04,4,0,15,0,0,1,1,FALSE,"not significant",1,FALSE,"not significant"
"214","family","Muridae",998,"group_char","control","dementia",19,50,0.38,38,6,15,0.4,40,1,1,FALSE,"not significant",1,FALSE,"not significant"
"215","family","Musaceae",139,"group_char","control","dementia",1,50,0.02,2,1,15,0.0666666666666667,6.66666666666667,0.411057692307692,1,FALSE,"not significant",1,FALSE,"not significant"
"216","family","Mycobacteriaceae",3378,"group_char","control","dementia",33,50,0.66,66,9,15,0.6,60,0.761240958318026,1,FALSE,"not significant",1,FALSE,"not significant"
"217","family","Mycoplasmoidaceae",325,"group_char","control","dementia",35,50,0.7,70,6,15,0.4,40,0.0646408795741817,1,FALSE,"not significant",1,FALSE,"not significant"
"218","family","Mytilidae",38,"group_char","control","dementia",2,50,0.04,4,0,15,0,0,1,1,FALSE,"not significant",1,FALSE,"not significant"
"219","family","Nectriaceae",73,"group_char","control","dementia",5,50,0.1,10,2,15,0.133333333333333,13.3333333333333,0.657621758042798,1,FALSE,"not significant",1,FALSE,"not significant"
"220","family","Neisseriaceae",584,"group_char","control","dementia",37,50,0.74,74,10,15,0.666666666666667,66.6666666666667,0.742994546037264,1,FALSE,"not significant",1,FALSE,"not significant"
"221","family","Nephropidae",28,"group_char","control","dementia",1,50,0.02,2,1,15,0.0666666666666667,6.66666666666667,0.411057692307692,1,FALSE,"not significant",1,FALSE,"not significant"
"222","family","Octopodidae",24,"group_char","control","dementia",1,50,0.02,2,0,15,0,0,1,1,FALSE,"not significant",1,FALSE,"not significant"
"223","family","Odoribacteraceae",981,"group_char","control","dementia",32,50,0.64,64,5,15,0.333333333333333,33.3333333333333,0.0430544181439861,1,FALSE,"nominal only",1,FALSE,"nominal only"
"224","family","Oleaceae",330,"group_char","control","dementia",1,50,0.02,2,0,15,0,0,1,1,FALSE,"not significant",1,FALSE,"not significant"
"225","family","Orthoherpesviridae",3114,"group_char","control","dementia",50,50,1,100,15,15,1,100,1,1,FALSE,"not significant",1,FALSE,"not significant"
"226","family","Orthomyxoviridae",1313,"group_char","control","dementia",48,50,0.96,96,12,15,0.8,80,0.0761061166931077,1,FALSE,"not significant",1,FALSE,"not significant"
"227","family","Oscillatoriaceae",17,"group_char","control","dementia",2,50,0.04,4,0,15,0,0,1,1,FALSE,"not significant",1,FALSE,"not significant"
"228","family","Oscillospiraceae",15676,"group_char","control","dementia",49,50,0.98,98,15,15,1,100,1,1,FALSE,"not significant",1,FALSE,"not significant"
"229","family","Palinuridae",14,"group_char","control","dementia",1,50,0.02,2,0,15,0,0,1,1,FALSE,"not significant",1,FALSE,"not significant"
"230","family","Papillomaviridae",246,"group_char","control","dementia",18,50,0.36,36,4,15,0.266666666666667,26.6666666666667,0.756522400182018,1,FALSE,"not significant",1,FALSE,"not significant"
"231","family","Paramyxoviridae",116,"group_char","control","dementia",6,50,0.12,12,0,15,0,0,0.322473864052394,1,FALSE,"not significant",1,FALSE,"not significant"
"232","family","Parvoviridae",98,"group_char","control","dementia",5,50,0.1,10,0,15,0,0,0.581773990155799,1,FALSE,"not significant",1,FALSE,"not significant"
"233","family","Pasteurellaceae",1929,"group_char","control","dementia",47,50,0.94,94,14,15,0.933333333333333,93.3333333333333,1,1,FALSE,"not significant",1,FALSE,"not significant"
"234","family","Pectinidae",36,"group_char","control","dementia",1,50,0.02,2,0,15,0,0,1,1,FALSE,"not significant",1,FALSE,"not significant"
"235","family","Pedaliaceae",74,"group_char","control","dementia",4,50,0.08,8,0,15,0,0,0.56575682382134,1,FALSE,"not significant",1,FALSE,"not significant"
"236","family","Pediculidae",13,"group_char","control","dementia",1,50,0.02,2,0,15,0,0,1,1,FALSE,"not significant",1,FALSE,"not significant"
"237","family","Peduoviridae",1285,"group_char","control","dementia",25,50,0.5,50,8,15,0.533333333333333,53.3333333333333,1,1,FALSE,"not significant",1,FALSE,"not significant"
"238","family","Penaeidae",151,"group_char","control","dementia",3,50,0.06,6,0,15,0,0,1,1,FALSE,"not significant",1,FALSE,"not significant"
"239","family","Peptostreptococcaceae",367,"group_char","control","dementia",19,50,0.38,38,2,15,0.133333333333333,13.3333333333333,0.115028439498938,1,FALSE,"not significant",1,FALSE,"not significant"
"240","family","Phasianidae",580,"group_char","control","dementia",26,50,0.52,52,6,15,0.4,40,0.557965593995684,1,FALSE,"not significant",1,FALSE,"not significant"
"241","family","Picornaviridae",1037,"group_char","control","dementia",50,50,1,100,15,15,1,100,1,1,FALSE,"not significant",1,FALSE,"not significant"
"242","family","Pinaceae",22,"group_char","control","dementia",3,50,0.06,6,1,15,0.0666666666666667,6.66666666666667,1,1,FALSE,"not significant",1,FALSE,"not significant"
"243","family","Plasmodiidae",6196,"group_char","control","dementia",42,50,0.84,84,11,15,0.733333333333333,73.3333333333333,0.449189193563535,1,FALSE,"not significant",1,FALSE,"not significant"
"244","family","Platanaceae",39,"group_char","control","dementia",2,50,0.04,4,0,15,0,0,1,1,FALSE,"not significant",1,FALSE,"not significant"
"245","family","Pleosporaceae",474,"group_char","control","dementia",16,50,0.32,32,3,15,0.2,20,0.522079219652274,1,FALSE,"not significant",1,FALSE,"not significant"
"246","family","Pleuronectidae",15,"group_char","control","dementia",2,50,0.04,4,0,15,0,0,1,1,FALSE,"not significant",1,FALSE,"not significant"
"247","family","Pneumoviridae",101,"group_char","control","dementia",49,50,0.98,98,15,15,1,100,1,1,FALSE,"not significant",1,FALSE,"not significant"
"248","family","Poaceae",4813,"group_char","control","dementia",40,50,0.8,80,12,15,0.8,80,1,1,FALSE,"not significant",1,FALSE,"not significant"
"249","family","Polygonaceae",108,"group_char","control","dementia",5,50,0.1,10,2,15,0.133333333333333,13.3333333333333,0.657621758042798,1,FALSE,"not significant",1,FALSE,"not significant"
"250","family","Porphyromonadaceae",337,"group_char","control","dementia",36,50,0.72,72,14,15,0.933333333333333,93.3333333333333,0.159334766198391,1,FALSE,"not significant",1,FALSE,"not significant"
"251","family","Portunidae",57,"group_char","control","dementia",1,50,0.02,2,0,15,0,0,1,1,FALSE,"not significant",1,FALSE,"not significant"
"252","family","Prevotellaceae",3409,"group_char","control","dementia",50,50,1,100,15,15,1,100,1,1,FALSE,"not significant",1,FALSE,"not significant"
"253","family","Pseudococcidae",6,"group_char","control","dementia",1,50,0.02,2,0,15,0,0,1,1,FALSE,"not significant",1,FALSE,"not significant"
"254","family","Pseudomonadaceae",2373,"group_char","control","dementia",45,50,0.9,90,15,15,1,100,0.581773990155799,1,FALSE,"not significant",1,FALSE,"not significant"
"255","family","Psoroptidae",24,"group_char","control","dementia",1,50,0.02,2,0,15,0,0,1,1,FALSE,"not significant",1,FALSE,"not significant"
"256","family","Pteromalidae",63,"group_char","control","dementia",4,50,0.08,8,2,15,0.133333333333333,13.3333333333333,0.615232070943335,1,FALSE,"not significant",1,FALSE,"not significant"
"257","family","Pulicidae",46,"group_char","control","dementia",1,50,0.02,2,0,15,0,0,1,1,FALSE,"not significant",1,FALSE,"not significant"
"258","family","Pyralidae",24,"group_char","control","dementia",2,50,0.04,4,0,15,0,0,1,1,FALSE,"not significant",1,FALSE,"not significant"
"259","family","Pyroglyphidae",876,"group_char","control","dementia",15,50,0.3,30,2,15,0.133333333333333,13.3333333333333,0.31705685215984,1,FALSE,"not significant",1,FALSE,"not significant"
"260","family","Ranidae",9,"group_char","control","dementia",2,50,0.04,4,0,15,0,0,1,1,FALSE,"not significant",1,FALSE,"not significant"
"261","family","Retroviridae",441,"group_char","control","dementia",7,50,0.14,14,1,15,0.0666666666666667,6.66666666666667,0.669427904317184,1,FALSE,"not significant",1,FALSE,"not significant"
"262","family","Rhabdoviridae",85,"group_char","control","dementia",2,50,0.04,4,1,15,0.0666666666666667,6.66666666666667,0.551282051282051,1,FALSE,"not significant",1,FALSE,"not significant"
"263","family","Rhizopodaceae",28,"group_char","control","dementia",0,50,0,0,1,15,0.0666666666666667,6.66666666666667,0.230769230769231,1,FALSE,"not significant",1,FALSE,"not significant"
"264","family","Rickettsiaceae",96,"group_char","control","dementia",7,50,0.14,14,0,15,0,0,0.187554625848417,1,FALSE,"not significant",1,FALSE,"not significant"
"265","family","Rikenellaceae",8922,"group_char","control","dementia",50,50,1,100,15,15,1,100,1,1,FALSE,"not significant",1,FALSE,"not significant"
"266","family","Rosaceae",563,"group_char","control","dementia",6,50,0.12,12,2,15,0.133333333333333,13.3333333333333,1,1,FALSE,"not significant",1,FALSE,"not significant"
"267","family","Rountreeviridae",166,"group_char","control","dementia",11,50,0.22,22,3,15,0.2,20,1,1,FALSE,"not significant",1,FALSE,"not significant"
"268","family","Saccharomycetaceae",78,"group_char","control","dementia",1,50,0.02,2,0,15,0,0,1,1,FALSE,"not significant",1,FALSE,"not significant"
"269","family","Salmonidae",372,"group_char","control","dementia",16,50,0.32,32,1,15,0.0666666666666667,6.66666666666667,0.0904423532776791,1,FALSE,"not significant",1,FALSE,"not significant"
"270","family","Sarcocystidae",156,"group_char","control","dementia",7,50,0.14,14,1,15,0.0666666666666667,6.66666666666667,0.669427904317184,1,FALSE,"not significant",1,FALSE,"not significant"
"271","family","Sarcoptidae",181,"group_char","control","dementia",6,50,0.12,12,0,15,0,0,0.322473864052394,1,FALSE,"not significant",1,FALSE,"not significant"
"272","family","Schistosomatidae",122,"group_char","control","dementia",1,50,0.02,2,1,15,0.0666666666666667,6.66666666666667,0.411057692307692,1,FALSE,"not significant",1,FALSE,"not significant"
"273","family","Scombridae",46,"group_char","control","dementia",1,50,0.02,2,1,15,0.0666666666666667,6.66666666666667,0.411057692307692,1,FALSE,"not significant",1,FALSE,"not significant"
"274","family","Sebastidae",8,"group_char","control","dementia",1,50,0.02,2,0,15,0,0,1,1,FALSE,"not significant",1,FALSE,"not significant"
"275","family","Sedoreoviridae",66,"group_char","control","dementia",1,50,0.02,2,0,15,0,0,1,1,FALSE,"not significant",1,FALSE,"not significant"
"276","family","Selenomonadaceae",104,"group_char","control","dementia",7,50,0.14,14,0,15,0,0,0.187554625848417,1,FALSE,"not significant",1,FALSE,"not significant"
"277","family","Sepiidae",17,"group_char","control","dementia",1,50,0.02,2,0,15,0,0,1,1,FALSE,"not significant",1,FALSE,"not significant"
"278","family","Serranidae",74,"group_char","control","dementia",5,50,0.1,10,0,15,0,0,0.581773990155799,1,FALSE,"not significant",1,FALSE,"not significant"
"279","family","Simuliidae",35,"group_char","control","dementia",1,50,0.02,2,0,15,0,0,1,1,FALSE,"not significant",1,FALSE,"not significant"
"280","family","Solanaceae",528,"group_char","control","dementia",10,50,0.2,20,3,15,0.2,20,1,1,FALSE,"not significant",1,FALSE,"not significant"
"281","family","Solecurtidae",8,"group_char","control","dementia",1,50,0.02,2,0,15,0,0,1,1,FALSE,"not significant",1,FALSE,"not significant"
"282","family","Sparidae",22,"group_char","control","dementia",1,50,0.02,2,0,15,0,0,1,1,FALSE,"not significant",1,FALSE,"not significant"
"283","family","Sporidiobolaceae",23,"group_char","control","dementia",1,50,0.02,2,0,15,0,0,1,1,FALSE,"not significant",1,FALSE,"not significant"
"284","family","Stachybotryaceae",10,"group_char","control","dementia",1,50,0.02,2,0,15,0,0,1,1,FALSE,"not significant",1,FALSE,"not significant"
"285","family","Staphylococcaceae",2194,"group_char","control","dementia",50,50,1,100,15,15,1,100,1,1,FALSE,"not significant",1,FALSE,"not significant"
"286","family","Straboviridae",7064,"group_char","control","dementia",48,50,0.96,96,12,15,0.8,80,0.0761061166931077,1,FALSE,"not significant",1,FALSE,"not significant"
"287","family","Streptococcaceae",2440,"group_char","control","dementia",50,50,1,100,15,15,1,100,1,1,FALSE,"not significant",1,FALSE,"not significant"
"288","family","Streptomycetaceae",65,"group_char","control","dementia",0,50,0,0,1,15,0.0666666666666667,6.66666666666667,0.230769230769231,1,FALSE,"not significant",1,FALSE,"not significant"
"289","family","Strongylocentrotidae",45,"group_char","control","dementia",1,50,0.02,2,0,15,0,0,1,1,FALSE,"not significant",1,FALSE,"not significant"
"290","family","Struthionidae",26,"group_char","control","dementia",4,50,0.08,8,1,15,0.0666666666666667,6.66666666666667,1,1,FALSE,"not significant",1,FALSE,"not significant"
"291","family","Styelidae",4,"group_char","control","dementia",2,50,0.04,4,0,15,0,0,1,1,FALSE,"not significant",1,FALSE,"not significant"
"292","family","Suidae",161,"group_char","control","dementia",3,50,0.06,6,0,15,0,0,1,1,FALSE,"not significant",1,FALSE,"not significant"
"293","family","Suidasiidae",65,"group_char","control","dementia",1,50,0.02,2,0,15,0,0,1,1,FALSE,"not significant",1,FALSE,"not significant"
"294","family","Sutterellaceae",229,"group_char","control","dementia",8,50,0.16,16,2,15,0.133333333333333,13.3333333333333,1,1,FALSE,"not significant",1,FALSE,"not significant"
"295","family","Tabanidae",33,"group_char","control","dementia",2,50,0.04,4,1,15,0.0666666666666667,6.66666666666667,0.551282051282051,1,FALSE,"not significant",1,FALSE,"not significant"
"296","family","Taeniidae",110,"group_char","control","dementia",5,50,0.1,10,3,15,0.2,20,0.372587655132615,1,FALSE,"not significant",1,FALSE,"not significant"
"297","family","Tannerellaceae",9982,"group_char","control","dementia",49,50,0.98,98,15,15,1,100,1,1,FALSE,"not significant",1,FALSE,"not significant"
"298","family","Tectiviridae",140,"group_char","control","dementia",3,50,0.06,6,0,15,0,0,1,1,FALSE,"not significant",1,FALSE,"not significant"
"299","family","Tenebrionidae",7,"group_char","control","dementia",1,50,0.02,2,0,15,0,0,1,1,FALSE,"not significant",1,FALSE,"not significant"
"300","family","Tephritidae",3,"group_char","control","dementia",1,50,0.02,2,0,15,0,0,1,1,FALSE,"not significant",1,FALSE,"not significant"
"301","family","Tetraodontidae",187,"group_char","control","dementia",4,50,0.08,8,2,15,0.133333333333333,13.3333333333333,0.615232070943335,1,FALSE,"not significant",1,FALSE,"not significant"
"302","family","Togaviridae",130,"group_char","control","dementia",4,50,0.08,8,2,15,0.133333333333333,13.3333333333333,0.615232070943335,1,FALSE,"not significant",1,FALSE,"not significant"
"303","family","Torpedinidae",48,"group_char","control","dementia",3,50,0.06,6,0,15,0,0,1,1,FALSE,"not significant",1,FALSE,"not significant"
"304","family","Trichomonadidae",78,"group_char","control","dementia",2,50,0.04,4,0,15,0,0,1,1,FALSE,"not significant",1,FALSE,"not significant"
"305","family","Tropherymataceae",16,"group_char","control","dementia",1,50,0.02,2,0,15,0,0,1,1,FALSE,"not significant",1,FALSE,"not significant"
"306","family","Trypanosomatidae",155,"group_char","control","dementia",5,50,0.1,10,1,15,0.0666666666666667,6.66666666666667,1,1,FALSE,"not significant",1,FALSE,"not significant"
"307","family","Tupaiidae",47,"group_char","control","dementia",0,50,0,0,3,15,0.2,20,0.0104166666666667,1,FALSE,"nominal only",1,FALSE,"nominal only"
"308","family","Varunidae",20,"group_char","control","dementia",0,50,0,0,1,15,0.0666666666666667,6.66666666666667,0.230769230769231,1,FALSE,"not significant",1,FALSE,"not significant"
"309","family","Veillonellaceae",722,"group_char","control","dementia",34,50,0.68,68,8,15,0.533333333333333,53.3333333333333,0.361405242582662,1,FALSE,"not significant",1,FALSE,"not significant"
"310","family","Veneridae",12,"group_char","control","dementia",1,50,0.02,2,0,15,0,0,1,1,FALSE,"not significant",1,FALSE,"not significant"
"311","family","Vespidae",398,"group_char","control","dementia",9,50,0.18,18,1,15,0.0666666666666667,6.66666666666667,0.431218930427593,1,FALSE,"not significant",1,FALSE,"not significant"
"312","family","Vibrionaceae",5700,"group_char","control","dementia",50,50,1,100,15,15,1,100,1,1,FALSE,"not significant",1,FALSE,"not significant"
"313","family","Victivallaceae",6,"group_char","control","dementia",2,50,0.04,4,0,15,0,0,1,1,FALSE,"not significant",1,FALSE,"not significant"
"314","family","Viperidae",13,"group_char","control","dementia",1,50,0.02,2,0,15,0,0,1,1,FALSE,"not significant",1,FALSE,"not significant"
"315","family","Vitaceae",225,"group_char","control","dementia",3,50,0.06,6,1,15,0.0666666666666667,6.66666666666667,1,1,FALSE,"not significant",1,FALSE,"not significant"
"316","family","Weeksellaceae",15,"group_char","control","dementia",7,50,0.14,14,1,15,0.0666666666666667,6.66666666666667,0.669427904317184,1,FALSE,"not significant",1,FALSE,"not significant"
"317","family","Yersiniaceae",1109,"group_char","control","dementia",33,50,0.66,66,10,15,0.666666666666667,66.6666666666667,1,1,FALSE,"not significant",1,FALSE,"not significant"
"318","genus","Acadevirus",400,"group_char","control","dementia",7,50,0.14,14,1,15,0.0666666666666667,6.66666666666667,0.669427904317184,1,FALSE,"not significant",1,FALSE,"not significant"
"319","genus","Acarus",91,"group_char","control","dementia",0,50,0,0,1,15,0.0666666666666667,6.66666666666667,0.230769230769231,1,FALSE,"not significant",1,FALSE,"not significant"
"320","genus","Acetivibrio",8,"group_char","control","dementia",1,50,0.02,2,0,15,0,0,1,1,FALSE,"not significant",1,FALSE,"not significant"
"321","genus","Acidaminococcus",53,"group_char","control","dementia",1,50,0.02,2,0,15,0,0,1,1,FALSE,"not significant",1,FALSE,"not significant"
"322","genus","Actinidia",341,"group_char","control","dementia",26,50,0.52,52,6,15,0.4,40,0.557965593995684,1,FALSE,"not significant",1,FALSE,"not significant"
"323","genus","Aedes",200,"group_char","control","dementia",2,50,0.04,4,0,15,0,0,1,1,FALSE,"not significant",1,FALSE,"not significant"
"324","genus","Aegilops",211,"group_char","control","dementia",6,50,0.12,12,3,15,0.2,20,0.419989776264361,1,FALSE,"not significant",1,FALSE,"not significant"
"325","genus","Agathobacter",2786,"group_char","control","dementia",39,50,0.78,78,12,15,0.8,80,1,1,FALSE,"not significant",1,FALSE,"not significant"
"326","genus","Aggregatibacter",33,"group_char","control","dementia",7,50,0.14,14,0,15,0,0,0.187554625848417,1,FALSE,"not significant",1,FALSE,"not significant"
"327","genus","Aix",5,"group_char","control","dementia",3,50,0.06,6,0,15,0,0,1,1,FALSE,"not significant",1,FALSE,"not significant"
"328","genus","Akkermansia",4444,"group_char","control","dementia",49,50,0.98,98,14,15,0.933333333333333,93.3333333333333,0.411057692307692,1,FALSE,"not significant",1,FALSE,"not significant"
"329","genus","Aleuroglyphus",73,"group_char","control","dementia",1,50,0.02,2,0,15,0,0,1,1,FALSE,"not significant",1,FALSE,"not significant"
"330","genus","Aliivibrio",10,"group_char","control","dementia",1,50,0.02,2,0,15,0,0,1,1,FALSE,"not significant",1,FALSE,"not significant"
"331","genus","Alistipes",8855,"group_char","control","dementia",50,50,1,100,15,15,1,100,1,1,FALSE,"not significant",1,FALSE,"not significant"
"332","genus","Allium",92,"group_char","control","dementia",2,50,0.04,4,0,15,0,0,1,1,FALSE,"not significant",1,FALSE,"not significant"
"333","genus","Alloprevotella",26,"group_char","control","dementia",3,50,0.06,6,2,15,0.133333333333333,13.3333333333333,0.325262037451355,1,FALSE,"not significant",1,FALSE,"not significant"
"334","genus","Alnus",23,"group_char","control","dementia",1,50,0.02,2,0,15,0,0,1,1,FALSE,"not significant",1,FALSE,"not significant"
"335","genus","Alphacoronavirus",4772,"group_char","control","dementia",50,50,1,100,12,15,0.8,80,0.0104166666666667,1,FALSE,"nominal only",0.642951184106411,FALSE,"nominal only"
"336","genus","Alphainfluenzavirus",929,"group_char","control","dementia",39,50,0.78,78,8,15,0.533333333333333,53.3333333333333,0.0976766954411449,1,FALSE,"not significant",1,FALSE,"not significant"
"337","genus","Alphapapillomavirus",246,"group_char","control","dementia",18,50,0.36,36,4,15,0.266666666666667,26.6666666666667,0.756522400182018,1,FALSE,"not significant",1,FALSE,"not significant"
"338","genus","Alphatectivirus",140,"group_char","control","dementia",3,50,0.06,6,0,15,0,0,1,1,FALSE,"not significant",1,FALSE,"not significant"
"339","genus","Alphavirus",130,"group_char","control","dementia",4,50,0.08,8,2,15,0.133333333333333,13.3333333333333,0.615232070943335,1,FALSE,"not significant",1,FALSE,"not significant"
"340","genus","Alternaria",391,"group_char","control","dementia",16,50,0.32,32,3,15,0.2,20,0.522079219652274,1,FALSE,"not significant",1,FALSE,"not significant"
"341","genus","Amaranthus",14,"group_char","control","dementia",1,50,0.02,2,0,15,0,0,1,1,FALSE,"not significant",1,FALSE,"not significant"
"342","genus","Ambrosia",180,"group_char","control","dementia",3,50,0.06,6,0,15,0,0,1,1,FALSE,"not significant",1,FALSE,"not significant"
"343","genus","Amphioctopus",9,"group_char","control","dementia",1,50,0.02,2,0,15,0,0,1,1,FALSE,"not significant",1,FALSE,"not significant"
"344","genus","Anacardium",34,"group_char","control","dementia",3,50,0.06,6,1,15,0.0666666666666667,6.66666666666667,1,1,FALSE,"not significant",1,FALSE,"not significant"
"345","genus","Anaerobutyricum",3157,"group_char","control","dementia",41,50,0.82,82,13,15,0.866666666666667,86.6666666666667,1,1,FALSE,"not significant",1,FALSE,"not significant"
"346","genus","Anaerostipes",1855,"group_char","control","dementia",37,50,0.74,74,8,15,0.533333333333333,53.3333333333333,0.200604466645848,1,FALSE,"not significant",1,FALSE,"not significant"
"347","genus","Anaerotruncus",240,"group_char","control","dementia",11,50,0.22,22,1,15,0.0666666666666667,6.66666666666667,0.267244347846239,1,FALSE,"not significant",1,FALSE,"not significant"
"348","genus","Anamdongvirus",385,"group_char","control","dementia",18,50,0.36,36,6,15,0.4,40,0.770216862140656,1,FALSE,"not significant",1,FALSE,"not significant"
"349","genus","Ananas",73,"group_char","control","dementia",1,50,0.02,2,0,15,0,0,1,1,FALSE,"not significant",1,FALSE,"not significant"
"350","genus","Angelakisella",9,"group_char","control","dementia",4,50,0.08,8,1,15,0.0666666666666667,6.66666666666667,1,1,FALSE,"not significant",1,FALSE,"not significant"
"351","genus","Anisakis",222,"group_char","control","dementia",2,50,0.04,4,0,15,0,0,1,1,FALSE,"not significant",1,FALSE,"not significant"
"352","genus","Anopheles",32,"group_char","control","dementia",3,50,0.06,6,0,15,0,0,1,1,FALSE,"not significant",1,FALSE,"not significant"
"353","genus","Anser",1,"group_char","control","dementia",2,50,0.04,4,0,15,0,0,1,1,FALSE,"not significant",1,FALSE,"not significant"
"354","genus","Aphthovirus",68,"group_char","control","dementia",4,50,0.08,8,0,15,0,0,0.56575682382134,1,FALSE,"not significant",1,FALSE,"not significant"
"355","genus","Apibacter",15,"group_char","control","dementia",7,50,0.14,14,1,15,0.0666666666666667,6.66666666666667,0.669427904317184,1,FALSE,"not significant",1,FALSE,"not significant"
"356","genus","Apis",342,"group_char","control","dementia",5,50,0.1,10,1,15,0.0666666666666667,6.66666666666667,1,1,FALSE,"not significant",1,FALSE,"not significant"
"357","genus","Apium",25,"group_char","control","dementia",1,50,0.02,2,0,15,0,0,1,1,FALSE,"not significant",1,FALSE,"not significant"
"358","genus","Aquarana",3,"group_char","control","dementia",2,50,0.04,4,0,15,0,0,1,1,FALSE,"not significant",1,FALSE,"not significant"
"359","genus","Arabidopsis",53,"group_char","control","dementia",1,50,0.02,2,0,15,0,0,1,1,FALSE,"not significant",1,FALSE,"not significant"
"360","genus","Arachis",315,"group_char","control","dementia",11,50,0.22,22,2,15,0.133333333333333,13.3333333333333,0.715372654351685,1,FALSE,"not significant",1,FALSE,"not significant"
"361","genus","Artemia",18,"group_char","control","dementia",3,50,0.06,6,0,15,0,0,1,1,FALSE,"not significant",1,FALSE,"not significant"
"362","genus","Artemisia",62,"group_char","control","dementia",3,50,0.06,6,0,15,0,0,1,1,FALSE,"not significant",1,FALSE,"not significant"
"363","genus","Ascaris",56,"group_char","control","dementia",3,50,0.06,6,0,15,0,0,1,1,FALSE,"not significant",1,FALSE,"not significant"
"364","genus","Ashduovirus",226,"group_char","control","dementia",12,50,0.24,24,2,15,0.133333333333333,13.3333333333333,0.49145253976822,1,FALSE,"not significant",1,FALSE,"not significant"
"365","genus","Aspergillus",1144,"group_char","control","dementia",28,50,0.56,56,8,15,0.533333333333333,53.3333333333333,1,1,FALSE,"not significant",1,FALSE,"not significant"
"366","genus","Astacus",9,"group_char","control","dementia",1,50,0.02,2,0,15,0,0,1,1,FALSE,"not significant",1,FALSE,"not significant"
"367","genus","Atopobium",31,"group_char","control","dementia",36,50,0.72,72,12,15,0.8,80,0.740679181587149,1,FALSE,"not significant",1,FALSE,"not significant"
"368","genus","Avena",119,"group_char","control","dementia",2,50,0.04,4,0,15,0,0,1,1,FALSE,"not significant",1,FALSE,"not significant"
"369","genus","Azospirillum",112,"group_char","control","dementia",1,50,0.02,2,1,15,0.0666666666666667,6.66666666666667,0.411057692307692,1,FALSE,"not significant",1,FALSE,"not significant"
"370","genus","Bacillus",1838,"group_char","control","dementia",42,50,0.84,84,11,15,0.733333333333333,73.3333333333333,0.449189193563535,1,FALSE,"not significant",1,FALSE,"not significant"
"371","genus","Bacteroides",36299,"group_char","control","dementia",50,50,1,100,15,15,1,100,1,1,FALSE,"not significant",1,FALSE,"not significant"
"372","genus","Bactrocera",3,"group_char","control","dementia",1,50,0.02,2,0,15,0,0,1,1,FALSE,"not significant",1,FALSE,"not significant"
"373","genus","Barnesiella",3755,"group_char","control","dementia",50,50,1,100,15,15,1,100,1,1,FALSE,"not significant",1,FALSE,"not significant"
"374","genus","Bartonella",428,"group_char","control","dementia",25,50,0.5,50,4,15,0.266666666666667,26.6666666666667,0.144195342245846,1,FALSE,"not significant",1,FALSE,"not significant"
"375","genus","Basfia",19,"group_char","control","dementia",2,50,0.04,4,0,15,0,0,1,1,FALSE,"not significant",1,FALSE,"not significant"
"376","genus","Beauveria",62,"group_char","control","dementia",3,50,0.06,6,0,15,0,0,1,1,FALSE,"not significant",1,FALSE,"not significant"
"377","genus","Bequatrovirus",1407,"group_char","control","dementia",27,50,0.54,54,7,15,0.466666666666667,46.6666666666667,0.769773746872752,1,FALSE,"not significant",1,FALSE,"not significant"
"378","genus","Bertholletia",27,"group_char","control","dementia",1,50,0.02,2,0,15,0,0,1,1,FALSE,"not significant",1,FALSE,"not significant"
"379","genus","Betacoronavirus",5858,"group_char","control","dementia",50,50,1,100,15,15,1,100,1,1,FALSE,"not significant",1,FALSE,"not significant"
"380","genus","Betainfluenzavirus",363,"group_char","control","dementia",42,50,0.84,84,9,15,0.6,60,0.0718326867681812,1,FALSE,"not significant",1,FALSE,"not significant"
"381","genus","Betula",218,"group_char","control","dementia",2,50,0.04,4,0,15,0,0,1,1,FALSE,"not significant",1,FALSE,"not significant"
"382","genus","Bifidobacterium",5428,"group_char","control","dementia",50,50,1,100,15,15,1,100,1,1,FALSE,"not significant",1,FALSE,"not significant"
"383","genus","Blattella",282,"group_char","control","dementia",11,50,0.22,22,4,15,0.266666666666667,26.6666666666667,0.733637510756924,1,FALSE,"not significant",1,FALSE,"not significant"
"384","genus","Blautia",6627,"group_char","control","dementia",48,50,0.96,96,15,15,1,100,1,1,FALSE,"not significant",1,FALSE,"not significant"
"385","genus","Blomia",217,"group_char","control","dementia",5,50,0.1,10,1,15,0.0666666666666667,6.66666666666667,1,1,FALSE,"not significant",1,FALSE,"not significant"
"386","genus","Bombus",134,"group_char","control","dementia",1,50,0.02,2,1,15,0.0666666666666667,6.66666666666667,0.411057692307692,1,FALSE,"not significant",1,FALSE,"not significant"
"387","genus","Bombyx",30,"group_char","control","dementia",2,50,0.04,4,0,15,0,0,1,1,FALSE,"not significant",1,FALSE,"not significant"
"388","genus","Bordetella",788,"group_char","control","dementia",37,50,0.74,74,10,15,0.666666666666667,66.6666666666667,0.742994546037264,1,FALSE,"not significant",1,FALSE,"not significant"
"389","genus","Borreliella",230,"group_char","control","dementia",9,50,0.18,18,4,15,0.266666666666667,26.6666666666667,0.476524532129322,1,FALSE,"not significant",1,FALSE,"not significant"
"390","genus","Bos",918,"group_char","control","dementia",30,50,0.6,60,5,15,0.333333333333333,33.3333333333333,0.0837102448278371,1,FALSE,"not significant",1,FALSE,"not significant"
"391","genus","Bothrops",10,"group_char","control","dementia",1,50,0.02,2,0,15,0,0,1,1,FALSE,"not significant",1,FALSE,"not significant"
"392","genus","Brachypodium",93,"group_char","control","dementia",1,50,0.02,2,1,15,0.0666666666666667,6.66666666666667,0.411057692307692,1,FALSE,"not significant",1,FALSE,"not significant"
"393","genus","Brassica",65,"group_char","control","dementia",1,50,0.02,2,0,15,0,0,1,1,FALSE,"not significant",1,FALSE,"not significant"
"394","genus","Brucella",356,"group_char","control","dementia",7,50,0.14,14,2,15,0.133333333333333,13.3333333333333,1,1,FALSE,"not significant",1,FALSE,"not significant"
"395","genus","Brussowvirus",681,"group_char","control","dementia",28,50,0.56,56,5,15,0.333333333333333,33.3333333333333,0.149744519460108,1,FALSE,"not significant",1,FALSE,"not significant"
"396","genus","Bubalus",24,"group_char","control","dementia",17,50,0.34,34,2,15,0.133333333333333,13.3333333333333,0.196117778688514,1,FALSE,"not significant",1,FALSE,"not significant"
"397","genus","Burkholderia",1333,"group_char","control","dementia",24,50,0.48,48,6,15,0.4,40,0.768948563169787,1,FALSE,"not significant",1,FALSE,"not significant"
"398","genus","Butyricicoccus",67,"group_char","control","dementia",3,50,0.06,6,3,15,0.2,20,0.130089899524061,1,FALSE,"not significant",1,FALSE,"not significant"
"399","genus","Butyricimonas",66,"group_char","control","dementia",1,50,0.02,2,0,15,0,0,1,1,FALSE,"not significant",1,FALSE,"not significant"
"400","genus","Butyrivibrio",1308,"group_char","control","dementia",32,50,0.64,64,11,15,0.733333333333333,73.3333333333333,0.756522400182018,1,FALSE,"not significant",1,FALSE,"not significant"
"401","genus","Callinectes",3,"group_char","control","dementia",1,50,0.02,2,0,15,0,0,1,1,FALSE,"not significant",1,FALSE,"not significant"
"402","genus","Camelus",29,"group_char","control","dementia",3,50,0.06,6,2,15,0.133333333333333,13.3333333333333,0.325262037451355,1,FALSE,"not significant",1,FALSE,"not significant"
"403","genus","Campylobacter",2993,"group_char","control","dementia",46,50,0.92,92,12,15,0.8,80,0.338068732216076,1,FALSE,"not significant",1,FALSE,"not significant"
"404","genus","Candida",155,"group_char","control","dementia",7,50,0.14,14,0,15,0,0,0.187554625848417,1,FALSE,"not significant",1,FALSE,"not significant"
"405","genus","Canis",94,"group_char","control","dementia",1,50,0.02,2,0,15,0,0,1,1,FALSE,"not significant",1,FALSE,"not significant"
"406","genus","Capra",42,"group_char","control","dementia",8,50,0.16,16,2,15,0.133333333333333,13.3333333333333,1,1,FALSE,"not significant",1,FALSE,"not significant"
"407","genus","Carica",59,"group_char","control","dementia",6,50,0.12,12,1,15,0.0666666666666667,6.66666666666667,1,1,FALSE,"not significant",1,FALSE,"not significant"
"408","genus","Carpinus",30,"group_char","control","dementia",1,50,0.02,2,0,15,0,0,1,1,FALSE,"not significant",1,FALSE,"not significant"
"409","genus","Carya",43,"group_char","control","dementia",2,50,0.04,4,0,15,0,0,1,1,FALSE,"not significant",1,FALSE,"not significant"
"410","genus","Casadabanvirus",340,"group_char","control","dementia",7,50,0.14,14,2,15,0.133333333333333,13.3333333333333,1,1,FALSE,"not significant",1,FALSE,"not significant"
"411","genus","Castanea",39,"group_char","control","dementia",2,50,0.04,4,0,15,0,0,1,1,FALSE,"not significant",1,FALSE,"not significant"
"412","genus","Catenibacterium",30,"group_char","control","dementia",1,50,0.02,2,0,15,0,0,1,1,FALSE,"not significant",1,FALSE,"not significant"
"413","genus","Cavia",43,"group_char","control","dementia",1,50,0.02,2,0,15,0,0,1,1,FALSE,"not significant",1,FALSE,"not significant"
"414","genus","Cequinquevirus",343,"group_char","control","dementia",21,50,0.42,42,6,15,0.4,40,1,1,FALSE,"not significant",1,FALSE,"not significant"
"415","genus","Chenopodium",11,"group_char","control","dementia",1,50,0.02,2,0,15,0,0,1,1,FALSE,"not significant",1,FALSE,"not significant"
"416","genus","Chionoecetes",10,"group_char","control","dementia",1,50,0.02,2,0,15,0,0,1,1,FALSE,"not significant",1,FALSE,"not significant"
"417","genus","Chlamydia",409,"group_char","control","dementia",20,50,0.4,40,1,15,0.0666666666666667,6.66666666666667,0.0248529602860298,1,FALSE,"nominal only",1,FALSE,"nominal only"
"418","genus","Chlorocebus",35,"group_char","control","dementia",1,50,0.02,2,0,15,0,0,1,1,FALSE,"not significant",1,FALSE,"not significant"
"419","genus","Christensenella",12,"group_char","control","dementia",2,50,0.04,4,0,15,0,0,1,1,FALSE,"not significant",1,FALSE,"not significant"
"420","genus","Cicer",38,"group_char","control","dementia",2,50,0.04,4,0,15,0,0,1,1,FALSE,"not significant",1,FALSE,"not significant"
"421","genus","Cimex",9,"group_char","control","dementia",3,50,0.06,6,1,15,0.0666666666666667,6.66666666666667,1,1,FALSE,"not significant",1,FALSE,"not significant"
"422","genus","Citrobacter",125,"group_char","control","dementia",4,50,0.08,8,0,15,0,0,0.56575682382134,1,FALSE,"not significant",1,FALSE,"not significant"
"423","genus","Cladosporium",125,"group_char","control","dementia",8,50,0.16,16,0,15,0,0,0.181590444293655,1,FALSE,"not significant",1,FALSE,"not significant"
"424","genus","Clostridioides",165,"group_char","control","dementia",11,50,0.22,22,2,15,0.133333333333333,13.3333333333333,0.715372654351685,1,FALSE,"not significant",1,FALSE,"not significant"
"425","genus","Clostridium",4437,"group_char","control","dementia",49,50,0.98,98,14,15,0.933333333333333,93.3333333333333,0.411057692307692,1,FALSE,"not significant",1,FALSE,"not significant"
"426","genus","Collinsella",365,"group_char","control","dementia",11,50,0.22,22,5,15,0.333333333333333,33.3333333333333,0.495140635773124,1,FALSE,"not significant",1,FALSE,"not significant"
"427","genus","Colunavirus",204,"group_char","control","dementia",9,50,0.18,18,1,15,0.0666666666666667,6.66666666666667,0.431218930427593,1,FALSE,"not significant",1,FALSE,"not significant"
"428","genus","Coprinus",23,"group_char","control","dementia",2,50,0.04,4,0,15,0,0,1,1,FALSE,"not significant",1,FALSE,"not significant"
"429","genus","Coprococcus",1132,"group_char","control","dementia",40,50,0.8,80,7,15,0.466666666666667,46.6666666666667,0.0197651503920409,1,FALSE,"nominal only",1,FALSE,"nominal only"
"430","genus","Corylus",126,"group_char","control","dementia",2,50,0.04,4,1,15,0.0666666666666667,6.66666666666667,0.551282051282051,1,FALSE,"not significant",1,FALSE,"not significant"
"431","genus","Corynebacterium",206,"group_char","control","dementia",11,50,0.22,22,1,15,0.0666666666666667,6.66666666666667,0.267244347846239,1,FALSE,"not significant",1,FALSE,"not significant"
"432","genus","Crangon",29,"group_char","control","dementia",1,50,0.02,2,0,15,0,0,1,1,FALSE,"not significant",1,FALSE,"not significant"
"433","genus","Cronobacter",8,"group_char","control","dementia",6,50,0.12,12,1,15,0.0666666666666667,6.66666666666667,1,1,FALSE,"not significant",1,FALSE,"not significant"
"434","genus","Cryptomeria",161,"group_char","control","dementia",2,50,0.04,4,1,15,0.0666666666666667,6.66666666666667,0.551282051282051,1,FALSE,"not significant",1,FALSE,"not significant"
"435","genus","Ctenocephalides",46,"group_char","control","dementia",1,50,0.02,2,0,15,0,0,1,1,FALSE,"not significant",1,FALSE,"not significant"
"436","genus","Cucumis",38,"group_char","control","dementia",2,50,0.04,4,0,15,0,0,1,1,FALSE,"not significant",1,FALSE,"not significant"
"437","genus","Culex",68,"group_char","control","dementia",1,50,0.02,2,0,15,0,0,1,1,FALSE,"not significant",1,FALSE,"not significant"
"438","genus","Culicoides",294,"group_char","control","dementia",10,50,0.2,20,2,15,0.133333333333333,13.3333333333333,0.716974684439761,1,FALSE,"not significant",1,FALSE,"not significant"
"439","genus","Curvularia",69,"group_char","control","dementia",1,50,0.02,2,0,15,0,0,1,1,FALSE,"not significant",1,FALSE,"not significant"
"440","genus","Cynodon",73,"group_char","control","dementia",4,50,0.08,8,2,15,0.133333333333333,13.3333333333333,0.615232070943335,1,FALSE,"not significant",1,FALSE,"not significant"
"441","genus","Cyprinus",29,"group_char","control","dementia",1,50,0.02,2,0,15,0,0,1,1,FALSE,"not significant",1,FALSE,"not significant"
"442","genus","Cytomegalovirus",1396,"group_char","control","dementia",39,50,0.78,78,13,15,0.866666666666667,86.6666666666667,0.715372654351685,1,FALSE,"not significant",1,FALSE,"not significant"
"443","genus","Dactylis",42,"group_char","control","dementia",1,50,0.02,2,2,15,0.133333333333333,13.3333333333333,0.130608974358974,1,FALSE,"not significant",1,FALSE,"not significant"
"444","genus","Danio",148,"group_char","control","dementia",6,50,0.12,12,0,15,0,0,0.322473864052394,1,FALSE,"not significant",1,FALSE,"not significant"
"445","genus","Daucus",59,"group_char","control","dementia",3,50,0.06,6,1,15,0.0666666666666667,6.66666666666667,1,1,FALSE,"not significant",1,FALSE,"not significant"
"446","genus","Deltacoronavirus",1930,"group_char","control","dementia",38,50,0.76,76,8,15,0.533333333333333,53.3333333333333,0.112201922607391,1,FALSE,"not significant",1,FALSE,"not significant"
"447","genus","Deltaretrovirus",205,"group_char","control","dementia",3,50,0.06,6,0,15,0,0,1,1,FALSE,"not significant",1,FALSE,"not significant"
"448","genus","Deltavirus",11,"group_char","control","dementia",1,50,0.02,2,0,15,0,0,1,1,FALSE,"not significant",1,FALSE,"not significant"
"449","genus","Dermatophagoides",783,"group_char","control","dementia",14,50,0.28,28,2,15,0.133333333333333,13.3333333333333,0.322045996609623,1,FALSE,"not significant",1,FALSE,"not significant"
"450","genus","Dialister",657,"group_char","control","dementia",33,50,0.66,66,6,15,0.4,40,0.13120951693643,1,FALSE,"not significant",1,FALSE,"not significant"
"451","genus","Dianthus",9,"group_char","control","dementia",1,50,0.02,2,0,15,0,0,1,1,FALSE,"not significant",1,FALSE,"not significant"
"452","genus","Dictyocaulus",43,"group_char","control","dementia",0,50,0,0,1,15,0.0666666666666667,6.66666666666667,0.230769230769231,1,FALSE,"not significant",1,FALSE,"not significant"
"453","genus","Diegovirus",438,"group_char","control","dementia",12,50,0.24,24,3,15,0.2,20,1,1,FALSE,"not significant",1,FALSE,"not significant"
"454","genus","Dolichovespula",45,"group_char","control","dementia",1,50,0.02,2,0,15,0,0,1,1,FALSE,"not significant",1,FALSE,"not significant"
"455","genus","Dorea",4833,"group_char","control","dementia",46,50,0.92,92,15,15,1,100,0.56575682382134,1,FALSE,"not significant",1,FALSE,"not significant"
"456","genus","Douglaswolinvirus",665,"group_char","control","dementia",25,50,0.5,50,6,15,0.4,40,0.565128188537421,1,FALSE,"not significant",1,FALSE,"not significant"
"457","genus","Drosophila",339,"group_char","control","dementia",8,50,0.16,16,1,15,0.0666666666666667,6.66666666666667,0.671913408796002,1,FALSE,"not significant",1,FALSE,"not significant"
"458","genus","Dubowvirus",499,"group_char","control","dementia",21,50,0.42,42,4,15,0.266666666666667,26.6666666666667,0.371040383940825,1,FALSE,"not significant",1,FALSE,"not significant"
"459","genus","Dysgonomonas",16,"group_char","control","dementia",2,50,0.04,4,0,15,0,0,1,1,FALSE,"not significant",1,FALSE,"not significant"
"460","genus","Eapunavirus",255,"group_char","control","dementia",15,50,0.3,30,3,15,0.2,20,0.529054870846662,1,FALSE,"not significant",1,FALSE,"not significant"
"461","genus","Ebolavirus",174,"group_char","control","dementia",9,50,0.18,18,1,15,0.0666666666666667,6.66666666666667,0.431218930427593,1,FALSE,"not significant",1,FALSE,"not significant"
"462","genus","Echinococcus",70,"group_char","control","dementia",5,50,0.1,10,3,15,0.2,20,0.372587655132615,1,FALSE,"not significant",1,FALSE,"not significant"
"463","genus","Eganvirus",1271,"group_char","control","dementia",25,50,0.5,50,8,15,0.533333333333333,53.3333333333333,1,1,FALSE,"not significant",1,FALSE,"not significant"
"464","genus","Eggerthella",11,"group_char","control","dementia",0,50,0,0,1,15,0.0666666666666667,6.66666666666667,0.230769230769231,1,FALSE,"not significant",1,FALSE,"not significant"
"465","genus","Ehrlichia",91,"group_char","control","dementia",4,50,0.08,8,1,15,0.0666666666666667,6.66666666666667,1,1,FALSE,"not significant",1,FALSE,"not significant"
"466","genus","Eisenbergiella",56,"group_char","control","dementia",1,50,0.02,2,0,15,0,0,1,1,FALSE,"not significant",1,FALSE,"not significant"
"467","genus","Entamoeba",67,"group_char","control","dementia",7,50,0.14,14,2,15,0.133333333333333,13.3333333333333,1,1,FALSE,"not significant",1,FALSE,"not significant"
"468","genus","Enterobacter",52,"group_char","control","dementia",3,50,0.06,6,1,15,0.0666666666666667,6.66666666666667,1,1,FALSE,"not significant",1,FALSE,"not significant"
"469","genus","Enterocloster",86,"group_char","control","dementia",10,50,0.2,20,0,15,0,0,0.100114226642174,1,FALSE,"not significant",1,FALSE,"not significant"
"470","genus","Enterococcus",1644,"group_char","control","dementia",38,50,0.76,76,11,15,0.733333333333333,73.3333333333333,1,1,FALSE,"not significant",1,FALSE,"not significant"
"471","genus","Enterovirus",849,"group_char","control","dementia",50,50,1,100,15,15,1,100,1,1,FALSE,"not significant",1,FALSE,"not significant"
"472","genus","Epicoccum",7,"group_char","control","dementia",10,50,0.2,20,2,15,0.133333333333333,13.3333333333333,0.716974684439761,1,FALSE,"not significant",1,FALSE,"not significant"
"473","genus","Epinephelus",74,"group_char","control","dementia",5,50,0.1,10,0,15,0,0,0.581773990155799,1,FALSE,"not significant",1,FALSE,"not significant"
"474","genus","Epseptimavirus",913,"group_char","control","dementia",21,50,0.42,42,3,15,0.2,20,0.141732624959892,1,FALSE,"not significant",1,FALSE,"not significant"
"475","genus","Equus",137,"group_char","control","dementia",4,50,0.08,8,0,15,0,0,0.56575682382134,1,FALSE,"not significant",1,FALSE,"not significant"
"476","genus","Eriocheir",20,"group_char","control","dementia",0,50,0,0,1,15,0.0666666666666667,6.66666666666667,0.230769230769231,1,FALSE,"not significant",1,FALSE,"not significant"
"477","genus","Erythroparvovirus",76,"group_char","control","dementia",5,50,0.1,10,0,15,0,0,0.581773990155799,1,FALSE,"not significant",1,FALSE,"not significant"
"478","genus","Escherichia",9055,"group_char","control","dementia",50,50,1,100,15,15,1,100,1,1,FALSE,"not significant",1,FALSE,"not significant"
"479","genus","Eshraghiella",175,"group_char","control","dementia",17,50,0.34,34,3,15,0.2,20,0.358706804189992,1,FALSE,"not significant",1,FALSE,"not significant"
"480","genus","Esox",19,"group_char","control","dementia",0,50,0,0,1,15,0.0666666666666667,6.66666666666667,0.230769230769231,1,FALSE,"not significant",1,FALSE,"not significant"
"481","genus","Eubacterium",1427,"group_char","control","dementia",35,50,0.7,70,8,15,0.533333333333333,53.3333333333333,0.350726400485382,1,FALSE,"not significant",1,FALSE,"not significant"
"482","genus","Euphausia",11,"group_char","control","dementia",1,50,0.02,2,0,15,0,0,1,1,FALSE,"not significant",1,FALSE,"not significant"
"483","genus","Euroglyphus",93,"group_char","control","dementia",5,50,0.1,10,0,15,0,0,0.581773990155799,1,FALSE,"not significant",1,FALSE,"not significant"
"484","genus","Faecalibacterium",5635,"group_char","control","dementia",48,50,0.96,96,11,15,0.733333333333333,73.3333333333333,0.022122333862154,1,FALSE,"nominal only",0.642951184106411,FALSE,"nominal only"
"485","genus","Faecalicatena",48,"group_char","control","dementia",1,50,0.02,2,0,15,0,0,1,1,FALSE,"not significant",1,FALSE,"not significant"
"486","genus","Faecalicoccus",13,"group_char","control","dementia",0,50,0,0,1,15,0.0666666666666667,6.66666666666667,0.230769230769231,1,FALSE,"not significant",1,FALSE,"not significant"
"487","genus","Faecalimonas",37,"group_char","control","dementia",8,50,0.16,16,2,15,0.133333333333333,13.3333333333333,1,1,FALSE,"not significant",1,FALSE,"not significant"
"488","genus","Faecalitalea",55,"group_char","control","dementia",1,50,0.02,2,0,15,0,0,1,1,FALSE,"not significant",1,FALSE,"not significant"
"489","genus","Fagopyrum",108,"group_char","control","dementia",5,50,0.1,10,2,15,0.133333333333333,13.3333333333333,0.657621758042798,1,FALSE,"not significant",1,FALSE,"not significant"
"490","genus","Fagus",13,"group_char","control","dementia",1,50,0.02,2,0,15,0,0,1,1,FALSE,"not significant",1,FALSE,"not significant"
"491","genus","Felixounavirus",745,"group_char","control","dementia",18,50,0.36,36,4,15,0.266666666666667,26.6666666666667,0.756522400182018,1,FALSE,"not significant",1,FALSE,"not significant"
"492","genus","Firehammervirus",1718,"group_char","control","dementia",27,50,0.54,54,5,15,0.333333333333333,33.3333333333333,0.239628058807391,1,FALSE,"not significant",1,FALSE,"not significant"
"493","genus","Flavonifractor",123,"group_char","control","dementia",8,50,0.16,16,3,15,0.2,20,0.706089095379752,1,FALSE,"not significant",1,FALSE,"not significant"
"494","genus","Fletchervirus",2108,"group_char","control","dementia",33,50,0.66,66,4,15,0.266666666666667,26.6666666666667,0.0154699332256578,1,FALSE,"nominal only",0.801249095255866,FALSE,"nominal only"
"495","genus","Forcipomyia",16,"group_char","control","dementia",1,50,0.02,2,0,15,0,0,1,1,FALSE,"not significant",1,FALSE,"not significant"
"496","genus","Francisella",86,"group_char","control","dementia",3,50,0.06,6,1,15,0.0666666666666667,6.66666666666667,1,1,FALSE,"not significant",1,FALSE,"not significant"
"497","genus","Fusarium",73,"group_char","control","dementia",5,50,0.1,10,2,15,0.133333333333333,13.3333333333333,0.657621758042798,1,FALSE,"not significant",1,FALSE,"not significant"
"498","genus","Fusicatenibacter",1317,"group_char","control","dementia",41,50,0.82,82,7,15,0.466666666666667,46.6666666666667,0.0155145349673262,1,FALSE,"nominal only",0.964637121464097,FALSE,"nominal only"
"499","genus","Gadus",46,"group_char","control","dementia",3,50,0.06,6,0,15,0,0,1,1,FALSE,"not significant",1,FALSE,"not significant"
"500","genus","Gallus",489,"group_char","control","dementia",26,50,0.52,52,6,15,0.4,40,0.557965593995684,1,FALSE,"not significant",1,FALSE,"not significant"
"501","genus","Gammacoronavirus",653,"group_char","control","dementia",16,50,0.32,32,3,15,0.2,20,0.522079219652274,1,FALSE,"not significant",1,FALSE,"not significant"
"502","genus","Gammaretrovirus",16,"group_char","control","dementia",2,50,0.04,4,0,15,0,0,1,1,FALSE,"not significant",1,FALSE,"not significant"
"503","genus","Gaprivervirus",1212,"group_char","control","dementia",26,50,0.52,52,7,15,0.466666666666667,46.6666666666667,0.774649126350741,1,FALSE,"not significant",1,FALSE,"not significant"
"504","genus","Gasterosteus",77,"group_char","control","dementia",4,50,0.08,8,1,15,0.0666666666666667,6.66666666666667,1,1,FALSE,"not significant",1,FALSE,"not significant"
"505","genus","Gelderlandvirus",1202,"group_char","control","dementia",21,50,0.42,42,8,15,0.533333333333333,53.3333333333333,0.556601290273448,1,FALSE,"not significant",1,FALSE,"not significant"
"506","genus","Gemmiger",939,"group_char","control","dementia",29,50,0.58,58,8,15,0.533333333333333,53.3333333333333,0.773994514089067,1,FALSE,"not significant",1,FALSE,"not significant"
"507","genus","Gillichthys",15,"group_char","control","dementia",1,50,0.02,2,0,15,0,0,1,1,FALSE,"not significant",1,FALSE,"not significant"
"508","genus","Glossina",46,"group_char","control","dementia",1,50,0.02,2,1,15,0.0666666666666667,6.66666666666667,0.411057692307692,1,FALSE,"not significant",1,FALSE,"not significant"
"509","genus","Glycine",497,"group_char","control","dementia",13,50,0.26,26,3,15,0.2,20,0.744292010326647,1,FALSE,"not significant",1,FALSE,"not significant"
"510","genus","Glycyphagus",39,"group_char","control","dementia",1,50,0.02,2,0,15,0,0,1,1,FALSE,"not significant",1,FALSE,"not significant"
"511","genus","Gossypium",19,"group_char","control","dementia",1,50,0.02,2,1,15,0.0666666666666667,6.66666666666667,0.411057692307692,1,FALSE,"not significant",1,FALSE,"not significant"
"512","genus","Gregsiragusavirus",171,"group_char","control","dementia",8,50,0.16,16,2,15,0.133333333333333,13.3333333333333,1,1,FALSE,"not significant",1,FALSE,"not significant"
"513","genus","Haemophilus",1829,"group_char","control","dementia",47,50,0.94,94,14,15,0.933333333333333,93.3333333333333,1,1,FALSE,"not significant",1,FALSE,"not significant"
"514","genus","Haliotis",45,"group_char","control","dementia",1,50,0.02,2,0,15,0,0,1,1,FALSE,"not significant",1,FALSE,"not significant"
"515","genus","Hanrivervirus",438,"group_char","control","dementia",11,50,0.22,22,3,15,0.2,20,1,1,FALSE,"not significant",1,FALSE,"not significant"
"516","genus","Harmonia",11,"group_char","control","dementia",1,50,0.02,2,1,15,0.0666666666666667,6.66666666666667,0.411057692307692,1,FALSE,"not significant",1,FALSE,"not significant"
"517","genus","Hathewaya",36,"group_char","control","dementia",0,50,0,0,1,15,0.0666666666666667,6.66666666666667,0.230769230769231,1,FALSE,"not significant",1,FALSE,"not significant"
"518","genus","Helianthus",23,"group_char","control","dementia",1,50,0.02,2,0,15,0,0,1,1,FALSE,"not significant",1,FALSE,"not significant"
"519","genus","Helicobacter",1129,"group_char","control","dementia",32,50,0.64,64,8,15,0.533333333333333,53.3333333333333,0.549307463344986,1,FALSE,"not significant",1,FALSE,"not significant"
"520","genus","Henipavirus",28,"group_char","control","dementia",1,50,0.02,2,0,15,0,0,1,1,FALSE,"not significant",1,FALSE,"not significant"
"521","genus","Hepacivirus",169,"group_char","control","dementia",4,50,0.08,8,0,15,0,0,0.56575682382134,1,FALSE,"not significant",1,FALSE,"not significant"
"522","genus","Hepatovirus",120,"group_char","control","dementia",7,50,0.14,14,0,15,0,0,0.187554625848417,1,FALSE,"not significant",1,FALSE,"not significant"
"523","genus","Hespellia",26,"group_char","control","dementia",2,50,0.04,4,0,15,0,0,1,1,FALSE,"not significant",1,FALSE,"not significant"
"524","genus","Hesperocyparis",43,"group_char","control","dementia",1,50,0.02,2,0,15,0,0,1,1,FALSE,"not significant",1,FALSE,"not significant"
"525","genus","Heterodera",8,"group_char","control","dementia",1,50,0.02,2,0,15,0,0,1,1,FALSE,"not significant",1,FALSE,"not significant"
"526","genus","Hevea",256,"group_char","control","dementia",3,50,0.06,6,1,15,0.0666666666666667,6.66666666666667,1,1,FALSE,"not significant",1,FALSE,"not significant"
"527","genus","Hippoglossus",7,"group_char","control","dementia",1,50,0.02,2,0,15,0,0,1,1,FALSE,"not significant",1,FALSE,"not significant"
"528","genus","Holdemanella",114,"group_char","control","dementia",12,50,0.24,24,0,15,0,0,0.0536645534568739,1,FALSE,"not significant",1,FALSE,"not significant"
"529","genus","Homarus",28,"group_char","control","dementia",1,50,0.02,2,1,15,0.0666666666666667,6.66666666666667,0.411057692307692,1,FALSE,"not significant",1,FALSE,"not significant"
"530","genus","Homo",22282,"group_char","control","dementia",50,50,1,100,15,15,1,100,1,1,FALSE,"not significant",1,FALSE,"not significant"
"531","genus","Hopescreekvirus",907,"group_char","control","dementia",29,50,0.58,58,7,15,0.466666666666667,46.6666666666667,0.556601290273448,1,FALSE,"not significant",1,FALSE,"not significant"
"532","genus","Hordeum",418,"group_char","control","dementia",12,50,0.24,24,3,15,0.2,20,1,1,FALSE,"not significant",1,FALSE,"not significant"
"533","genus","Hoylesella",33,"group_char","control","dementia",5,50,0.1,10,0,15,0,0,0.581773990155799,1,FALSE,"not significant",1,FALSE,"not significant"
"534","genus","Ixodes",27,"group_char","control","dementia",1,50,0.02,2,0,15,0,0,1,1,FALSE,"not significant",1,FALSE,"not significant"
"535","genus","Jasus",13,"group_char","control","dementia",1,50,0.02,2,0,15,0,0,1,1,FALSE,"not significant",1,FALSE,"not significant"
"536","genus","Jerseyvirus",863,"group_char","control","dementia",18,50,0.36,36,4,15,0.266666666666667,26.6666666666667,0.756522400182018,1,FALSE,"not significant",1,FALSE,"not significant"
"537","genus","Jiaodavirus",1212,"group_char","control","dementia",17,50,0.34,34,4,15,0.266666666666667,26.6666666666667,0.756522400182019,1,FALSE,"not significant",1,FALSE,"not significant"
"538","genus","Jilinvirus",374,"group_char","control","dementia",17,50,0.34,34,2,15,0.133333333333333,13.3333333333333,0.196117778688514,1,FALSE,"not significant",1,FALSE,"not significant"
"539","genus","Juglans",71,"group_char","control","dementia",2,50,0.04,4,0,15,0,0,1,1,FALSE,"not significant",1,FALSE,"not significant"
"540","genus","Junavirus",273,"group_char","control","dementia",15,50,0.3,30,3,15,0.2,20,0.529054870846662,1,FALSE,"not significant",1,FALSE,"not significant"
"541","genus","Juniperus",52,"group_char","control","dementia",1,50,0.02,2,0,15,0,0,1,1,FALSE,"not significant",1,FALSE,"not significant"
"542","genus","Kali",71,"group_char","control","dementia",2,50,0.04,4,0,15,0,0,1,1,FALSE,"not significant",1,FALSE,"not significant"
"543","genus","Kayvirus",1330,"group_char","control","dementia",25,50,0.5,50,5,15,0.333333333333333,33.3333333333333,0.37698630426139,1,FALSE,"not significant",1,FALSE,"not significant"
"544","genus","Kineothrix",7,"group_char","control","dementia",1,50,0.02,2,0,15,0,0,1,1,FALSE,"not significant",1,FALSE,"not significant"
"545","genus","Klebsiella",46,"group_char","control","dementia",1,50,0.02,2,2,15,0.133333333333333,13.3333333333333,0.130608974358974,1,FALSE,"not significant",1,FALSE,"not significant"
"546","genus","Kochikohdavirus",53,"group_char","control","dementia",1,50,0.02,2,0,15,0,0,1,1,FALSE,"not significant",1,FALSE,"not significant"
"547","genus","Krischvirus",1491,"group_char","control","dementia",38,50,0.76,76,10,15,0.666666666666667,66.6666666666667,0.512229889175828,1,FALSE,"not significant",1,FALSE,"not significant"
"548","genus","Kuttervirus",1121,"group_char","control","dementia",22,50,0.44,44,4,15,0.266666666666667,26.6666666666667,0.367912891319699,1,FALSE,"not significant",1,FALSE,"not significant"
"549","genus","Lachnoclostridium",116,"group_char","control","dementia",9,50,0.18,18,2,15,0.133333333333333,13.3333333333333,1,1,FALSE,"not significant",1,FALSE,"not significant"
"550","genus","Lachnospira",1516,"group_char","control","dementia",33,50,0.66,66,11,15,0.733333333333333,73.3333333333333,0.756522400182019,1,FALSE,"not significant",1,FALSE,"not significant"
"551","genus","Lacnuvirus",266,"group_char","control","dementia",3,50,0.06,6,2,15,0.133333333333333,13.3333333333333,0.325262037451355,1,FALSE,"not significant",1,FALSE,"not significant"
"552","genus","Lacticaseibacillus",1717,"group_char","control","dementia",44,50,0.88,88,12,15,0.8,80,0.419989776264361,1,FALSE,"not significant",1,FALSE,"not significant"
"553","genus","Lactiplantibacillus",2088,"group_char","control","dementia",42,50,0.84,84,13,15,0.866666666666667,86.6666666666667,1,1,FALSE,"not significant",1,FALSE,"not significant"
"554","genus","Lactobacillus",2397,"group_char","control","dementia",45,50,0.9,90,14,15,0.933333333333333,93.3333333333333,1,1,FALSE,"not significant",1,FALSE,"not significant"
"555","genus","Lactococcus",25,"group_char","control","dementia",1,50,0.02,2,0,15,0,0,1,1,FALSE,"not significant",1,FALSE,"not significant"
"556","genus","Lafunavirus",361,"group_char","control","dementia",12,50,0.24,24,4,15,0.266666666666667,26.6666666666667,1,1,FALSE,"not significant",1,FALSE,"not significant"
"557","genus","Lambdavirus",34,"group_char","control","dementia",2,50,0.04,4,1,15,0.0666666666666667,6.66666666666667,0.551282051282051,1,FALSE,"not significant",1,FALSE,"not significant"
"558","genus","Larmunavirus",193,"group_char","control","dementia",10,50,0.2,20,2,15,0.133333333333333,13.3333333333333,0.716974684439761,1,FALSE,"not significant",1,FALSE,"not significant"
"559","genus","Lates",7,"group_char","control","dementia",2,50,0.04,4,0,15,0,0,1,1,FALSE,"not significant",1,FALSE,"not significant"
"560","genus","Leclercia",3,"group_char","control","dementia",5,50,0.1,10,0,15,0,0,0.581773990155799,1,FALSE,"not significant",1,FALSE,"not significant"
"561","genus","Lederbergvirus",592,"group_char","control","dementia",25,50,0.5,50,8,15,0.533333333333333,53.3333333333333,1,1,FALSE,"not significant",1,FALSE,"not significant"
"562","genus","Legionella",4021,"group_char","control","dementia",42,50,0.84,84,11,15,0.733333333333333,73.3333333333333,0.449189193563535,1,FALSE,"not significant",1,FALSE,"not significant"
"563","genus","Leishmania",141,"group_char","control","dementia",5,50,0.1,10,1,15,0.0666666666666667,6.66666666666667,1,1,FALSE,"not significant",1,FALSE,"not significant"
"564","genus","Lens",41,"group_char","control","dementia",4,50,0.08,8,0,15,0,0,0.56575682382134,1,FALSE,"not significant",1,FALSE,"not significant"
"565","genus","Lentivirus",220,"group_char","control","dementia",3,50,0.06,6,1,15,0.0666666666666667,6.66666666666667,1,1,FALSE,"not significant",1,FALSE,"not significant"
"566","genus","Lepidoglyphus",69,"group_char","control","dementia",1,50,0.02,2,0,15,0,0,1,1,FALSE,"not significant",1,FALSE,"not significant"
"567","genus","Lepisma",11,"group_char","control","dementia",0,50,0,0,1,15,0.0666666666666667,6.66666666666667,0.230769230769231,1,FALSE,"not significant",1,FALSE,"not significant"
"568","genus","Leptospira",98,"group_char","control","dementia",3,50,0.06,6,1,15,0.0666666666666667,6.66666666666667,1,1,FALSE,"not significant",1,FALSE,"not significant"
"569","genus","Leptotrichia",119,"group_char","control","dementia",1,50,0.02,2,1,15,0.0666666666666667,6.66666666666667,0.411057692307692,1,FALSE,"not significant",1,FALSE,"not significant"
"570","genus","Lethocerus",12,"group_char","control","dementia",0,50,0,0,1,15,0.0666666666666667,6.66666666666667,0.230769230769231,1,FALSE,"not significant",1,FALSE,"not significant"
"571","genus","Leyella",30,"group_char","control","dementia",1,50,0.02,2,0,15,0,0,1,1,FALSE,"not significant",1,FALSE,"not significant"
"572","genus","Ligilactobacillus",979,"group_char","control","dementia",27,50,0.54,54,8,15,0.533333333333333,53.3333333333333,1,1,FALSE,"not significant",1,FALSE,"not significant"
"573","genus","Limnonectes",6,"group_char","control","dementia",2,50,0.04,4,0,15,0,0,1,1,FALSE,"not significant",1,FALSE,"not significant"
"574","genus","Limosilactobacillus",1071,"group_char","control","dementia",43,50,0.86,86,10,15,0.666666666666667,66.6666666666667,0.128135001936511,1,FALSE,"not significant",1,FALSE,"not significant"
"575","genus","Limulus",17,"group_char","control","dementia",1,50,0.02,2,0,15,0,0,1,1,FALSE,"not significant",1,FALSE,"not significant"
"576","genus","Listeria",3769,"group_char","control","dementia",48,50,0.96,96,12,15,0.8,80,0.0761061166931077,1,FALSE,"not significant",1,FALSE,"not significant"
"577","genus","Locusta",8,"group_char","control","dementia",1,50,0.02,2,0,15,0,0,1,1,FALSE,"not significant",1,FALSE,"not significant"
"578","genus","Lolium",109,"group_char","control","dementia",6,50,0.12,12,1,15,0.0666666666666667,6.66666666666667,1,1,FALSE,"not significant",1,FALSE,"not significant"
"579","genus","Lotus",34,"group_char","control","dementia",5,50,0.1,10,0,15,0,0,0.581773990155799,1,FALSE,"not significant",1,FALSE,"not significant"
"580","genus","Lupinus",241,"group_char","control","dementia",11,50,0.22,22,4,15,0.266666666666667,26.6666666666667,0.733637510756924,1,FALSE,"not significant",1,FALSE,"not significant"
"581","genus","Lymphocryptovirus",983,"group_char","control","dementia",50,50,1,100,15,15,1,100,1,1,FALSE,"not significant",1,FALSE,"not significant"
"582","genus","Lyssavirus",24,"group_char","control","dementia",1,50,0.02,2,0,15,0,0,1,1,FALSE,"not significant",1,FALSE,"not significant"
"583","genus","Maconellicoccus",6,"group_char","control","dementia",1,50,0.02,2,0,15,0,0,1,1,FALSE,"not significant",1,FALSE,"not significant"
"584","genus","Malacoplasma",27,"group_char","control","dementia",2,50,0.04,4,0,15,0,0,1,1,FALSE,"not significant",1,FALSE,"not significant"
"585","genus","Malassezia",214,"group_char","control","dementia",7,50,0.14,14,1,15,0.0666666666666667,6.66666666666667,0.669427904317184,1,FALSE,"not significant",1,FALSE,"not significant"
"586","genus","Malus",198,"group_char","control","dementia",4,50,0.08,8,1,15,0.0666666666666667,6.66666666666667,1,1,FALSE,"not significant",1,FALSE,"not significant"
"587","genus","Marvinbryantia",25,"group_char","control","dementia",1,50,0.02,2,0,15,0,0,1,1,FALSE,"not significant",1,FALSE,"not significant"
"588","genus","Mastadenovirus",134,"group_char","control","dementia",43,50,0.86,86,13,15,0.866666666666667,86.6666666666667,1,1,FALSE,"not significant",1,FALSE,"not significant"
"589","genus","Mediterranea",40,"group_char","control","dementia",2,50,0.04,4,0,15,0,0,1,1,FALSE,"not significant",1,FALSE,"not significant"
"590","genus","Mediterraneibacter",4382,"group_char","control","dementia",50,50,1,100,15,15,1,100,1,1,FALSE,"not significant",1,FALSE,"not significant"
"591","genus","Megamonas",65,"group_char","control","dementia",1,50,0.02,2,0,15,0,0,1,1,FALSE,"not significant",1,FALSE,"not significant"
"592","genus","Megasphaera",50,"group_char","control","dementia",5,50,0.1,10,3,15,0.2,20,0.372587655132615,1,FALSE,"not significant",1,FALSE,"not significant"
"593","genus","Meleagris",76,"group_char","control","dementia",7,50,0.14,14,2,15,0.133333333333333,13.3333333333333,1,1,FALSE,"not significant",1,FALSE,"not significant"
"594","genus","Meriones",17,"group_char","control","dementia",0,50,0,0,1,15,0.0666666666666667,6.66666666666667,0.230769230769231,1,FALSE,"not significant",1,FALSE,"not significant"
"595","genus","Mesocricetus",28,"group_char","control","dementia",1,50,0.02,2,0,15,0,0,1,1,FALSE,"not significant",1,FALSE,"not significant"
"596","genus","Mesomycoplasma",207,"group_char","control","dementia",16,50,0.32,32,3,15,0.2,20,0.522079219652274,1,FALSE,"not significant",1,FALSE,"not significant"
"597","genus","Metarhizium",21,"group_char","control","dementia",1,50,0.02,2,0,15,0,0,1,1,FALSE,"not significant",1,FALSE,"not significant"
"598","genus","Mitsuokella",20,"group_char","control","dementia",1,50,0.02,2,0,15,0,0,1,1,FALSE,"not significant",1,FALSE,"not significant"
"599","genus","Mizuhopecten",14,"group_char","control","dementia",1,50,0.02,2,0,15,0,0,1,1,FALSE,"not significant",1,FALSE,"not significant"
"600","genus","Monodelphis",1,"group_char","control","dementia",1,50,0.02,2,0,15,0,0,1,1,FALSE,"not significant",1,FALSE,"not significant"
"601","genus","Moorena",17,"group_char","control","dementia",2,50,0.04,4,0,15,0,0,1,1,FALSE,"not significant",1,FALSE,"not significant"
"602","genus","Moraxella",100,"group_char","control","dementia",1,50,0.02,2,1,15,0.0666666666666667,6.66666666666667,0.411057692307692,1,FALSE,"not significant",1,FALSE,"not significant"
"603","genus","Morbillivirus",88,"group_char","control","dementia",5,50,0.1,10,0,15,0,0,0.581773990155799,1,FALSE,"not significant",1,FALSE,"not significant"
"604","genus","Mosigvirus",844,"group_char","control","dementia",25,50,0.5,50,5,15,0.333333333333333,33.3333333333333,0.37698630426139,1,FALSE,"not significant",1,FALSE,"not significant"
"605","genus","Mus",486,"group_char","control","dementia",11,50,0.22,22,3,15,0.2,20,1,1,FALSE,"not significant",1,FALSE,"not significant"
"606","genus","Musa",139,"group_char","control","dementia",1,50,0.02,2,1,15,0.0666666666666667,6.66666666666667,0.411057692307692,1,FALSE,"not significant",1,FALSE,"not significant"
"607","genus","Mycobacterium",3378,"group_char","control","dementia",33,50,0.66,66,9,15,0.6,60,0.761240958318026,1,FALSE,"not significant",1,FALSE,"not significant"
"608","genus","Mycoplasmoides",298,"group_char","control","dementia",35,50,0.7,70,6,15,0.4,40,0.0646408795741817,1,FALSE,"not significant",1,FALSE,"not significant"
"609","genus","Mytilus",34,"group_char","control","dementia",2,50,0.04,4,0,15,0,0,1,1,FALSE,"not significant",1,FALSE,"not significant"
"610","genus","Nannizzia",18,"group_char","control","dementia",2,50,0.04,4,0,15,0,0,1,1,FALSE,"not significant",1,FALSE,"not significant"
"611","genus","Nasonia",63,"group_char","control","dementia",4,50,0.08,8,2,15,0.133333333333333,13.3333333333333,0.615232070943335,1,FALSE,"not significant",1,FALSE,"not significant"
"612","genus","Necator",18,"group_char","control","dementia",3,50,0.06,6,0,15,0,0,1,1,FALSE,"not significant",1,FALSE,"not significant"
"613","genus","Negarvirus",166,"group_char","control","dementia",11,50,0.22,22,3,15,0.2,20,1,1,FALSE,"not significant",1,FALSE,"not significant"
"614","genus","Negativibacillus",20,"group_char","control","dementia",2,50,0.04,4,1,15,0.0666666666666667,6.66666666666667,0.551282051282051,1,FALSE,"not significant",1,FALSE,"not significant"
"615","genus","Neisseria",584,"group_char","control","dementia",37,50,0.74,74,10,15,0.666666666666667,66.6666666666667,0.742994546037264,1,FALSE,"not significant",1,FALSE,"not significant"
"616","genus","Nicotiana",54,"group_char","control","dementia",2,50,0.04,4,1,15,0.0666666666666667,6.66666666666667,0.551282051282051,1,FALSE,"not significant",1,FALSE,"not significant"
"617","genus","Norovirus",154,"group_char","control","dementia",34,50,0.68,68,8,15,0.533333333333333,53.3333333333333,0.361405242582662,1,FALSE,"not significant",1,FALSE,"not significant"
"618","genus","Novosibovirus",308,"group_char","control","dementia",16,50,0.32,32,2,15,0.133333333333333,13.3333333333333,0.201467359541481,1,FALSE,"not significant",1,FALSE,"not significant"
"619","genus","Octopus",15,"group_char","control","dementia",1,50,0.02,2,0,15,0,0,1,1,FALSE,"not significant",1,FALSE,"not significant"
"620","genus","Odoribacter",875,"group_char","control","dementia",30,50,0.6,60,5,15,0.333333333333333,33.3333333333333,0.0837102448278371,1,FALSE,"not significant",1,FALSE,"not significant"
"621","genus","Olea",258,"group_char","control","dementia",1,50,0.02,2,0,15,0,0,1,1,FALSE,"not significant",1,FALSE,"not significant"
"622","genus","Oncorhynchus",144,"group_char","control","dementia",7,50,0.14,14,0,15,0,0,0.187554625848417,1,FALSE,"not significant",1,FALSE,"not significant"
"623","genus","Oreochromis",105,"group_char","control","dementia",0,50,0,0,1,15,0.0666666666666667,6.66666666666667,0.230769230769231,1,FALSE,"not significant",1,FALSE,"not significant"
"624","genus","Orthobornavirus",17,"group_char","control","dementia",0,50,0,0,1,15,0.0666666666666667,6.66666666666667,0.230769230769231,1,FALSE,"not significant",1,FALSE,"not significant"
"625","genus","Orthoebolavirus",111,"group_char","control","dementia",2,50,0.04,4,1,15,0.0666666666666667,6.66666666666667,0.551282051282051,1,FALSE,"not significant",1,FALSE,"not significant"
"626","genus","Orthoflavivirus",725,"group_char","control","dementia",21,50,0.42,42,4,15,0.266666666666667,26.6666666666667,0.371040383940825,1,FALSE,"not significant",1,FALSE,"not significant"
"627","genus","Orthopneumovirus",101,"group_char","control","dementia",49,50,0.98,98,15,15,1,100,1,1,FALSE,"not significant",1,FALSE,"not significant"
"628","genus","Oryctolagus",188,"group_char","control","dementia",8,50,0.16,16,1,15,0.0666666666666667,6.66666666666667,0.671913408796002,1,FALSE,"not significant",1,FALSE,"not significant"
"629","genus","Oryza",560,"group_char","control","dementia",16,50,0.32,32,6,15,0.4,40,0.756522400182018,1,FALSE,"not significant",1,FALSE,"not significant"
"630","genus","Oryzias",95,"group_char","control","dementia",2,50,0.04,4,1,15,0.0666666666666667,6.66666666666667,0.551282051282051,1,FALSE,"not significant",1,FALSE,"not significant"
"631","genus","Oscillibacter",314,"group_char","control","dementia",21,50,0.42,42,2,15,0.133333333333333,13.3333333333333,0.0636461473756564,1,FALSE,"not significant",1,FALSE,"not significant"
"632","genus","Ovis",46,"group_char","control","dementia",17,50,0.34,34,3,15,0.2,20,0.358706804189992,1,FALSE,"not significant",1,FALSE,"not significant"
"633","genus","Pagrus",7,"group_char","control","dementia",1,50,0.02,2,0,15,0,0,1,1,FALSE,"not significant",1,FALSE,"not significant"
"634","genus","Pan",55,"group_char","control","dementia",0,50,0,0,2,15,0.133333333333333,13.3333333333333,0.0504807692307693,1,FALSE,"not significant",1,FALSE,"not significant"
"635","genus","Panax",14,"group_char","control","dementia",1,50,0.02,2,0,15,0,0,1,1,FALSE,"not significant",1,FALSE,"not significant"
"636","genus","Parabacteroides",9947,"group_char","control","dementia",49,50,0.98,98,15,15,1,100,1,1,FALSE,"not significant",1,FALSE,"not significant"
"637","genus","Paraprevotella",216,"group_char","control","dementia",46,50,0.92,92,15,15,1,100,0.56575682382134,1,FALSE,"not significant",1,FALSE,"not significant"
"638","genus","Paslahepevirus",59,"group_char","control","dementia",1,50,0.02,2,0,15,0,0,1,1,FALSE,"not significant",1,FALSE,"not significant"
"639","genus","Paspalum",31,"group_char","control","dementia",1,50,0.02,2,0,15,0,0,1,1,FALSE,"not significant",1,FALSE,"not significant"
"640","genus","Pebcunavirus",361,"group_char","control","dementia",20,50,0.4,40,6,15,0.4,40,1,1,FALSE,"not significant",1,FALSE,"not significant"
"641","genus","Pecentumvirus",1167,"group_char","control","dementia",26,50,0.52,52,5,15,0.333333333333333,33.3333333333333,0.248154957071363,1,FALSE,"not significant",1,FALSE,"not significant"
"642","genus","Pediculus",13,"group_char","control","dementia",1,50,0.02,2,0,15,0,0,1,1,FALSE,"not significant",1,FALSE,"not significant"
"643","genus","Peeveelvirus",7,"group_char","control","dementia",1,50,0.02,2,0,15,0,0,1,1,FALSE,"not significant",1,FALSE,"not significant"
"644","genus","Penaeus",137,"group_char","control","dementia",3,50,0.06,6,0,15,0,0,1,1,FALSE,"not significant",1,FALSE,"not significant"
"645","genus","Penicillium",254,"group_char","control","dementia",10,50,0.2,20,3,15,0.2,20,1,1,FALSE,"not significant",1,FALSE,"not significant"
"646","genus","Periplaneta",295,"group_char","control","dementia",5,50,0.1,10,0,15,0,0,0.581773990155799,1,FALSE,"not significant",1,FALSE,"not significant"
"647","genus","Phalaris",37,"group_char","control","dementia",0,50,0,0,1,15,0.0666666666666667,6.66666666666667,0.230769230769231,1,FALSE,"not significant",1,FALSE,"not significant"
"648","genus","Phascolarctobacterium",124,"group_char","control","dementia",4,50,0.08,8,0,15,0,0,0.56575682382134,1,FALSE,"not significant",1,FALSE,"not significant"
"649","genus","Phaseolus",116,"group_char","control","dementia",3,50,0.06,6,0,15,0,0,1,1,FALSE,"not significant",1,FALSE,"not significant"
"650","genus","Phifelvirus",332,"group_char","control","dementia",10,50,0.2,20,1,15,0.0666666666666667,6.66666666666667,0.433171826803808,1,FALSE,"not significant",1,FALSE,"not significant"
"651","genus","Phleum",186,"group_char","control","dementia",4,50,0.08,8,1,15,0.0666666666666667,6.66666666666667,1,1,FALSE,"not significant",1,FALSE,"not significant"
"652","genus","Phocaeicola",24081,"group_char","control","dementia",50,50,1,100,15,15,1,100,1,1,FALSE,"not significant",1,FALSE,"not significant"
"653","genus","Pinus",22,"group_char","control","dementia",3,50,0.06,6,1,15,0.0666666666666667,6.66666666666667,1,1,FALSE,"not significant",1,FALSE,"not significant"
"654","genus","Pistacia",66,"group_char","control","dementia",5,50,0.1,10,3,15,0.2,20,0.372587655132615,1,FALSE,"not significant",1,FALSE,"not significant"
"655","genus","Pisum",124,"group_char","control","dementia",5,50,0.1,10,0,15,0,0,0.581773990155799,1,FALSE,"not significant",1,FALSE,"not significant"
"656","genus","Plasmodium",6196,"group_char","control","dementia",42,50,0.84,84,11,15,0.733333333333333,73.3333333333333,0.449189193563535,1,FALSE,"not significant",1,FALSE,"not significant"
"657","genus","Platanus",39,"group_char","control","dementia",2,50,0.04,4,0,15,0,0,1,1,FALSE,"not significant",1,FALSE,"not significant"
"658","genus","Platichthys",8,"group_char","control","dementia",1,50,0.02,2,0,15,0,0,1,1,FALSE,"not significant",1,FALSE,"not significant"
"659","genus","Pleeduovirus",287,"group_char","control","dementia",7,50,0.14,14,2,15,0.133333333333333,13.3333333333333,1,1,FALSE,"not significant",1,FALSE,"not significant"
"660","genus","Plodia",12,"group_char","control","dementia",2,50,0.04,4,0,15,0,0,1,1,FALSE,"not significant",1,FALSE,"not significant"
"661","genus","Porphyromonas",337,"group_char","control","dementia",36,50,0.72,72,14,15,0.933333333333333,93.3333333333333,0.159334766198391,1,FALSE,"not significant",1,FALSE,"not significant"
"662","genus","Portunus",28,"group_char","control","dementia",1,50,0.02,2,0,15,0,0,1,1,FALSE,"not significant",1,FALSE,"not significant"
"663","genus","Prevotella",1113,"group_char","control","dementia",50,50,1,100,15,15,1,100,1,1,FALSE,"not significant",1,FALSE,"not significant"
"664","genus","Propithecus",3,"group_char","control","dementia",1,50,0.02,2,0,15,0,0,1,1,FALSE,"not significant",1,FALSE,"not significant"
"665","genus","Prunus",257,"group_char","control","dementia",3,50,0.06,6,0,15,0,0,1,1,FALSE,"not significant",1,FALSE,"not significant"
"666","genus","Psavirus",78,"group_char","control","dementia",2,50,0.04,4,1,15,0.0666666666666667,6.66666666666667,0.551282051282051,1,FALSE,"not significant",1,FALSE,"not significant"
"667","genus","Pseudocardium",5,"group_char","control","dementia",0,50,0,0,2,15,0.133333333333333,13.3333333333333,0.0504807692307693,1,FALSE,"not significant",1,FALSE,"not significant"
"668","genus","Pseudoflavonifractor",5,"group_char","control","dementia",1,50,0.02,2,0,15,0,0,1,1,FALSE,"not significant",1,FALSE,"not significant"
"669","genus","Pseudomonas",2337,"group_char","control","dementia",45,50,0.9,90,15,15,1,100,0.581773990155799,1,FALSE,"not significant",1,FALSE,"not significant"
"670","genus","Psoroptes",24,"group_char","control","dementia",1,50,0.02,2,0,15,0,0,1,1,FALSE,"not significant",1,FALSE,"not significant"
"671","genus","Punavirus",807,"group_char","control","dementia",19,50,0.38,38,4,15,0.266666666666667,26.6666666666667,0.544187284061686,1,FALSE,"not significant",1,FALSE,"not significant"
"672","genus","Pyrus",49,"group_char","control","dementia",1,50,0.02,2,1,15,0.0666666666666667,6.66666666666667,0.411057692307692,1,FALSE,"not significant",1,FALSE,"not significant"
"673","genus","Quercus",39,"group_char","control","dementia",8,50,0.16,16,0,15,0,0,0.181590444293655,1,FALSE,"not significant",1,FALSE,"not significant"
"674","genus","Ralstonia",36,"group_char","control","dementia",16,50,0.32,32,3,15,0.2,20,0.522079219652274,1,FALSE,"not significant",1,FALSE,"not significant"
"675","genus","Rangifer",5,"group_char","control","dementia",2,50,0.04,4,0,15,0,0,1,1,FALSE,"not significant",1,FALSE,"not significant"
"676","genus","Rattus",495,"group_char","control","dementia",10,50,0.2,20,2,15,0.133333333333333,13.3333333333333,0.716974684439761,1,FALSE,"not significant",1,FALSE,"not significant"
"677","genus","Rhadinovirus",45,"group_char","control","dementia",2,50,0.04,4,0,15,0,0,1,1,FALSE,"not significant",1,FALSE,"not significant"
"678","genus","Rhizopus",28,"group_char","control","dementia",0,50,0,0,1,15,0.0666666666666667,6.66666666666667,0.230769230769231,1,FALSE,"not significant",1,FALSE,"not significant"
"679","genus","Rhodotorula",23,"group_char","control","dementia",1,50,0.02,2,0,15,0,0,1,1,FALSE,"not significant",1,FALSE,"not significant"
"680","genus","Rickettsia",67,"group_char","control","dementia",7,50,0.14,14,0,15,0,0,0.187554625848417,1,FALSE,"not significant",1,FALSE,"not significant"
"681","genus","Romboutsia",177,"group_char","control","dementia",11,50,0.22,22,0,15,0,0,0.0553840228251569,1,FALSE,"not significant",1,FALSE,"not significant"
"682","genus","Roseburia",4533,"group_char","control","dementia",45,50,0.9,90,14,15,0.933333333333333,93.3333333333333,1,1,FALSE,"not significant",1,FALSE,"not significant"
"683","genus","Roseolovirus",98,"group_char","control","dementia",17,50,0.34,34,1,15,0.0666666666666667,6.66666666666667,0.0494196258492798,1,FALSE,"nominal only",1,FALSE,"nominal only"
"684","genus","Rotavirus",66,"group_char","control","dementia",1,50,0.02,2,0,15,0,0,1,1,FALSE,"not significant",1,FALSE,"not significant"
"685","genus","Rubivirus",55,"group_char","control","dementia",4,50,0.08,8,0,15,0,0,0.56575682382134,1,FALSE,"not significant",1,FALSE,"not significant"
"686","genus","Ruditapes",5,"group_char","control","dementia",1,50,0.02,2,0,15,0,0,1,1,FALSE,"not significant",1,FALSE,"not significant"
"687","genus","Ruminiclostridium",20,"group_char","control","dementia",1,50,0.02,2,0,15,0,0,1,1,FALSE,"not significant",1,FALSE,"not significant"
"688","genus","Ruminococcus",6051,"group_char","control","dementia",48,50,0.96,96,14,15,0.933333333333333,93.3333333333333,0.551282051282051,1,FALSE,"not significant",1,FALSE,"not significant"
"689","genus","Saccharomyces",78,"group_char","control","dementia",1,50,0.02,2,0,15,0,0,1,1,FALSE,"not significant",1,FALSE,"not significant"
"690","genus","Salmo",205,"group_char","control","dementia",10,50,0.2,20,1,15,0.0666666666666667,6.66666666666667,0.433171826803808,1,FALSE,"not significant",1,FALSE,"not significant"
"691","genus","Salmonella",5142,"group_char","control","dementia",47,50,0.94,94,13,15,0.866666666666667,86.6666666666667,0.325262037451355,1,FALSE,"not significant",1,FALSE,"not significant"
"692","genus","Salvelinus",23,"group_char","control","dementia",2,50,0.04,4,0,15,0,0,1,1,FALSE,"not significant",1,FALSE,"not significant"
"693","genus","Saphexavirus",452,"group_char","control","dementia",8,50,0.16,16,1,15,0.0666666666666667,6.66666666666667,0.671913408796002,1,FALSE,"not significant",1,FALSE,"not significant"
"694","genus","Sarcina",72,"group_char","control","dementia",1,50,0.02,2,1,15,0.0666666666666667,6.66666666666667,0.411057692307692,1,FALSE,"not significant",1,FALSE,"not significant"
"695","genus","Sarcoptes",181,"group_char","control","dementia",6,50,0.12,12,0,15,0,0,0.322473864052394,1,FALSE,"not significant",1,FALSE,"not significant"
"696","genus","Schistosoma",122,"group_char","control","dementia",1,50,0.02,2,1,15,0.0666666666666667,6.66666666666667,0.411057692307692,1,FALSE,"not significant",1,FALSE,"not significant"
"697","genus","Sebastes",8,"group_char","control","dementia",1,50,0.02,2,0,15,0,0,1,1,FALSE,"not significant",1,FALSE,"not significant"
"698","genus","Secale",113,"group_char","control","dementia",3,50,0.06,6,1,15,0.0666666666666667,6.66666666666667,1,1,FALSE,"not significant",1,FALSE,"not significant"
"699","genus","Segatella",1987,"group_char","control","dementia",50,50,1,100,15,15,1,100,1,1,FALSE,"not significant",1,FALSE,"not significant"
"700","genus","Sepiella",10,"group_char","control","dementia",1,50,0.02,2,0,15,0,0,1,1,FALSE,"not significant",1,FALSE,"not significant"
"701","genus","Sepioteuthis",10,"group_char","control","dementia",2,50,0.04,4,1,15,0.0666666666666667,6.66666666666667,0.551282051282051,1,FALSE,"not significant",1,FALSE,"not significant"
"702","genus","Septimatrevirus",382,"group_char","control","dementia",11,50,0.22,22,2,15,0.133333333333333,13.3333333333333,0.715372654351685,1,FALSE,"not significant",1,FALSE,"not significant"
"703","genus","Sesamum",74,"group_char","control","dementia",4,50,0.08,8,0,15,0,0,0.56575682382134,1,FALSE,"not significant",1,FALSE,"not significant"
"704","genus","Setaria",97,"group_char","control","dementia",3,50,0.06,6,1,15,0.0666666666666667,6.66666666666667,1,1,FALSE,"not significant",1,FALSE,"not significant"
"705","genus","Shigella",1397,"group_char","control","dementia",45,50,0.9,90,12,15,0.8,80,0.372587655132615,1,FALSE,"not significant",1,FALSE,"not significant"
"706","genus","Simplexvirus",375,"group_char","control","dementia",42,50,0.84,84,13,15,0.866666666666667,86.6666666666667,1,1,FALSE,"not significant",1,FALSE,"not significant"
"707","genus","Simulium",35,"group_char","control","dementia",1,50,0.02,2,0,15,0,0,1,1,FALSE,"not significant",1,FALSE,"not significant"
"708","genus","Sinapis",44,"group_char","control","dementia",0,50,0,0,1,15,0.0666666666666667,6.66666666666667,0.230769230769231,1,FALSE,"not significant",1,FALSE,"not significant"
"709","genus","Sinonovacula",8,"group_char","control","dementia",1,50,0.02,2,0,15,0,0,1,1,FALSE,"not significant",1,FALSE,"not significant"
"710","genus","Skunavirus",1019,"group_char","control","dementia",34,50,0.68,68,10,15,0.666666666666667,66.6666666666667,1,1,FALSE,"not significant",1,FALSE,"not significant"
"711","genus","Solanum",415,"group_char","control","dementia",8,50,0.16,16,2,15,0.133333333333333,13.3333333333333,1,1,FALSE,"not significant",1,FALSE,"not significant"
"712","genus","Solenopsis",60,"group_char","control","dementia",2,50,0.04,4,0,15,0,0,1,1,FALSE,"not significant",1,FALSE,"not significant"
"713","genus","Sorghum",100,"group_char","control","dementia",0,50,0,0,1,15,0.0666666666666667,6.66666666666667,0.230769230769231,1,FALSE,"not significant",1,FALSE,"not significant"
"714","genus","Spinacia",18,"group_char","control","dementia",1,50,0.02,2,0,15,0,0,1,1,FALSE,"not significant",1,FALSE,"not significant"
"715","genus","Stachybotrys",10,"group_char","control","dementia",1,50,0.02,2,0,15,0,0,1,1,FALSE,"not significant",1,FALSE,"not significant"
"716","genus","Staphylococcus",2193,"group_char","control","dementia",50,50,1,100,15,15,1,100,1,1,FALSE,"not significant",1,FALSE,"not significant"
"717","genus","Streptococcus",2415,"group_char","control","dementia",50,50,1,100,15,15,1,100,1,1,FALSE,"not significant",1,FALSE,"not significant"
"718","genus","Streptomyces",65,"group_char","control","dementia",0,50,0,0,1,15,0.0666666666666667,6.66666666666667,0.230769230769231,1,FALSE,"not significant",1,FALSE,"not significant"
"719","genus","Strongylocentrotus",45,"group_char","control","dementia",1,50,0.02,2,0,15,0,0,1,1,FALSE,"not significant",1,FALSE,"not significant"
"720","genus","Struthio",26,"group_char","control","dementia",4,50,0.08,8,1,15,0.0666666666666667,6.66666666666667,1,1,FALSE,"not significant",1,FALSE,"not significant"
"721","genus","Stutzerimonas",36,"group_char","control","dementia",1,50,0.02,2,0,15,0,0,1,1,FALSE,"not significant",1,FALSE,"not significant"
"722","genus","Styela",4,"group_char","control","dementia",2,50,0.04,4,0,15,0,0,1,1,FALSE,"not significant",1,FALSE,"not significant"
"723","genus","Subdoligranulum",1661,"group_char","control","dementia",28,50,0.56,56,8,15,0.533333333333333,53.3333333333333,1,1,FALSE,"not significant",1,FALSE,"not significant"
"724","genus","Suidasia",65,"group_char","control","dementia",1,50,0.02,2,0,15,0,0,1,1,FALSE,"not significant",1,FALSE,"not significant"
"725","genus","Sus",161,"group_char","control","dementia",3,50,0.06,6,0,15,0,0,1,1,FALSE,"not significant",1,FALSE,"not significant"
"726","genus","Sutterella",222,"group_char","control","dementia",8,50,0.16,16,2,15,0.133333333333333,13.3333333333333,1,1,FALSE,"not significant",1,FALSE,"not significant"
"727","genus","Syntelopodeuma",9,"group_char","control","dementia",1,50,0.02,2,0,15,0,0,1,1,FALSE,"not significant",1,FALSE,"not significant"
"728","genus","Tabanus",33,"group_char","control","dementia",2,50,0.04,4,1,15,0.0666666666666667,6.66666666666667,0.551282051282051,1,FALSE,"not significant",1,FALSE,"not significant"
"729","genus","Taipeivirus",805,"group_char","control","dementia",23,50,0.46,46,9,15,0.6,60,0.389433957719529,1,FALSE,"not significant",1,FALSE,"not significant"
"730","genus","Takifugu",89,"group_char","control","dementia",3,50,0.06,6,1,15,0.0666666666666667,6.66666666666667,1,1,FALSE,"not significant",1,FALSE,"not significant"
"731","genus","Teetrevirus",374,"group_char","control","dementia",12,50,0.24,24,1,15,0.0666666666666667,6.66666666666667,0.268260620679335,1,FALSE,"not significant",1,FALSE,"not significant"
"732","genus","Tequatrovirus",1103,"group_char","control","dementia",26,50,0.52,52,6,15,0.4,40,0.557965593995684,1,FALSE,"not significant",1,FALSE,"not significant"
"733","genus","Teseptimavirus",356,"group_char","control","dementia",19,50,0.38,38,2,15,0.133333333333333,13.3333333333333,0.115028439498938,1,FALSE,"not significant",1,FALSE,"not significant"
"734","genus","Tetraodon",98,"group_char","control","dementia",2,50,0.04,4,2,15,0.133333333333333,13.3333333333333,0.225599669148056,1,FALSE,"not significant",1,FALSE,"not significant"
"735","genus","Tetronarce",48,"group_char","control","dementia",3,50,0.06,6,0,15,0,0,1,1,FALSE,"not significant",1,FALSE,"not significant"
"736","genus","Thaumatococcus",10,"group_char","control","dementia",2,50,0.04,4,0,15,0,0,1,1,FALSE,"not significant",1,FALSE,"not significant"
"737","genus","Thogotovirus",21,"group_char","control","dementia",1,50,0.02,2,0,15,0,0,1,1,FALSE,"not significant",1,FALSE,"not significant"
"738","genus","Thunnus",33,"group_char","control","dementia",1,50,0.02,2,1,15,0.0666666666666667,6.66666666666667,0.411057692307692,1,FALSE,"not significant",1,FALSE,"not significant"
"739","genus","Tlsvirus",436,"group_char","control","dementia",24,50,0.48,48,7,15,0.466666666666667,46.6666666666667,1,1,FALSE,"not significant",1,FALSE,"not significant"
"740","genus","Toxoplasma",156,"group_char","control","dementia",7,50,0.14,14,1,15,0.0666666666666667,6.66666666666667,0.669427904317184,1,FALSE,"not significant",1,FALSE,"not significant"
"741","genus","Traversvirus",329,"group_char","control","dementia",11,50,0.22,22,1,15,0.0666666666666667,6.66666666666667,0.267244347846239,1,FALSE,"not significant",1,FALSE,"not significant"
"742","genus","Tribolium",7,"group_char","control","dementia",1,50,0.02,2,0,15,0,0,1,1,FALSE,"not significant",1,FALSE,"not significant"
"743","genus","Trichomonas",78,"group_char","control","dementia",2,50,0.04,4,0,15,0,0,1,1,FALSE,"not significant",1,FALSE,"not significant"
"744","genus","Trichophyton",117,"group_char","control","dementia",4,50,0.08,8,1,15,0.0666666666666667,6.66666666666667,1,1,FALSE,"not significant",1,FALSE,"not significant"
"745","genus","Trichosanthes",12,"group_char","control","dementia",1,50,0.02,2,0,15,0,0,1,1,FALSE,"not significant",1,FALSE,"not significant"
"746","genus","Triticum",2126,"group_char","control","dementia",22,50,0.44,44,8,15,0.533333333333333,53.3333333333333,0.566778555943351,1,FALSE,"not significant",1,FALSE,"not significant"
"747","genus","Tropheryma",16,"group_char","control","dementia",1,50,0.02,2,0,15,0,0,1,1,FALSE,"not significant",1,FALSE,"not significant"
"748","genus","Tupaia",47,"group_char","control","dementia",0,50,0,0,3,15,0.2,20,0.0104166666666667,1,FALSE,"nominal only",1,FALSE,"nominal only"
"749","genus","Tyrophagus",156,"group_char","control","dementia",4,50,0.08,8,0,15,0,0,0.56575682382134,1,FALSE,"not significant",1,FALSE,"not significant"
"750","genus","Tyzzerella",13,"group_char","control","dementia",1,50,0.02,2,0,15,0,0,1,1,FALSE,"not significant",1,FALSE,"not significant"
"751","genus","Varicellovirus",217,"group_char","control","dementia",48,50,0.96,96,14,15,0.933333333333333,93.3333333333333,0.551282051282051,1,FALSE,"not significant",1,FALSE,"not significant"
"752","genus","Veillonella",12,"group_char","control","dementia",1,50,0.02,2,0,15,0,0,1,1,FALSE,"not significant",1,FALSE,"not significant"
"753","genus","Vesiculovirus",61,"group_char","control","dementia",1,50,0.02,2,1,15,0.0666666666666667,6.66666666666667,0.411057692307692,1,FALSE,"not significant",1,FALSE,"not significant"
"754","genus","Vespula",171,"group_char","control","dementia",8,50,0.16,16,1,15,0.0666666666666667,6.66666666666667,0.671913408796002,1,FALSE,"not significant",1,FALSE,"not significant"
"755","genus","Vibrio",5571,"group_char","control","dementia",50,50,1,100,15,15,1,100,1,1,FALSE,"not significant",1,FALSE,"not significant"
"756","genus","Victivallis",6,"group_char","control","dementia",2,50,0.04,4,0,15,0,0,1,1,FALSE,"not significant",1,FALSE,"not significant"
"757","genus","Vigna",65,"group_char","control","dementia",1,50,0.02,2,0,15,0,0,1,1,FALSE,"not significant",1,FALSE,"not significant"
"758","genus","Vitis",225,"group_char","control","dementia",3,50,0.06,6,1,15,0.0666666666666667,6.66666666666667,1,1,FALSE,"not significant",1,FALSE,"not significant"
"759","genus","Xanthomonas",55,"group_char","control","dementia",2,50,0.04,4,0,15,0,0,1,1,FALSE,"not significant",1,FALSE,"not significant"
"760","genus","Yersinia",1124,"group_char","control","dementia",33,50,0.66,66,10,15,0.666666666666667,66.6666666666667,1,1,FALSE,"not significant",1,FALSE,"not significant"
"761","genus","Zea",378,"group_char","control","dementia",6,50,0.12,12,6,15,0.4,40,0.0235241951764329,1,FALSE,"nominal only",1,FALSE,"nominal only"
"762","order","Acholeplasmatales",70,"group_char","control","dementia",5,50,0.1,10,0,15,0,0,0.581773990155799,1,FALSE,"not significant",1,FALSE,"not significant"
"763","order","Acidaminococcales",197,"group_char","control","dementia",5,50,0.1,10,0,15,0,0,0.581773990155799,1,FALSE,"not significant",1,FALSE,"not significant"
"764","order","Agaricales",40,"group_char","control","dementia",2,50,0.04,4,0,15,0,0,1,1,FALSE,"not significant",1,FALSE,"not significant"
"765","order","Amarillovirales",894,"group_char","control","dementia",22,50,0.44,44,4,15,0.266666666666667,26.6666666666667,0.367912891319699,1,FALSE,"not significant",1,FALSE,"not significant"
"766","order","Anostraca",18,"group_char","control","dementia",3,50,0.06,6,0,15,0,0,1,1,FALSE,"not significant",1,FALSE,"not significant"
"767","order","Anseriformes",56,"group_char","control","dementia",4,50,0.08,8,0,15,0,0,0.56575682382134,1,FALSE,"not significant",1,FALSE,"not significant"
"768","order","Anura",15,"group_char","control","dementia",2,50,0.04,4,0,15,0,0,1,1,FALSE,"not significant",1,FALSE,"not significant"
"769","order","Apiales",122,"group_char","control","dementia",5,50,0.1,10,1,15,0.0666666666666667,6.66666666666667,1,1,FALSE,"not significant",1,FALSE,"not significant"
"770","order","Articulavirales",1313,"group_char","control","dementia",48,50,0.96,96,12,15,0.8,80,0.0761061166931077,1,FALSE,"not significant",1,FALSE,"not significant"
"771","order","Artiodactyla",1236,"group_char","control","dementia",30,50,0.6,60,7,15,0.466666666666667,46.6666666666667,0.388473397792424,1,FALSE,"not significant",1,FALSE,"not significant"
"772","order","Asparagales",104,"group_char","control","dementia",2,50,0.04,4,0,15,0,0,1,1,FALSE,"not significant",1,FALSE,"not significant"
"773","order","Asterales",280,"group_char","control","dementia",6,50,0.12,12,0,15,0,0,0.322473864052394,1,FALSE,"not significant",1,FALSE,"not significant"
"774","order","Bacillales",7902,"group_char","control","dementia",50,50,1,100,15,15,1,100,1,1,FALSE,"not significant",1,FALSE,"not significant"
"775","order","Bacteroidales",91525,"group_char","control","dementia",50,50,1,100,15,15,1,100,1,1,FALSE,"not significant",1,FALSE,"not significant"
"776","order","Beloniformes",95,"group_char","control","dementia",2,50,0.04,4,1,15,0.0666666666666667,6.66666666666667,0.551282051282051,1,FALSE,"not significant",1,FALSE,"not significant"
"777","order","Bifidobacteriales",5455,"group_char","control","dementia",50,50,1,100,15,15,1,100,1,1,FALSE,"not significant",1,FALSE,"not significant"
"778","order","Blattodea",579,"group_char","control","dementia",14,50,0.28,28,4,15,0.266666666666667,26.6666666666667,1,1,FALSE,"not significant",1,FALSE,"not significant"
"779","order","Brassicales",221,"group_char","control","dementia",7,50,0.14,14,2,15,0.133333333333333,13.3333333333333,1,1,FALSE,"not significant",1,FALSE,"not significant"
"780","order","Burkholderiales",2397,"group_char","control","dementia",47,50,0.94,94,12,15,0.8,80,0.130089899524061,1,FALSE,"not significant",1,FALSE,"not significant"
"781","order","Camarodonta",45,"group_char","control","dementia",1,50,0.02,2,0,15,0,0,1,1,FALSE,"not significant",1,FALSE,"not significant"
"782","order","Campylobacterales",4347,"group_char","control","dementia",49,50,0.98,98,13,15,0.866666666666667,86.6666666666667,0.130608974358974,1,FALSE,"not significant",1,FALSE,"not significant"
"783","order","Candidatus Gastranaerophilales",125,"group_char","control","dementia",11,50,0.22,22,0,15,0,0,0.0553840228251569,1,FALSE,"not significant",1,FALSE,"not significant"
"784","order","Cardiida",16,"group_char","control","dementia",1,50,0.02,2,0,15,0,0,1,1,FALSE,"not significant",1,FALSE,"not significant"
"785","order","Carnivora",194,"group_char","control","dementia",1,50,0.02,2,0,15,0,0,1,1,FALSE,"not significant",1,FALSE,"not significant"
"786","order","Caryophyllales",281,"group_char","control","dementia",8,50,0.16,16,2,15,0.133333333333333,13.3333333333333,1,1,FALSE,"not significant",1,FALSE,"not significant"
"787","order","Chlamydiales",409,"group_char","control","dementia",20,50,0.4,40,1,15,0.0666666666666667,6.66666666666667,0.0248529602860298,1,FALSE,"nominal only",1,FALSE,"nominal only"
"788","order","Chordeumatida",9,"group_char","control","dementia",1,50,0.02,2,0,15,0,0,1,1,FALSE,"not significant",1,FALSE,"not significant"
"789","order","Christensenellales",12,"group_char","control","dementia",2,50,0.04,4,0,15,0,0,1,1,FALSE,"not significant",1,FALSE,"not significant"
"790","order","Cichliformes",105,"group_char","control","dementia",0,50,0,0,1,15,0.0666666666666667,6.66666666666667,0.230769230769231,1,FALSE,"not significant",1,FALSE,"not significant"
"791","order","Cladosporiales",125,"group_char","control","dementia",8,50,0.16,16,0,15,0,0,0.181590444293655,1,FALSE,"not significant",1,FALSE,"not significant"
"792","order","Coleoptera",23,"group_char","control","dementia",1,50,0.02,2,1,15,0.0666666666666667,6.66666666666667,0.411057692307692,1,FALSE,"not significant",1,FALSE,"not significant"
"793","order","Coriobacteriales",410,"group_char","control","dementia",39,50,0.78,78,13,15,0.866666666666667,86.6666666666667,0.715372654351685,1,FALSE,"not significant",1,FALSE,"not significant"
"794","order","Cucurbitales",73,"group_char","control","dementia",3,50,0.06,6,0,15,0,0,1,1,FALSE,"not significant",1,FALSE,"not significant"
"795","order","Cupressales",339,"group_char","control","dementia",3,50,0.06,6,1,15,0.0666666666666667,6.66666666666667,1,1,FALSE,"not significant",1,FALSE,"not significant"
"796","order","Cyclophyllidea",110,"group_char","control","dementia",5,50,0.1,10,3,15,0.2,20,0.372587655132615,1,FALSE,"not significant",1,FALSE,"not significant"
"797","order","Cypriniformes",196,"group_char","control","dementia",7,50,0.14,14,0,15,0,0,0.187554625848417,1,FALSE,"not significant",1,FALSE,"not significant"
"798","order","Decapoda",388,"group_char","control","dementia",8,50,0.16,16,2,15,0.133333333333333,13.3333333333333,1,1,FALSE,"not significant",1,FALSE,"not significant"
"799","order","Didelphimorphia",1,"group_char","control","dementia",1,50,0.02,2,0,15,0,0,1,1,FALSE,"not significant",1,FALSE,"not significant"
"800","order","Diptera",1161,"group_char","control","dementia",20,50,0.4,40,5,15,0.333333333333333,33.3333333333333,0.766480550955951,1,FALSE,"not significant",1,FALSE,"not significant"
"801","order","Eggerthellales",11,"group_char","control","dementia",0,50,0,0,1,15,0.0666666666666667,6.66666666666667,0.230769230769231,1,FALSE,"not significant",1,FALSE,"not significant"
"802","order","Enterobacterales",17148,"group_char","control","dementia",50,50,1,100,15,15,1,100,1,1,FALSE,"not significant",1,FALSE,"not significant"
"803","order","Ericales",374,"group_char","control","dementia",26,50,0.52,52,6,15,0.4,40,0.557965593995684,1,FALSE,"not significant",1,FALSE,"not significant"
"804","order","Erysipelotrichales",332,"group_char","control","dementia",14,50,0.28,28,1,15,0.0666666666666667,6.66666666666667,0.159334766198391,1,FALSE,"not significant",1,FALSE,"not significant"
"805","order","Esociformes",19,"group_char","control","dementia",0,50,0,0,1,15,0.0666666666666667,6.66666666666667,0.230769230769231,1,FALSE,"not significant",1,FALSE,"not significant"
"806","order","Eubacteriales",29452,"group_char","control","dementia",50,50,1,100,15,15,1,100,1,1,FALSE,"not significant",1,FALSE,"not significant"
"807","order","Eucoccidiorida",174,"group_char","control","dementia",7,50,0.14,14,1,15,0.0666666666666667,6.66666666666667,0.669427904317184,1,FALSE,"not significant",1,FALSE,"not significant"
"808","order","Euphausiacea",11,"group_char","control","dementia",1,50,0.02,2,0,15,0,0,1,1,FALSE,"not significant",1,FALSE,"not significant"
"809","order","Eurotiales",1441,"group_char","control","dementia",30,50,0.6,60,9,15,0.6,60,1,1,FALSE,"not significant",1,FALSE,"not significant"
"810","order","Fabales",1495,"group_char","control","dementia",27,50,0.54,54,8,15,0.533333333333333,53.3333333333333,1,1,FALSE,"not significant",1,FALSE,"not significant"
"811","order","Fagales",604,"group_char","control","dementia",14,50,0.28,28,1,15,0.0666666666666667,6.66666666666667,0.159334766198391,1,FALSE,"not significant",1,FALSE,"not significant"
"812","order","Flavobacteriales",38,"group_char","control","dementia",7,50,0.14,14,1,15,0.0666666666666667,6.66666666666667,0.669427904317184,1,FALSE,"not significant",1,FALSE,"not significant"
"813","order","Fusobacteriales",142,"group_char","control","dementia",1,50,0.02,2,1,15,0.0666666666666667,6.66666666666667,0.411057692307692,1,FALSE,"not significant",1,FALSE,"not significant"
"814","order","Gadiformes",107,"group_char","control","dementia",3,50,0.06,6,0,15,0,0,1,1,FALSE,"not significant",1,FALSE,"not significant"
"815","order","Galliformes",594,"group_char","control","dementia",26,50,0.52,52,6,15,0.4,40,0.557965593995684,1,FALSE,"not significant",1,FALSE,"not significant"
"816","order","Gobiiformes",15,"group_char","control","dementia",1,50,0.02,2,0,15,0,0,1,1,FALSE,"not significant",1,FALSE,"not significant"
"817","order","Haemosporida",6196,"group_char","control","dementia",42,50,0.84,84,11,15,0.733333333333333,73.3333333333333,0.449189193563535,1,FALSE,"not significant",1,FALSE,"not significant"
"818","order","Hemiptera",56,"group_char","control","dementia",4,50,0.08,8,2,15,0.133333333333333,13.3333333333333,0.615232070943335,1,FALSE,"not significant",1,FALSE,"not significant"
"819","order","Hepelivirales",220,"group_char","control","dementia",5,50,0.1,10,2,15,0.133333333333333,13.3333333333333,0.657621758042798,1,FALSE,"not significant",1,FALSE,"not significant"
"820","order","Herpesvirales",3114,"group_char","control","dementia",50,50,1,100,15,15,1,100,1,1,FALSE,"not significant",1,FALSE,"not significant"
"821","order","Hymenoptera",1030,"group_char","control","dementia",16,50,0.32,32,3,15,0.2,20,0.522079219652274,1,FALSE,"not significant",1,FALSE,"not significant"
"822","order","Hyphomicrobiales",798,"group_char","control","dementia",30,50,0.6,60,6,15,0.4,40,0.238262490435802,1,FALSE,"not significant",1,FALSE,"not significant"
"823","order","Hypocreales",202,"group_char","control","dementia",9,50,0.18,18,2,15,0.133333333333333,13.3333333333333,1,1,FALSE,"not significant",1,FALSE,"not significant"
"824","order","Ixodida",55,"group_char","control","dementia",1,50,0.02,2,0,15,0,0,1,1,FALSE,"not significant",1,FALSE,"not significant"
"825","order","Kalamavirales",140,"group_char","control","dementia",3,50,0.06,6,0,15,0,0,1,1,FALSE,"not significant",1,FALSE,"not significant"
"826","order","Kitasatosporales",65,"group_char","control","dementia",0,50,0,0,1,15,0.0666666666666667,6.66666666666667,0.230769230769231,1,FALSE,"not significant",1,FALSE,"not significant"
"827","order","Lachnospirales",35963,"group_char","control","dementia",50,50,1,100,15,15,1,100,1,1,FALSE,"not significant",1,FALSE,"not significant"
"828","order","Lactobacillales",12376,"group_char","control","dementia",50,50,1,100,15,15,1,100,1,1,FALSE,"not significant",1,FALSE,"not significant"
"829","order","Lagomorpha",188,"group_char","control","dementia",8,50,0.16,16,1,15,0.0666666666666667,6.66666666666667,0.671913408796002,1,FALSE,"not significant",1,FALSE,"not significant"
"830","order","Lamiales",415,"group_char","control","dementia",5,50,0.1,10,0,15,0,0,0.581773990155799,1,FALSE,"not significant",1,FALSE,"not significant"
"831","order","Legionellales",4021,"group_char","control","dementia",42,50,0.84,84,11,15,0.733333333333333,73.3333333333333,0.449189193563535,1,FALSE,"not significant",1,FALSE,"not significant"
"832","order","Lepetellida",45,"group_char","control","dementia",1,50,0.02,2,0,15,0,0,1,1,FALSE,"not significant",1,FALSE,"not significant"
"833","order","Lepidoptera",76,"group_char","control","dementia",3,50,0.06,6,0,15,0,0,1,1,FALSE,"not significant",1,FALSE,"not significant"
"834","order","Leptospirales",98,"group_char","control","dementia",3,50,0.06,6,1,15,0.0666666666666667,6.66666666666667,1,1,FALSE,"not significant",1,FALSE,"not significant"
"835","order","Lysobacterales",81,"group_char","control","dementia",2,50,0.04,4,0,15,0,0,1,1,FALSE,"not significant",1,FALSE,"not significant"
"836","order","Malasseziales",214,"group_char","control","dementia",7,50,0.14,14,1,15,0.0666666666666667,6.66666666666667,0.669427904317184,1,FALSE,"not significant",1,FALSE,"not significant"
"837","order","Malpighiales",356,"group_char","control","dementia",3,50,0.06,6,1,15,0.0666666666666667,6.66666666666667,1,1,FALSE,"not significant",1,FALSE,"not significant"
"838","order","Malvales",19,"group_char","control","dementia",1,50,0.02,2,1,15,0.0666666666666667,6.66666666666667,0.411057692307692,1,FALSE,"not significant",1,FALSE,"not significant"
"839","order","Mantodea",23,"group_char","control","dementia",2,50,0.04,4,0,15,0,0,1,1,FALSE,"not significant",1,FALSE,"not significant"
"840","order","Martellivirales",130,"group_char","control","dementia",4,50,0.08,8,2,15,0.133333333333333,13.3333333333333,0.615232070943335,1,FALSE,"not significant",1,FALSE,"not significant"
"841","order","Mastigamoebida",67,"group_char","control","dementia",7,50,0.14,14,2,15,0.133333333333333,13.3333333333333,1,1,FALSE,"not significant",1,FALSE,"not significant"
"842","order","Micrococcales",16,"group_char","control","dementia",1,50,0.02,2,0,15,0,0,1,1,FALSE,"not significant",1,FALSE,"not significant"
"843","order","Mononegavirales",622,"group_char","control","dementia",49,50,0.98,98,15,15,1,100,1,1,FALSE,"not significant",1,FALSE,"not significant"
"844","order","Moraxellales",125,"group_char","control","dementia",1,50,0.02,2,1,15,0.0666666666666667,6.66666666666667,0.411057692307692,1,FALSE,"not significant",1,FALSE,"not significant"
"845","order","Mucorales",41,"group_char","control","dementia",0,50,0,0,1,15,0.0666666666666667,6.66666666666667,0.230769230769231,1,FALSE,"not significant",1,FALSE,"not significant"
"846","order","Mycobacteriales",3590,"group_char","control","dementia",35,50,0.7,70,9,15,0.6,60,0.535179127620217,1,FALSE,"not significant",1,FALSE,"not significant"
"847","order","Mycoplasmoidales",536,"group_char","control","dementia",39,50,0.78,78,8,15,0.533333333333333,53.3333333333333,0.0976766954411449,1,FALSE,"not significant",1,FALSE,"not significant"
"848","order","Myopsida",16,"group_char","control","dementia",2,50,0.04,4,1,15,0.0666666666666667,6.66666666666667,0.551282051282051,1,FALSE,"not significant",1,FALSE,"not significant"
"849","order","Mytilida",38,"group_char","control","dementia",2,50,0.04,4,0,15,0,0,1,1,FALSE,"not significant",1,FALSE,"not significant"
"850","order","Neisseriales",584,"group_char","control","dementia",37,50,0.74,74,10,15,0.666666666666667,66.6666666666667,0.742994546037264,1,FALSE,"not significant",1,FALSE,"not significant"
"851","order","Nidovirales",13436,"group_char","control","dementia",50,50,1,100,15,15,1,100,1,1,FALSE,"not significant",1,FALSE,"not significant"
"852","order","Octopoda",24,"group_char","control","dementia",1,50,0.02,2,0,15,0,0,1,1,FALSE,"not significant",1,FALSE,"not significant"
"853","order","Onygenales",137,"group_char","control","dementia",5,50,0.1,10,1,15,0.0666666666666667,6.66666666666667,1,1,FALSE,"not significant",1,FALSE,"not significant"
"854","order","Ortervirales",441,"group_char","control","dementia",7,50,0.14,14,1,15,0.0666666666666667,6.66666666666667,0.669427904317184,1,FALSE,"not significant",1,FALSE,"not significant"
"855","order","Orthoptera",8,"group_char","control","dementia",1,50,0.02,2,0,15,0,0,1,1,FALSE,"not significant",1,FALSE,"not significant"
"856","order","Oscillatoriales",22,"group_char","control","dementia",2,50,0.04,4,0,15,0,0,1,1,FALSE,"not significant",1,FALSE,"not significant"
"857","order","Pasteurellales",1931,"group_char","control","dementia",47,50,0.94,94,14,15,0.933333333333333,93.3333333333333,1,1,FALSE,"not significant",1,FALSE,"not significant"
"858","order","Pectinida",36,"group_char","control","dementia",1,50,0.02,2,0,15,0,0,1,1,FALSE,"not significant",1,FALSE,"not significant"
"859","order","Peptostreptococcales",373,"group_char","control","dementia",19,50,0.38,38,2,15,0.133333333333333,13.3333333333333,0.115028439498938,1,FALSE,"not significant",1,FALSE,"not significant"
"860","order","Perciformes",175,"group_char","control","dementia",8,50,0.16,16,1,15,0.0666666666666667,6.66666666666667,0.671913408796002,1,FALSE,"not significant",1,FALSE,"not significant"
"861","order","Perissodactyla",137,"group_char","control","dementia",4,50,0.08,8,0,15,0,0,0.56575682382134,1,FALSE,"not significant",1,FALSE,"not significant"
"862","order","Phasmatodea",21,"group_char","control","dementia",2,50,0.04,4,0,15,0,0,1,1,FALSE,"not significant",1,FALSE,"not significant"
"863","order","Phthiraptera",13,"group_char","control","dementia",1,50,0.02,2,0,15,0,0,1,1,FALSE,"not significant",1,FALSE,"not significant"
"864","order","Piccovirales",98,"group_char","control","dementia",5,50,0.1,10,0,15,0,0,0.581773990155799,1,FALSE,"not significant",1,FALSE,"not significant"
"865","order","Picornavirales",1191,"group_char","control","dementia",50,50,1,100,15,15,1,100,1,1,FALSE,"not significant",1,FALSE,"not significant"
"866","order","Pinales",22,"group_char","control","dementia",3,50,0.06,6,1,15,0.0666666666666667,6.66666666666667,1,1,FALSE,"not significant",1,FALSE,"not significant"
"867","order","Pleosporales",481,"group_char","control","dementia",21,50,0.42,42,4,15,0.266666666666667,26.6666666666667,0.371040383940825,1,FALSE,"not significant",1,FALSE,"not significant"
"868","order","Pleuronectiformes",69,"group_char","control","dementia",2,50,0.04,4,0,15,0,0,1,1,FALSE,"not significant",1,FALSE,"not significant"
"869","order","Poales",4886,"group_char","control","dementia",40,50,0.8,80,12,15,0.8,80,1,1,FALSE,"not significant",1,FALSE,"not significant"
"870","order","Primates",22406,"group_char","control","dementia",50,50,1,100,15,15,1,100,1,1,FALSE,"not significant",1,FALSE,"not significant"
"871","order","Proteales",39,"group_char","control","dementia",2,50,0.04,4,0,15,0,0,1,1,FALSE,"not significant",1,FALSE,"not significant"
"872","order","Pseudomonadales",2373,"group_char","control","dementia",45,50,0.9,90,15,15,1,100,0.581773990155799,1,FALSE,"not significant",1,FALSE,"not significant"
"873","order","Reovirales",66,"group_char","control","dementia",1,50,0.02,2,0,15,0,0,1,1,FALSE,"not significant",1,FALSE,"not significant"
"874","order","Rhabditida",423,"group_char","control","dementia",7,50,0.14,14,1,15,0.0666666666666667,6.66666666666667,0.669427904317184,1,FALSE,"not significant",1,FALSE,"not significant"
"875","order","Rhodospirillales",112,"group_char","control","dementia",1,50,0.02,2,1,15,0.0666666666666667,6.66666666666667,0.411057692307692,1,FALSE,"not significant",1,FALSE,"not significant"
"876","order","Rickettsiales",230,"group_char","control","dementia",8,50,0.16,16,1,15,0.0666666666666667,6.66666666666667,0.671913408796002,1,FALSE,"not significant",1,FALSE,"not significant"
"877","order","Rodentia",1083,"group_char","control","dementia",20,50,0.4,40,6,15,0.4,40,1,1,FALSE,"not significant",1,FALSE,"not significant"
"878","order","Rosales",638,"group_char","control","dementia",6,50,0.12,12,2,15,0.133333333333333,13.3333333333333,1,1,FALSE,"not significant",1,FALSE,"not significant"
"879","order","Rowavirales",134,"group_char","control","dementia",43,50,0.86,86,13,15,0.866666666666667,86.6666666666667,1,1,FALSE,"not significant",1,FALSE,"not significant"
"880","order","Saccharomycetales",78,"group_char","control","dementia",1,50,0.02,2,0,15,0,0,1,1,FALSE,"not significant",1,FALSE,"not significant"
"881","order","Salmoniformes",372,"group_char","control","dementia",16,50,0.32,32,1,15,0.0666666666666667,6.66666666666667,0.0904423532776791,1,FALSE,"not significant",1,FALSE,"not significant"
"882","order","Sapindales",135,"group_char","control","dementia",8,50,0.16,16,4,15,0.266666666666667,26.6666666666667,0.449189193563535,1,FALSE,"not significant",1,FALSE,"not significant"
"883","order","Sarcoptiformes",1794,"group_char","control","dementia",19,50,0.38,38,4,15,0.266666666666667,26.6666666666667,0.544187284061686,1,FALSE,"not significant",1,FALSE,"not significant"
"884","order","Scandentia",47,"group_char","control","dementia",0,50,0,0,3,15,0.2,20,0.0104166666666667,1,FALSE,"nominal only",1,FALSE,"nominal only"
"885","order","Scombriformes",46,"group_char","control","dementia",1,50,0.02,2,1,15,0.0666666666666667,6.66666666666667,0.411057692307692,1,FALSE,"not significant",1,FALSE,"not significant"
"886","order","Selenomonadales",104,"group_char","control","dementia",7,50,0.14,14,0,15,0,0,0.187554625848417,1,FALSE,"not significant",1,FALSE,"not significant"
"887","order","Sepiida",21,"group_char","control","dementia",1,50,0.02,2,0,15,0,0,1,1,FALSE,"not significant",1,FALSE,"not significant"
"888","order","Serinales",171,"group_char","control","dementia",7,50,0.14,14,0,15,0,0,0.187554625848417,1,FALSE,"not significant",1,FALSE,"not significant"
"889","order","Siphonaptera",46,"group_char","control","dementia",1,50,0.02,2,0,15,0,0,1,1,FALSE,"not significant",1,FALSE,"not significant"
"890","order","Solanales",528,"group_char","control","dementia",10,50,0.2,20,3,15,0.2,20,1,1,FALSE,"not significant",1,FALSE,"not significant"
"891","order","Spariformes",22,"group_char","control","dementia",1,50,0.02,2,0,15,0,0,1,1,FALSE,"not significant",1,FALSE,"not significant"
"892","order","Spirochaetales",237,"group_char","control","dementia",9,50,0.18,18,4,15,0.266666666666667,26.6666666666667,0.476524532129322,1,FALSE,"not significant",1,FALSE,"not significant"
"893","order","Sporidiobolales",23,"group_char","control","dementia",1,50,0.02,2,0,15,0,0,1,1,FALSE,"not significant",1,FALSE,"not significant"
"894","order","Squamata",15,"group_char","control","dementia",1,50,0.02,2,0,15,0,0,1,1,FALSE,"not significant",1,FALSE,"not significant"
"895","order","Stolidobranchia",4,"group_char","control","dementia",2,50,0.04,4,0,15,0,0,1,1,FALSE,"not significant",1,FALSE,"not significant"
"896","order","Strigeidida",122,"group_char","control","dementia",1,50,0.02,2,1,15,0.0666666666666667,6.66666666666667,0.411057692307692,1,FALSE,"not significant",1,FALSE,"not significant"
"897","order","Struthioniformes",26,"group_char","control","dementia",4,50,0.08,8,1,15,0.0666666666666667,6.66666666666667,1,1,FALSE,"not significant",1,FALSE,"not significant"
"898","order","Tetraodontiformes",187,"group_char","control","dementia",4,50,0.08,8,2,15,0.133333333333333,13.3333333333333,0.615232070943335,1,FALSE,"not significant",1,FALSE,"not significant"
"899","order","Thiotrichales",86,"group_char","control","dementia",3,50,0.06,6,1,15,0.0666666666666667,6.66666666666667,1,1,FALSE,"not significant",1,FALSE,"not significant"
"900","order","Torpediniformes",48,"group_char","control","dementia",3,50,0.06,6,0,15,0,0,1,1,FALSE,"not significant",1,FALSE,"not significant"
"901","order","Trichomonadida",78,"group_char","control","dementia",2,50,0.04,4,0,15,0,0,1,1,FALSE,"not significant",1,FALSE,"not significant"
"902","order","Trypanosomatida",155,"group_char","control","dementia",5,50,0.1,10,1,15,0.0666666666666667,6.66666666666667,1,1,FALSE,"not significant",1,FALSE,"not significant"
"903","order","Veillonellales",722,"group_char","control","dementia",34,50,0.68,68,8,15,0.533333333333333,53.3333333333333,0.361405242582662,1,FALSE,"not significant",1,FALSE,"not significant"
"904","order","Venerida",24,"group_char","control","dementia",1,50,0.02,2,2,15,0.133333333333333,13.3333333333333,0.130608974358974,1,FALSE,"not significant",1,FALSE,"not significant"
"905","order","Verrucomicrobiales",4444,"group_char","control","dementia",49,50,0.98,98,14,15,0.933333333333333,93.3333333333333,0.411057692307692,1,FALSE,"not significant",1,FALSE,"not significant"
"906","order","Vibrionales",5700,"group_char","control","dementia",50,50,1,100,15,15,1,100,1,1,FALSE,"not significant",1,FALSE,"not significant"
"907","order","Victivallales",14,"group_char","control","dementia",2,50,0.04,4,0,15,0,0,1,1,FALSE,"not significant",1,FALSE,"not significant"
"908","order","Vitales",225,"group_char","control","dementia",3,50,0.06,6,1,15,0.0666666666666667,6.66666666666667,1,1,FALSE,"not significant",1,FALSE,"not significant"
"909","order","Xiphosura",17,"group_char","control","dementia",1,50,0.02,2,0,15,0,0,1,1,FALSE,"not significant",1,FALSE,"not significant"
"910","order","Zingiberales",149,"group_char","control","dementia",3,50,0.06,6,1,15,0.0666666666666667,6.66666666666667,1,1,FALSE,"not significant",1,FALSE,"not significant"
"911","order","Zurhausenvirales",246,"group_char","control","dementia",18,50,0.36,36,4,15,0.266666666666667,26.6666666666667,0.756522400182018,1,FALSE,"not significant",1,FALSE,"not significant"
"912","order","Zygentoma",11,"group_char","control","dementia",0,50,0,0,1,15,0.0666666666666667,6.66666666666667,0.230769230769231,1,FALSE,"not significant",1,FALSE,"not significant"
"913","phylum","Actinomycetota",9591,"group_char","control","dementia",50,50,1,100,15,15,1,100,1,1,FALSE,"not significant",1,FALSE,"not significant"
"914","phylum","Apicomplexa",6393,"group_char","control","dementia",43,50,0.86,86,11,15,0.733333333333333,73.3333333333333,0.26102401124052,1,FALSE,"not significant",1,FALSE,"not significant"
"915","phylum","Arthropoda",5413,"group_char","control","dementia",36,50,0.72,72,11,15,0.733333333333333,73.3333333333333,1,1,FALSE,"not significant",1,FALSE,"not significant"
"916","phylum","Artverviricota",508,"group_char","control","dementia",7,50,0.14,14,1,15,0.0666666666666667,6.66666666666667,0.669427904317184,1,FALSE,"not significant",1,FALSE,"not significant"
"917","phylum","Ascomycota",2685,"group_char","control","dementia",36,50,0.72,72,10,15,0.666666666666667,66.6666666666667,0.750650027644664,1,FALSE,"not significant",1,FALSE,"not significant"
"918","phylum","Bacillota",90775,"group_char","control","dementia",50,50,1,100,15,15,1,100,1,1,FALSE,"not significant",1,FALSE,"not significant"
"919","phylum","Bacteroidota",91620,"group_char","control","dementia",50,50,1,100,15,15,1,100,1,1,FALSE,"not significant",1,FALSE,"not significant"
"920","phylum","Basidiomycota",281,"group_char","control","dementia",9,50,0.18,18,1,15,0.0666666666666667,6.66666666666667,0.431218930427593,1,FALSE,"not significant",1,FALSE,"not significant"
"921","phylum","Campylobacterota",4347,"group_char","control","dementia",49,50,0.98,98,13,15,0.866666666666667,86.6666666666667,0.130608974358974,1,FALSE,"not significant",1,FALSE,"not significant"
"922","phylum","Candidatus Melainabacteria",125,"group_char","control","dementia",11,50,0.22,22,0,15,0,0,0.0553840228251569,0.996912410852824,FALSE,"not significant",1,FALSE,"not significant"
"923","phylum","Chlamydiota",409,"group_char","control","dementia",20,50,0.4,40,1,15,0.0666666666666667,6.66666666666667,0.0248529602860298,0.894706570297074,FALSE,"nominal only",1,FALSE,"nominal only"
"924","phylum","Chordata",27703,"group_char","control","dementia",50,50,1,100,15,15,1,100,1,1,FALSE,"not significant",1,FALSE,"not significant"
"925","phylum","Cossaviricota",344,"group_char","control","dementia",20,50,0.4,40,4,15,0.266666666666667,26.6666666666667,0.542827298634014,1,FALSE,"not significant",1,FALSE,"not significant"
"926","phylum","Cyanobacteriota",51,"group_char","control","dementia",2,50,0.04,4,0,15,0,0,1,1,FALSE,"not significant",1,FALSE,"not significant"
"927","phylum","Duplornaviricota",66,"group_char","control","dementia",1,50,0.02,2,0,15,0,0,1,1,FALSE,"not significant",1,FALSE,"not significant"
"928","phylum","Echinodermata",45,"group_char","control","dementia",1,50,0.02,2,0,15,0,0,1,1,FALSE,"not significant",1,FALSE,"not significant"
"929","phylum","Euglenozoa",155,"group_char","control","dementia",5,50,0.1,10,1,15,0.0666666666666667,6.66666666666667,1,1,FALSE,"not significant",1,FALSE,"not significant"
"930","phylum","Evosea",67,"group_char","control","dementia",7,50,0.14,14,2,15,0.133333333333333,13.3333333333333,1,1,FALSE,"not significant",1,FALSE,"not significant"
"931","phylum","Fusobacteriota",142,"group_char","control","dementia",1,50,0.02,2,1,15,0.0666666666666667,6.66666666666667,0.411057692307692,1,FALSE,"not significant",1,FALSE,"not significant"
"932","phylum","Kitrinoviricota",1254,"group_char","control","dementia",27,50,0.54,54,6,15,0.4,40,0.389433957719529,1,FALSE,"not significant",1,FALSE,"not significant"
"933","phylum","Lentisphaerota",47,"group_char","control","dementia",2,50,0.04,4,0,15,0,0,1,1,FALSE,"not significant",1,FALSE,"not significant"
"934","phylum","Mollusca",295,"group_char","control","dementia",7,50,0.14,14,3,15,0.2,20,0.685095459335449,1,FALSE,"not significant",1,FALSE,"not significant"
"935","phylum","Mucoromycota",41,"group_char","control","dementia",0,50,0,0,1,15,0.0666666666666667,6.66666666666667,0.230769230769231,1,FALSE,"not significant",1,FALSE,"not significant"
"936","phylum","Mycoplasmatota",606,"group_char","control","dementia",39,50,0.78,78,8,15,0.533333333333333,53.3333333333333,0.0976766954411449,1,FALSE,"not significant",1,FALSE,"not significant"
"937","phylum","Negarnaviricota",1999,"group_char","control","dementia",50,50,1,100,15,15,1,100,1,1,FALSE,"not significant",1,FALSE,"not significant"
"938","phylum","Nematoda",431,"group_char","control","dementia",7,50,0.14,14,1,15,0.0666666666666667,6.66666666666667,0.669427904317184,1,FALSE,"not significant",1,FALSE,"not significant"
"939","phylum","Parabasalia",78,"group_char","control","dementia",2,50,0.04,4,0,15,0,0,1,1,FALSE,"not significant",1,FALSE,"not significant"
"940","phylum","Peploviricota",3114,"group_char","control","dementia",50,50,1,100,15,15,1,100,1,1,FALSE,"not significant",1,FALSE,"not significant"
"941","phylum","Pisuviricota",14627,"group_char","control","dementia",50,50,1,100,15,15,1,100,1,1,FALSE,"not significant",1,FALSE,"not significant"
"942","phylum","Platyhelminthes",246,"group_char","control","dementia",6,50,0.12,12,3,15,0.2,20,0.419989776264361,1,FALSE,"not significant",1,FALSE,"not significant"
"943","phylum","Preplasmiviricota",274,"group_char","control","dementia",44,50,0.88,88,13,15,0.866666666666667,86.6666666666667,1,1,FALSE,"not significant",1,FALSE,"not significant"
"944","phylum","Pseudomonadota",35717,"group_char","control","dementia",50,50,1,100,15,15,1,100,1,1,FALSE,"not significant",1,FALSE,"not significant"
"945","phylum","Spirochaetota",335,"group_char","control","dementia",12,50,0.24,24,5,15,0.333333333333333,33.3333333333333,0.512229889175828,1,FALSE,"not significant",1,FALSE,"not significant"
"946","phylum","Streptophyta",11429,"group_char","control","dementia",48,50,0.96,96,15,15,1,100,1,1,FALSE,"not significant",1,FALSE,"not significant"
"947","phylum","Uroviricota",40106,"group_char","control","dementia",50,50,1,100,15,15,1,100,1,1,FALSE,"not significant",1,FALSE,"not significant"
"948","phylum","Verrucomicrobiota",4473,"group_char","control","dementia",49,50,0.98,98,14,15,0.933333333333333,93.3333333333333,0.411057692307692,1,FALSE,"not significant",1,FALSE,"not significant"
"949","species","Acadevirus PM93",400,"group_char","control","dementia",7,50,0.14,14,1,15,0.0666666666666667,6.66666666666667,0.669427904317184,1,FALSE,"not significant",1,FALSE,"not significant"
"950","species","Acarus siro",91,"group_char","control","dementia",0,50,0,0,1,15,0.0666666666666667,6.66666666666667,0.230769230769231,1,FALSE,"not significant",1,FALSE,"not significant"
"951","species","Acetivibrio ethanolgignens",8,"group_char","control","dementia",1,50,0.02,2,0,15,0,0,1,1,FALSE,"not significant",1,FALSE,"not significant"
"952","species","Acholeplasmatales bacterium",70,"group_char","control","dementia",5,50,0.1,10,0,15,0,0,0.581773990155799,1,FALSE,"not significant",1,FALSE,"not significant"
"953","species","Acidaminococcus sp. (strain BV3L6)",38,"group_char","control","dementia",1,50,0.02,2,0,15,0,0,1,1,FALSE,"not significant",1,FALSE,"not significant"
"954","species","Actinidia arguta",26,"group_char","control","dementia",1,50,0.02,2,0,15,0,0,1,1,FALSE,"not significant",1,FALSE,"not significant"
"955","species","Actinidia chinensis",66,"group_char","control","dementia",1,50,0.02,2,1,15,0.0666666666666667,6.66666666666667,0.411057692307692,1,FALSE,"not significant",1,FALSE,"not significant"
"956","species","Actinidia deliciosa",177,"group_char","control","dementia",20,50,0.4,40,5,15,0.333333333333333,33.3333333333333,0.766480550955951,1,FALSE,"not significant",1,FALSE,"not significant"
"957","species","Actinidia eriantha",72,"group_char","control","dementia",4,50,0.08,8,0,15,0,0,0.56575682382134,1,FALSE,"not significant",1,FALSE,"not significant"
"958","species","Aedes aegypti",143,"group_char","control","dementia",2,50,0.04,4,0,15,0,0,1,1,FALSE,"not significant",1,FALSE,"not significant"
"959","species","Aedes albopictus",57,"group_char","control","dementia",1,50,0.02,2,0,15,0,0,1,1,FALSE,"not significant",1,FALSE,"not significant"
"960","species","Aegilops tauschii",207,"group_char","control","dementia",5,50,0.1,10,3,15,0.2,20,0.372587655132615,1,FALSE,"not significant",1,FALSE,"not significant"
"961","species","Aegilops umbellulata",4,"group_char","control","dementia",1,50,0.02,2,0,15,0,0,1,1,FALSE,"not significant",1,FALSE,"not significant"
"962","species","Agathobacter rectalis",2779,"group_char","control","dementia",39,50,0.78,78,12,15,0.8,80,1,1,FALSE,"not significant",1,FALSE,"not significant"
"963","species","Aggregatibacter actinomycetemcomitans",7,"group_char","control","dementia",1,50,0.02,2,0,15,0,0,1,1,FALSE,"not significant",1,FALSE,"not significant"
"964","species","Aggregatibacter segnis",26,"group_char","control","dementia",6,50,0.12,12,0,15,0,0,0.322473864052394,1,FALSE,"not significant",1,FALSE,"not significant"
"965","species","Aix galericulata",1,"group_char","control","dementia",3,50,0.06,6,0,15,0,0,1,1,FALSE,"not significant",1,FALSE,"not significant"
"966","species","Akkermansia glycaniphila",12,"group_char","control","dementia",1,50,0.02,2,1,15,0.0666666666666667,6.66666666666667,0.411057692307692,1,FALSE,"not significant",1,FALSE,"not significant"
"967","species","Akkermansia muciniphila",3878,"group_char","control","dementia",48,50,0.96,96,14,15,0.933333333333333,93.3333333333333,0.551282051282051,1,FALSE,"not significant",1,FALSE,"not significant"
"968","species","Akkermansia sp. KLE1798",166,"group_char","control","dementia",9,50,0.18,18,1,15,0.0666666666666667,6.66666666666667,0.431218930427593,1,FALSE,"not significant",1,FALSE,"not significant"
"969","species","Aleuroglyphus ovatus",73,"group_char","control","dementia",1,50,0.02,2,0,15,0,0,1,1,FALSE,"not significant",1,FALSE,"not significant"
"970","species","Aliivibrio wodanis",10,"group_char","control","dementia",1,50,0.02,2,0,15,0,0,1,1,FALSE,"not significant",1,FALSE,"not significant"
"971","species","Alistipes communis",995,"group_char","control","dementia",25,50,0.5,50,8,15,0.533333333333333,53.3333333333333,1,1,FALSE,"not significant",1,FALSE,"not significant"
"972","species","Alistipes dispar",24,"group_char","control","dementia",1,50,0.02,2,0,15,0,0,1,1,FALSE,"not significant",1,FALSE,"not significant"
"973","species","Alistipes finegoldii",196,"group_char","control","dementia",9,50,0.18,18,3,15,0.2,20,1,1,FALSE,"not significant",1,FALSE,"not significant"
"974","species","Alistipes putredinis",2764,"group_char","control","dementia",41,50,0.82,82,13,15,0.866666666666667,86.6666666666667,1,1,FALSE,"not significant",1,FALSE,"not significant"
"975","species","Alistipes shahii",2885,"group_char","control","dementia",37,50,0.74,74,10,15,0.666666666666667,66.6666666666667,0.742994546037264,1,FALSE,"not significant",1,FALSE,"not significant"
"976","species","Alistipes sp.",122,"group_char","control","dementia",7,50,0.14,14,0,15,0,0,0.187554625848417,1,FALSE,"not significant",1,FALSE,"not significant"
"977","species","Alistipes sp. 56_sp_Nov_56_25",534,"group_char","control","dementia",16,50,0.32,32,5,15,0.333333333333333,33.3333333333333,1,1,FALSE,"not significant",1,FALSE,"not significant"
"978","species","Alistipes sp. AF14-19",398,"group_char","control","dementia",13,50,0.26,26,2,15,0.133333333333333,13.3333333333333,0.487764443763315,1,FALSE,"not significant",1,FALSE,"not significant"
"979","species","Alistipes sp. HGB5",185,"group_char","control","dementia",13,50,0.26,26,1,15,0.0666666666666667,6.66666666666667,0.159104116041737,1,FALSE,"not significant",1,FALSE,"not significant"
"980","species","Alistipes timonensis",228,"group_char","control","dementia",11,50,0.22,22,0,15,0,0,0.0553840228251569,1,FALSE,"not significant",1,FALSE,"not significant"
"981","species","Allium sativum",55,"group_char","control","dementia",2,50,0.04,4,0,15,0,0,1,1,FALSE,"not significant",1,FALSE,"not significant"
"982","species","Alloprevotella tannerae",26,"group_char","control","dementia",3,50,0.06,6,2,15,0.133333333333333,13.3333333333333,0.325262037451355,1,FALSE,"not significant",1,FALSE,"not significant"
"983","species","Alnus glutinosa",23,"group_char","control","dementia",1,50,0.02,2,0,15,0,0,1,1,FALSE,"not significant",1,FALSE,"not significant"
"984","species","Alphacoronavirus 1",624,"group_char","control","dementia",21,50,0.42,42,8,15,0.533333333333333,53.3333333333333,0.556601290273448,1,FALSE,"not significant",1,FALSE,"not significant"
"985","species","Alphacoronavirus scotophili",206,"group_char","control","dementia",30,50,0.6,60,7,15,0.466666666666667,46.6666666666667,0.388473397792424,1,FALSE,"not significant",1,FALSE,"not significant"
"986","species","Alphainfluenzavirus influenzae",929,"group_char","control","dementia",39,50,0.78,78,8,15,0.533333333333333,53.3333333333333,0.0976766954411449,1,FALSE,"not significant",1,FALSE,"not significant"
"987","species","Alphapapillomavirus 1",14,"group_char","control","dementia",3,50,0.06,6,0,15,0,0,1,1,FALSE,"not significant",1,FALSE,"not significant"
"988","species","Alphapapillomavirus 10",71,"group_char","control","dementia",5,50,0.1,10,2,15,0.133333333333333,13.3333333333333,0.657621758042798,1,FALSE,"not significant",1,FALSE,"not significant"
"989","species","Alphapapillomavirus 7",24,"group_char","control","dementia",0,50,0,0,1,15,0.0666666666666667,6.66666666666667,0.230769230769231,1,FALSE,"not significant",1,FALSE,"not significant"
"990","species","Alphapapillomavirus 9",124,"group_char","control","dementia",11,50,0.22,22,2,15,0.133333333333333,13.3333333333333,0.715372654351685,1,FALSE,"not significant",1,FALSE,"not significant"
"991","species","Alphatectivirus PRD1",140,"group_char","control","dementia",3,50,0.06,6,0,15,0,0,1,1,FALSE,"not significant",1,FALSE,"not significant"
"992","species","Alternaria alternata",127,"group_char","control","dementia",14,50,0.28,28,3,15,0.2,20,0.740679181587149,1,FALSE,"not significant",1,FALSE,"not significant"
"993","species","Alternaria brassicicola",5,"group_char","control","dementia",1,50,0.02,2,0,15,0,0,1,1,FALSE,"not significant",1,FALSE,"not significant"
"994","species","Alternaria scirpivora",1,"group_char","control","dementia",1,50,0.02,2,0,15,0,0,1,1,FALSE,"not significant",1,FALSE,"not significant"
"995","species","Amaranthus retroflexus",6,"group_char","control","dementia",1,50,0.02,2,0,15,0,0,1,1,FALSE,"not significant",1,FALSE,"not significant"
"996","species","Ambrosia artemisiifolia",171,"group_char","control","dementia",2,50,0.04,4,0,15,0,0,1,1,FALSE,"not significant",1,FALSE,"not significant"
"997","species","Ambrosia psilostachya",7,"group_char","control","dementia",1,50,0.02,2,0,15,0,0,1,1,FALSE,"not significant",1,FALSE,"not significant"
"998","species","Amphioctopus fangsiao",9,"group_char","control","dementia",1,50,0.02,2,0,15,0,0,1,1,FALSE,"not significant",1,FALSE,"not significant"
"999","species","Anacardium occidentale",34,"group_char","control","dementia",3,50,0.06,6,1,15,0.0666666666666667,6.66666666666667,1,1,FALSE,"not significant",1,FALSE,"not significant"
"1000","species","Anaerobutyricum hallii",3157,"group_char","control","dementia",41,50,0.82,82,13,15,0.866666666666667,86.6666666666667,1,1,FALSE,"not significant",1,FALSE,"not significant"
"1001","species","Anaerostipes hadrus",1845,"group_char","control","dementia",37,50,0.74,74,8,15,0.533333333333333,53.3333333333333,0.200604466645848,1,FALSE,"not significant",1,FALSE,"not significant"
"1002","species","Anaerostipes sp. 494a",4,"group_char","control","dementia",1,50,0.02,2,1,15,0.0666666666666667,6.66666666666667,0.411057692307692,1,FALSE,"not significant",1,FALSE,"not significant"
"1003","species","Anaerotruncus colihominis",116,"group_char","control","dementia",9,50,0.18,18,0,15,0,0,0.103336505662927,1,FALSE,"not significant",1,FALSE,"not significant"
"1004","species","Anaerotruncus sp. CAG:528",122,"group_char","control","dementia",4,50,0.08,8,1,15,0.0666666666666667,6.66666666666667,1,1,FALSE,"not significant",1,FALSE,"not significant"
"1005","species","Anamdongvirus LBR48",385,"group_char","control","dementia",18,50,0.36,36,6,15,0.4,40,0.770216862140656,1,FALSE,"not significant",1,FALSE,"not significant"
"1006","species","Ananas comosus",73,"group_char","control","dementia",1,50,0.02,2,0,15,0,0,1,1,FALSE,"not significant",1,FALSE,"not significant"
"1007","species","Angelakisella massiliensis",9,"group_char","control","dementia",4,50,0.08,8,1,15,0.0666666666666667,6.66666666666667,1,1,FALSE,"not significant",1,FALSE,"not significant"
"1008","species","Anisakis simplex",174,"group_char","control","dementia",2,50,0.04,4,0,15,0,0,1,1,FALSE,"not significant",1,FALSE,"not significant"
"1009","species","Anopheles gambiae",32,"group_char","control","dementia",3,50,0.06,6,0,15,0,0,1,1,FALSE,"not significant",1,FALSE,"not significant"
"1010","species","Anser anser",1,"group_char","control","dementia",2,50,0.04,4,0,15,0,0,1,1,FALSE,"not significant",1,FALSE,"not significant"
"1011","species","Apibacter sp. HY039",15,"group_char","control","dementia",7,50,0.14,14,1,15,0.0666666666666667,6.66666666666667,0.669427904317184,1,FALSE,"not significant",1,FALSE,"not significant"
"1012","species","Apis cerana",60,"group_char","control","dementia",2,50,0.04,4,1,15,0.0666666666666667,6.66666666666667,0.551282051282051,1,FALSE,"not significant",1,FALSE,"not significant"
"1013","species","Apis mellifera",272,"group_char","control","dementia",4,50,0.08,8,0,15,0,0,0.56575682382134,1,FALSE,"not significant",1,FALSE,"not significant"
"1014","species","Apium graveolens",25,"group_char","control","dementia",1,50,0.02,2,0,15,0,0,1,1,FALSE,"not significant",1,FALSE,"not significant"
"1015","species","Aquarana catesbeiana",3,"group_char","control","dementia",2,50,0.04,4,0,15,0,0,1,1,FALSE,"not significant",1,FALSE,"not significant"
"1016","species","Arabidopsis thaliana",53,"group_char","control","dementia",1,50,0.02,2,0,15,0,0,1,1,FALSE,"not significant",1,FALSE,"not significant"
"1017","species","Arachis duranensis",16,"group_char","control","dementia",1,50,0.02,2,0,15,0,0,1,1,FALSE,"not significant",1,FALSE,"not significant"
"1018","species","Arachis hypogaea",299,"group_char","control","dementia",11,50,0.22,22,2,15,0.133333333333333,13.3333333333333,0.715372654351685,1,FALSE,"not significant",1,FALSE,"not significant"
"1019","species","Artemia franciscana",18,"group_char","control","dementia",3,50,0.06,6,0,15,0,0,1,1,FALSE,"not significant",1,FALSE,"not significant"
"1020","species","Artemisia vulgaris",42,"group_char","control","dementia",3,50,0.06,6,0,15,0,0,1,1,FALSE,"not significant",1,FALSE,"not significant"
"1021","species","Arthroderma benhamiae",39,"group_char","control","dementia",2,50,0.04,4,0,15,0,0,1,1,FALSE,"not significant",1,FALSE,"not significant"
"1022","species","Arthroderma gypseum",18,"group_char","control","dementia",2,50,0.04,4,0,15,0,0,1,1,FALSE,"not significant",1,FALSE,"not significant"
"1023","species","Ascaris lumbricoides",16,"group_char","control","dementia",2,50,0.04,4,0,15,0,0,1,1,FALSE,"not significant",1,FALSE,"not significant"
"1024","species","Ascaris suum",40,"group_char","control","dementia",1,50,0.02,2,0,15,0,0,1,1,FALSE,"not significant",1,FALSE,"not significant"
"1025","species","Ashduovirus A2",226,"group_char","control","dementia",12,50,0.24,24,2,15,0.133333333333333,13.3333333333333,0.49145253976822,1,FALSE,"not significant",1,FALSE,"not significant"
"1026","species","Aspergillus awamori",23,"group_char","control","dementia",3,50,0.06,6,1,15,0.0666666666666667,6.66666666666667,1,1,FALSE,"not significant",1,FALSE,"not significant"
"1027","species","Aspergillus clavatus",56,"group_char","control","dementia",6,50,0.12,12,1,15,0.0666666666666667,6.66666666666667,1,1,FALSE,"not significant",1,FALSE,"not significant"
"1028","species","Aspergillus fischeri",81,"group_char","control","dementia",2,50,0.04,4,1,15,0.0666666666666667,6.66666666666667,0.551282051282051,1,FALSE,"not significant",1,FALSE,"not significant"
"1029","species","Aspergillus flavus",88,"group_char","control","dementia",2,50,0.04,4,1,15,0.0666666666666667,6.66666666666667,0.551282051282051,1,FALSE,"not significant",1,FALSE,"not significant"
"1030","species","Aspergillus fumigatus",522,"group_char","control","dementia",16,50,0.32,32,5,15,0.333333333333333,33.3333333333333,1,1,FALSE,"not significant",1,FALSE,"not significant"
"1031","species","Aspergillus longivesica",5,"group_char","control","dementia",1,50,0.02,2,0,15,0,0,1,1,FALSE,"not significant",1,FALSE,"not significant"
"1032","species","Aspergillus niger",117,"group_char","control","dementia",3,50,0.06,6,2,15,0.133333333333333,13.3333333333333,0.325262037451355,1,FALSE,"not significant",1,FALSE,"not significant"
"1033","species","Aspergillus oryzae",122,"group_char","control","dementia",5,50,0.1,10,0,15,0,0,0.581773990155799,1,FALSE,"not significant",1,FALSE,"not significant"
"1034","species","Aspergillus rhizopodus",2,"group_char","control","dementia",1,50,0.02,2,0,15,0,0,1,1,FALSE,"not significant",1,FALSE,"not significant"
"1035","species","Aspergillus terreus",12,"group_char","control","dementia",4,50,0.08,8,0,15,0,0,0.56575682382134,1,FALSE,"not significant",1,FALSE,"not significant"
"1036","species","Astacus leptodactylus",9,"group_char","control","dementia",1,50,0.02,2,0,15,0,0,1,1,FALSE,"not significant",1,FALSE,"not significant"
"1037","species","Avena sativa",118,"group_char","control","dementia",2,50,0.04,4,0,15,0,0,1,1,FALSE,"not significant",1,FALSE,"not significant"
"1038","species","Avian coronavirus",423,"group_char","control","dementia",14,50,0.28,28,1,15,0.0666666666666667,6.66666666666667,0.159334766198391,1,FALSE,"not significant",1,FALSE,"not significant"
"1039","species","Azospirillum sp. CAG:239",84,"group_char","control","dementia",1,50,0.02,2,1,15,0.0666666666666667,6.66666666666667,0.411057692307692,1,FALSE,"not significant",1,FALSE,"not significant"
"1040","species","Bacillus anthracis",158,"group_char","control","dementia",13,50,0.26,26,6,15,0.4,40,0.340261531476508,1,FALSE,"not significant",1,FALSE,"not significant"
"1041","species","Bacillus cereus",1264,"group_char","control","dementia",38,50,0.76,76,7,15,0.466666666666667,46.6666666666667,0.0531377630351011,1,FALSE,"not significant",0.965688298477097,FALSE,"not significant"
"1042","species","Bacillus clarus",38,"group_char","control","dementia",2,50,0.04,4,2,15,0.133333333333333,13.3333333333333,0.225599669148056,1,FALSE,"not significant",1,FALSE,"not significant"
"1043","species","Bacillus manliponensis",8,"group_char","control","dementia",2,50,0.04,4,0,15,0,0,1,1,FALSE,"not significant",1,FALSE,"not significant"
"1044","species","Bacillus mycoides",66,"group_char","control","dementia",7,50,0.14,14,2,15,0.133333333333333,13.3333333333333,1,1,FALSE,"not significant",1,FALSE,"not significant"
"1045","species","Bacillus sp. NH11B",11,"group_char","control","dementia",1,50,0.02,2,1,15,0.0666666666666667,6.66666666666667,0.411057692307692,1,FALSE,"not significant",1,FALSE,"not significant"
"1046","species","Bacillus subtilis",17,"group_char","control","dementia",1,50,0.02,2,0,15,0,0,1,1,FALSE,"not significant",1,FALSE,"not significant"
"1047","species","Bacillus thuringiensis",142,"group_char","control","dementia",7,50,0.14,14,1,15,0.0666666666666667,6.66666666666667,0.669427904317184,1,FALSE,"not significant",1,FALSE,"not significant"
"1048","species","Bacteroidales bacterium KHT7",8,"group_char","control","dementia",3,50,0.06,6,0,15,0,0,1,1,FALSE,"not significant",1,FALSE,"not significant"
"1049","species","Bacteroides acidifaciens",35,"group_char","control","dementia",3,50,0.06,6,1,15,0.0666666666666667,6.66666666666667,1,1,FALSE,"not significant",1,FALSE,"not significant"
"1050","species","Bacteroides caccae",3130,"group_char","control","dementia",41,50,0.82,82,11,15,0.733333333333333,73.3333333333333,0.476524532129322,1,FALSE,"not significant",1,FALSE,"not significant"
"1051","species","Bacteroides caecimuris",671,"group_char","control","dementia",28,50,0.56,56,6,15,0.4,40,0.378900730452269,1,FALSE,"not significant",1,FALSE,"not significant"
"1052","species","Bacteroides cellulosilyticus",375,"group_char","control","dementia",17,50,0.34,34,3,15,0.2,20,0.358706804189992,1,FALSE,"not significant",1,FALSE,"not significant"
"1053","species","Bacteroides eggerthii",182,"group_char","control","dementia",18,50,0.36,36,4,15,0.266666666666667,26.6666666666667,0.756522400182018,1,FALSE,"not significant",1,FALSE,"not significant"
"1054","species","Bacteroides faecalis",11,"group_char","control","dementia",1,50,0.02,2,0,15,0,0,1,1,FALSE,"not significant",1,FALSE,"not significant"
"1055","species","Bacteroides faecichinchillae",46,"group_char","control","dementia",1,50,0.02,2,0,15,0,0,1,1,FALSE,"not significant",1,FALSE,"not significant"
"1056","species","Bacteroides faecis",67,"group_char","control","dementia",3,50,0.06,6,1,15,0.0666666666666667,6.66666666666667,1,1,FALSE,"not significant",1,FALSE,"not significant"
"1057","species","Bacteroides finegoldii",493,"group_char","control","dementia",12,50,0.24,24,2,15,0.133333333333333,13.3333333333333,0.49145253976822,1,FALSE,"not significant",1,FALSE,"not significant"
"1058","species","Bacteroides fluxus",271,"group_char","control","dementia",8,50,0.16,16,4,15,0.266666666666667,26.6666666666667,0.449189193563535,1,FALSE,"not significant",1,FALSE,"not significant"
"1059","species","Bacteroides fragilis",5696,"group_char","control","dementia",46,50,0.92,92,12,15,0.8,80,0.338068732216076,1,FALSE,"not significant",1,FALSE,"not significant"
"1060","species","Bacteroides helcogenes",138,"group_char","control","dementia",7,50,0.14,14,1,15,0.0666666666666667,6.66666666666667,0.669427904317184,1,FALSE,"not significant",1,FALSE,"not significant"
"1061","species","Bacteroides heparinolyticus",52,"group_char","control","dementia",4,50,0.08,8,0,15,0,0,0.56575682382134,1,FALSE,"not significant",1,FALSE,"not significant"
"1062","species","Bacteroides intestinalis",62,"group_char","control","dementia",3,50,0.06,6,0,15,0,0,1,1,FALSE,"not significant",1,FALSE,"not significant"
"1063","species","Bacteroides mediterraneensis",4,"group_char","control","dementia",2,50,0.04,4,0,15,0,0,1,1,FALSE,"not significant",1,FALSE,"not significant"
"1064","species","Bacteroides muris (ex Afrizal et al. 2022)",61,"group_char","control","dementia",1,50,0.02,2,0,15,0,0,1,1,FALSE,"not significant",1,FALSE,"not significant"
"1065","species","Bacteroides nordii",41,"group_char","control","dementia",2,50,0.04,4,0,15,0,0,1,1,FALSE,"not significant",1,FALSE,"not significant"
"1066","species","Bacteroides oleiciplenus",148,"group_char","control","dementia",2,50,0.04,4,2,15,0.133333333333333,13.3333333333333,0.225599669148056,1,FALSE,"not significant",1,FALSE,"not significant"
"1067","species","Bacteroides ovatus",4857,"group_char","control","dementia",45,50,0.9,90,14,15,0.933333333333333,93.3333333333333,1,1,FALSE,"not significant",1,FALSE,"not significant"
"1068","species","Bacteroides phage B124-14",419,"group_char","control","dementia",11,50,0.22,22,1,15,0.0666666666666667,6.66666666666667,0.267244347846239,1,FALSE,"not significant",1,FALSE,"not significant"
"1069","species","Bacteroides salyersiae",69,"group_char","control","dementia",18,50,0.36,36,1,15,0.0666666666666667,6.66666666666667,0.0488003471329729,1,FALSE,"nominal only",1,FALSE,"nominal only"
"1070","species","Bacteroides sp. 1_1_30",742,"group_char","control","dementia",25,50,0.5,50,5,15,0.333333333333333,33.3333333333333,0.37698630426139,1,FALSE,"not significant",1,FALSE,"not significant"
"1071","species","Bacteroides sp. 2_1_22",55,"group_char","control","dementia",0,50,0,0,1,15,0.0666666666666667,6.66666666666667,0.230769230769231,1,FALSE,"not significant",1,FALSE,"not significant"
"1072","species","Bacteroides sp. 2_2_4",183,"group_char","control","dementia",8,50,0.16,16,1,15,0.0666666666666667,6.66666666666667,0.671913408796002,1,FALSE,"not significant",1,FALSE,"not significant"
"1073","species","Bacteroides sp. 3_1_13",325,"group_char","control","dementia",16,50,0.32,32,2,15,0.133333333333333,13.3333333333333,0.201467359541481,1,FALSE,"not significant",1,FALSE,"not significant"
"1074","species","Bacteroides sp. 4_1_36",1087,"group_char","control","dementia",32,50,0.64,64,9,15,0.6,60,0.770216862140656,1,FALSE,"not significant",1,FALSE,"not significant"
"1075","species","Bacteroides sp. A1C1",21,"group_char","control","dementia",1,50,0.02,2,0,15,0,0,1,1,FALSE,"not significant",1,FALSE,"not significant"
"1076","species","Bacteroides sp. AF14-46",26,"group_char","control","dementia",23,50,0.46,46,8,15,0.533333333333333,53.3333333333333,0.769773746872752,1,FALSE,"not significant",1,FALSE,"not significant"
"1077","species","Bacteroides sp. AF16-49",26,"group_char","control","dementia",2,50,0.04,4,0,15,0,0,1,1,FALSE,"not significant",1,FALSE,"not significant"
"1078","species","Bacteroides sp. AF25-17LB",29,"group_char","control","dementia",2,50,0.04,4,0,15,0,0,1,1,FALSE,"not significant",1,FALSE,"not significant"
"1079","species","Bacteroides sp. AF26-7BH",11,"group_char","control","dementia",4,50,0.08,8,0,15,0,0,0.56575682382134,1,FALSE,"not significant",1,FALSE,"not significant"
"1080","species","Bacteroides sp. AF34-31BH",8,"group_char","control","dementia",1,50,0.02,2,0,15,0,0,1,1,FALSE,"not significant",1,FALSE,"not significant"
"1081","species","Bacteroides sp. AF39-16AC",15,"group_char","control","dementia",1,50,0.02,2,0,15,0,0,1,1,FALSE,"not significant",1,FALSE,"not significant"
"1082","species","Bacteroides sp. AM56-10ce",20,"group_char","control","dementia",1,50,0.02,2,0,15,0,0,1,1,FALSE,"not significant",1,FALSE,"not significant"
"1083","species","Bacteroides sp. CAG:443",6,"group_char","control","dementia",2,50,0.04,4,0,15,0,0,1,1,FALSE,"not significant",1,FALSE,"not significant"
"1084","species","Bacteroides sp. CAG:714",14,"group_char","control","dementia",0,50,0,0,1,15,0.0666666666666667,6.66666666666667,0.230769230769231,1,FALSE,"not significant",1,FALSE,"not significant"
"1085","species","Bacteroides sp. CAG:754",31,"group_char","control","dementia",5,50,0.1,10,1,15,0.0666666666666667,6.66666666666667,1,1,FALSE,"not significant",1,FALSE,"not significant"
"1086","species","Bacteroides sp. D2",282,"group_char","control","dementia",21,50,0.42,42,1,15,0.0666666666666667,6.66666666666667,0.0125079416412716,1,FALSE,"nominal only",0.965688298477097,FALSE,"nominal only"
"1087","species","Bacteroides sp. D22",84,"group_char","control","dementia",5,50,0.1,10,0,15,0,0,0.581773990155799,1,FALSE,"not significant",1,FALSE,"not significant"
"1088","species","Bacteroides sp. HF-5092",35,"group_char","control","dementia",2,50,0.04,4,0,15,0,0,1,1,FALSE,"not significant",1,FALSE,"not significant"
"1089","species","Bacteroides sp. HMSC073E02",60,"group_char","control","dementia",1,50,0.02,2,0,15,0,0,1,1,FALSE,"not significant",1,FALSE,"not significant"
"1090","species","Bacteroides sp. HPS0048",43,"group_char","control","dementia",1,50,0.02,2,2,15,0.133333333333333,13.3333333333333,0.130608974358974,1,FALSE,"not significant",1,FALSE,"not significant"
"1091","species","Bacteroides sp. OM08-11",31,"group_char","control","dementia",2,50,0.04,4,0,15,0,0,1,1,FALSE,"not significant",1,FALSE,"not significant"
"1092","species","Bacteroides stercoris",1492,"group_char","control","dementia",34,50,0.68,68,8,15,0.533333333333333,53.3333333333333,0.361405242582662,1,FALSE,"not significant",1,FALSE,"not significant"
"1093","species","Bacteroides thetaiotaomicron",1156,"group_char","control","dementia",32,50,0.64,64,8,15,0.533333333333333,53.3333333333333,0.549307463344986,1,FALSE,"not significant",1,FALSE,"not significant"
"1094","species","Bacteroides uniformis",8640,"group_char","control","dementia",47,50,0.94,94,13,15,0.866666666666667,86.6666666666667,0.325262037451355,1,FALSE,"not significant",0.965688298477097,FALSE,"not significant"
"1095","species","Bacteroides xylanisolvens",1936,"group_char","control","dementia",37,50,0.74,74,9,15,0.6,60,0.340261531476508,1,FALSE,"not significant",1,FALSE,"not significant"
"1096","species","Bacteroidetes bacterium ADurb.BinA104",5,"group_char","control","dementia",1,50,0.02,2,0,15,0,0,1,1,FALSE,"not significant",1,FALSE,"not significant"
"1097","species","Bactrocera oleae",3,"group_char","control","dementia",1,50,0.02,2,0,15,0,0,1,1,FALSE,"not significant",1,FALSE,"not significant"
"1098","species","Barnesiella intestinihominis",3413,"group_char","control","dementia",50,50,1,100,15,15,1,100,1,1,FALSE,"not significant",1,FALSE,"not significant"
"1099","species","Barnesiella sp. An22",34,"group_char","control","dementia",1,50,0.02,2,0,15,0,0,1,1,FALSE,"not significant",1,FALSE,"not significant"
"1100","species","Barnesiella sp. An55",21,"group_char","control","dementia",2,50,0.04,4,1,15,0.0666666666666667,6.66666666666667,0.551282051282051,1,FALSE,"not significant",1,FALSE,"not significant"
"1101","species","Barnesiella viscericola",287,"group_char","control","dementia",13,50,0.26,26,3,15,0.2,20,0.744292010326647,1,FALSE,"not significant",1,FALSE,"not significant"
"1102","species","Bartonella henselae",336,"group_char","control","dementia",22,50,0.44,44,4,15,0.266666666666667,26.6666666666667,0.367912891319699,1,FALSE,"not significant",1,FALSE,"not significant"
"1103","species","Bartonella quintana",83,"group_char","control","dementia",6,50,0.12,12,1,15,0.0666666666666667,6.66666666666667,1,1,FALSE,"not significant",1,FALSE,"not significant"
"1104","species","Bartonella sp. A641",3,"group_char","control","dementia",1,50,0.02,2,0,15,0,0,1,1,FALSE,"not significant",1,FALSE,"not significant"
"1105","species","Bat Hp-betacoronavirus Zhejiang2013",232,"group_char","control","dementia",12,50,0.24,24,3,15,0.2,20,1,1,FALSE,"not significant",1,FALSE,"not significant"
"1106","species","Bat coronavirus",223,"group_char","control","dementia",19,50,0.38,38,7,15,0.466666666666667,46.6666666666667,0.56306843087794,1,FALSE,"not significant",1,FALSE,"not significant"
"1107","species","Bat coronavirus BM48-31/BGR/2008",218,"group_char","control","dementia",32,50,0.64,64,12,15,0.8,80,0.349672384901755,1,FALSE,"not significant",1,FALSE,"not significant"
"1108","species","Bat coronavirus CDPHE15",208,"group_char","control","dementia",8,50,0.16,16,0,15,0,0,0.181590444293655,1,FALSE,"not significant",1,FALSE,"not significant"
"1109","species","Bat coronavirus HKU10",214,"group_char","control","dementia",5,50,0.1,10,1,15,0.0666666666666667,6.66666666666667,1,1,FALSE,"not significant",1,FALSE,"not significant"
"1110","species","Bat coronavirus HKU4",227,"group_char","control","dementia",16,50,0.32,32,6,15,0.4,40,0.756522400182018,1,FALSE,"not significant",1,FALSE,"not significant"
"1111","species","Bat coronavirus HKU5",228,"group_char","control","dementia",18,50,0.36,36,6,15,0.4,40,0.770216862140656,1,FALSE,"not significant",1,FALSE,"not significant"
"1112","species","Bat coronavirus HKU9",217,"group_char","control","dementia",16,50,0.32,32,4,15,0.266666666666667,26.6666666666667,0.761491330790549,1,FALSE,"not significant",1,FALSE,"not significant"
"1113","species","Beauveria bassiana",62,"group_char","control","dementia",3,50,0.06,6,0,15,0,0,1,1,FALSE,"not significant",1,FALSE,"not significant"
"1114","species","Beluga whale coronavirus (strain SW1)",230,"group_char","control","dementia",5,50,0.1,10,2,15,0.133333333333333,13.3333333333333,0.657621758042798,1,FALSE,"not significant",1,FALSE,"not significant"
"1115","species","Bequatrovirus B4",1407,"group_char","control","dementia",27,50,0.54,54,7,15,0.466666666666667,46.6666666666667,0.769773746872752,1,FALSE,"not significant",1,FALSE,"not significant"
"1116","species","Bertholletia excelsa",27,"group_char","control","dementia",1,50,0.02,2,0,15,0,0,1,1,FALSE,"not significant",1,FALSE,"not significant"
"1117","species","Betacoronavirus 1",477,"group_char","control","dementia",28,50,0.56,56,7,15,0.466666666666667,46.6666666666667,0.566778555943351,1,FALSE,"not significant",1,FALSE,"not significant"
"1118","species","Betainfluenzavirus influenzae",363,"group_char","control","dementia",42,50,0.84,84,9,15,0.6,60,0.0718326867681812,1,FALSE,"not significant",1,FALSE,"not significant"
"1119","species","Betula chichibuensis",21,"group_char","control","dementia",1,50,0.02,2,0,15,0,0,1,1,FALSE,"not significant",1,FALSE,"not significant"
"1120","species","Betula pendula",115,"group_char","control","dementia",2,50,0.04,4,0,15,0,0,1,1,FALSE,"not significant",1,FALSE,"not significant"
"1121","species","Bifidobacterium adolescentis",1230,"group_char","control","dementia",39,50,0.78,78,12,15,0.8,80,1,1,FALSE,"not significant",1,FALSE,"not significant"
"1122","species","Bifidobacterium animalis",233,"group_char","control","dementia",10,50,0.2,20,3,15,0.2,20,1,1,FALSE,"not significant",1,FALSE,"not significant"
"1123","species","Bifidobacterium bifidum",397,"group_char","control","dementia",18,50,0.36,36,3,15,0.2,20,0.349672384901755,1,FALSE,"not significant",1,FALSE,"not significant"
"1124","species","Bifidobacterium breve",1198,"group_char","control","dementia",36,50,0.72,72,11,15,0.733333333333333,73.3333333333333,1,1,FALSE,"not significant",1,FALSE,"not significant"
"1125","species","Bifidobacterium callitrichos",36,"group_char","control","dementia",2,50,0.04,4,0,15,0,0,1,1,FALSE,"not significant",1,FALSE,"not significant"
"1126","species","Bifidobacterium catenulatum",28,"group_char","control","dementia",4,50,0.08,8,0,15,0,0,0.56575682382134,1,FALSE,"not significant",1,FALSE,"not significant"
"1127","species","Bifidobacterium dentium",29,"group_char","control","dementia",4,50,0.08,8,0,15,0,0,0.56575682382134,1,FALSE,"not significant",1,FALSE,"not significant"
"1128","species","Bifidobacterium goeldii",6,"group_char","control","dementia",1,50,0.02,2,0,15,0,0,1,1,FALSE,"not significant",1,FALSE,"not significant"
"1129","species","Bifidobacterium longum",1601,"group_char","control","dementia",47,50,0.94,94,10,15,0.666666666666667,66.6666666666667,0.0129409891492332,1,FALSE,"nominal only",0.760440749449377,FALSE,"nominal only"
"1130","species","Bifidobacterium moukalabense",46,"group_char","control","dementia",4,50,0.08,8,0,15,0,0,0.56575682382134,1,FALSE,"not significant",1,FALSE,"not significant"
"1131","species","Bifidobacterium pseudocatenulatum",83,"group_char","control","dementia",8,50,0.16,16,2,15,0.133333333333333,13.3333333333333,1,1,FALSE,"not significant",1,FALSE,"not significant"
"1132","species","Bifidobacterium reuteri",14,"group_char","control","dementia",2,50,0.04,4,0,15,0,0,1,1,FALSE,"not significant",1,FALSE,"not significant"
"1133","species","Bifidobacterium ruminantium",63,"group_char","control","dementia",1,50,0.02,2,1,15,0.0666666666666667,6.66666666666667,0.411057692307692,1,FALSE,"not significant",1,FALSE,"not significant"
"1134","species","Bifidobacterium saguini",4,"group_char","control","dementia",2,50,0.04,4,0,15,0,0,1,1,FALSE,"not significant",1,FALSE,"not significant"
"1135","species","Bifidobacterium scardovii",7,"group_char","control","dementia",1,50,0.02,2,0,15,0,0,1,1,FALSE,"not significant",1,FALSE,"not significant"
"1136","species","Blattella germanica",282,"group_char","control","dementia",11,50,0.22,22,4,15,0.266666666666667,26.6666666666667,0.733637510756924,1,FALSE,"not significant",1,FALSE,"not significant"
"1137","species","Blautia hansenii",7,"group_char","control","dementia",2,50,0.04,4,0,15,0,0,1,1,FALSE,"not significant",1,FALSE,"not significant"
"1138","species","Blautia luti",62,"group_char","control","dementia",6,50,0.12,12,0,15,0,0,0.322473864052394,1,FALSE,"not significant",1,FALSE,"not significant"
"1139","species","Blautia obeum",2825,"group_char","control","dementia",45,50,0.9,90,11,15,0.733333333333333,73.3333333333333,0.193808868691909,1,FALSE,"not significant",1,FALSE,"not significant"
"1140","species","Blautia producta",1768,"group_char","control","dementia",46,50,0.92,92,14,15,0.933333333333333,93.3333333333333,1,1,FALSE,"not significant",1,FALSE,"not significant"
"1141","species","Blautia pseudococcoides",155,"group_char","control","dementia",18,50,0.36,36,3,15,0.2,20,0.349672384901755,1,FALSE,"not significant",1,FALSE,"not significant"
"1142","species","Blautia sp. AF19-1",41,"group_char","control","dementia",1,50,0.02,2,0,15,0,0,1,1,FALSE,"not significant",1,FALSE,"not significant"
"1143","species","Blautia sp. AF19-10LB",21,"group_char","control","dementia",0,50,0,0,1,15,0.0666666666666667,6.66666666666667,0.230769230769231,1,FALSE,"not significant",1,FALSE,"not significant"
"1144","species","Blautia sp. AF19-13LB",13,"group_char","control","dementia",4,50,0.08,8,0,15,0,0,0.56575682382134,1,FALSE,"not significant",1,FALSE,"not significant"
"1145","species","Blautia sp. AF26-2",13,"group_char","control","dementia",1,50,0.02,2,0,15,0,0,1,1,FALSE,"not significant",1,FALSE,"not significant"
"1146","species","Blautia sp. AM23-13AC",12,"group_char","control","dementia",1,50,0.02,2,0,15,0,0,1,1,FALSE,"not significant",1,FALSE,"not significant"
"1147","species","Blautia sp. KLE 1732",235,"group_char","control","dementia",7,50,0.14,14,1,15,0.0666666666666667,6.66666666666667,0.669427904317184,1,FALSE,"not significant",1,FALSE,"not significant"
"1148","species","Blautia sp. OF03-13",5,"group_char","control","dementia",1,50,0.02,2,0,15,0,0,1,1,FALSE,"not significant",1,FALSE,"not significant"
"1149","species","Blautia sp. OF03-15BH",38,"group_char","control","dementia",1,50,0.02,2,2,15,0.133333333333333,13.3333333333333,0.130608974358974,1,FALSE,"not significant",1,FALSE,"not significant"
"1150","species","Blautia sp. SF-50",28,"group_char","control","dementia",1,50,0.02,2,2,15,0.133333333333333,13.3333333333333,0.130608974358974,1,FALSE,"not significant",1,FALSE,"not significant"
"1151","species","Blautia wexlerae",688,"group_char","control","dementia",28,50,0.56,56,5,15,0.333333333333333,33.3333333333333,0.149744519460108,1,FALSE,"not significant",1,FALSE,"not significant"
"1152","species","Blomia tropicalis",217,"group_char","control","dementia",5,50,0.1,10,1,15,0.0666666666666667,6.66666666666667,1,1,FALSE,"not significant",1,FALSE,"not significant"
"1153","species","Bombus hypocrita",45,"group_char","control","dementia",1,50,0.02,2,1,15,0.0666666666666667,6.66666666666667,0.411057692307692,1,FALSE,"not significant",1,FALSE,"not significant"
"1154","species","Bombus ignitus",70,"group_char","control","dementia",0,50,0,0,1,15,0.0666666666666667,6.66666666666667,0.230769230769231,1,FALSE,"not significant",1,FALSE,"not significant"
"1155","species","Bombyx mori",30,"group_char","control","dementia",2,50,0.04,4,0,15,0,0,1,1,FALSE,"not significant",1,FALSE,"not significant"
"1156","species","Bordetella bronchiseptica",187,"group_char","control","dementia",5,50,0.1,10,1,15,0.0666666666666667,6.66666666666667,1,1,FALSE,"not significant",1,FALSE,"not significant"
"1157","species","Bordetella parapertussis",50,"group_char","control","dementia",3,50,0.06,6,1,15,0.0666666666666667,6.66666666666667,1,1,FALSE,"not significant",1,FALSE,"not significant"
"1158","species","Bordetella pertussis",551,"group_char","control","dementia",37,50,0.74,74,9,15,0.6,60,0.340261531476508,1,FALSE,"not significant",1,FALSE,"not significant"
"1159","species","Borreliella burgdorferi",200,"group_char","control","dementia",9,50,0.18,18,4,15,0.266666666666667,26.6666666666667,0.476524532129322,1,FALSE,"not significant",1,FALSE,"not significant"
"1160","species","Bos mutus",28,"group_char","control","dementia",5,50,0.1,10,0,15,0,0,0.581773990155799,1,FALSE,"not significant",1,FALSE,"not significant"
"1161","species","Bos taurus",889,"group_char","control","dementia",30,50,0.6,60,5,15,0.333333333333333,33.3333333333333,0.0837102448278371,1,FALSE,"not significant",1,FALSE,"not significant"
"1162","species","Bothrops asper",6,"group_char","control","dementia",1,50,0.02,2,0,15,0,0,1,1,FALSE,"not significant",1,FALSE,"not significant"
"1163","species","Brachypodium distachyon",91,"group_char","control","dementia",1,50,0.02,2,1,15,0.0666666666666667,6.66666666666667,0.411057692307692,1,FALSE,"not significant",1,FALSE,"not significant"
"1164","species","Brassica juncea",11,"group_char","control","dementia",1,50,0.02,2,0,15,0,0,1,1,FALSE,"not significant",1,FALSE,"not significant"
"1165","species","Brucella abortus",62,"group_char","control","dementia",2,50,0.04,4,0,15,0,0,1,1,FALSE,"not significant",1,FALSE,"not significant"
"1166","species","Brucella anthropi",10,"group_char","control","dementia",1,50,0.02,2,0,15,0,0,1,1,FALSE,"not significant",1,FALSE,"not significant"
"1167","species","Brucella melitensis",189,"group_char","control","dementia",4,50,0.08,8,2,15,0.133333333333333,13.3333333333333,0.615232070943335,1,FALSE,"not significant",1,FALSE,"not significant"
"1168","species","Brucella suis",41,"group_char","control","dementia",1,50,0.02,2,0,15,0,0,1,1,FALSE,"not significant",1,FALSE,"not significant"
"1169","species","Brussowvirus ALQ132",312,"group_char","control","dementia",18,50,0.36,36,3,15,0.2,20,0.349672384901755,1,FALSE,"not significant",1,FALSE,"not significant"
"1170","species","Brussowvirus TP778L",369,"group_char","control","dementia",18,50,0.36,36,3,15,0.2,20,0.349672384901755,1,FALSE,"not significant",1,FALSE,"not significant"
"1171","species","BtRf-AlphaCoV/YN2012",200,"group_char","control","dementia",21,50,0.42,42,3,15,0.2,20,0.141732624959892,1,FALSE,"not significant",1,FALSE,"not significant"
"1172","species","Bubalus bubalis",24,"group_char","control","dementia",17,50,0.34,34,2,15,0.133333333333333,13.3333333333333,0.196117778688514,1,FALSE,"not significant",1,FALSE,"not significant"
"1173","species","Bulbul coronavirus HKU11",193,"group_char","control","dementia",5,50,0.1,10,2,15,0.133333333333333,13.3333333333333,0.657621758042798,1,FALSE,"not significant",1,FALSE,"not significant"
"1174","species","Burkholderia mallei",179,"group_char","control","dementia",10,50,0.2,20,0,15,0,0,0.100114226642174,1,FALSE,"not significant",1,FALSE,"not significant"
"1175","species","Burkholderia multivorans",16,"group_char","control","dementia",1,50,0.02,2,0,15,0,0,1,1,FALSE,"not significant",1,FALSE,"not significant"
"1176","species","Burkholderia pseudomallei",1037,"group_char","control","dementia",16,50,0.32,32,6,15,0.4,40,0.756522400182018,1,FALSE,"not significant",1,FALSE,"not significant"
"1177","species","Burkholderia sp. ABCPW 14",39,"group_char","control","dementia",3,50,0.06,6,0,15,0,0,1,1,FALSE,"not significant",1,FALSE,"not significant"
"1178","species","Butyricicoccus pullicaecorum",32,"group_char","control","dementia",0,50,0,0,1,15,0.0666666666666667,6.66666666666667,0.230769230769231,1,FALSE,"not significant",1,FALSE,"not significant"
"1179","species","Butyricimonas sp. An62",14,"group_char","control","dementia",1,50,0.02,2,0,15,0,0,1,1,FALSE,"not significant",1,FALSE,"not significant"
"1180","species","Callinectes sapidus",3,"group_char","control","dementia",1,50,0.02,2,0,15,0,0,1,1,FALSE,"not significant",1,FALSE,"not significant"
"1181","species","Camelus dromedarius",29,"group_char","control","dementia",3,50,0.06,6,2,15,0.133333333333333,13.3333333333333,0.325262037451355,1,FALSE,"not significant",1,FALSE,"not significant"
"1182","species","Campylobacter aviculae",28,"group_char","control","dementia",1,50,0.02,2,2,15,0.133333333333333,13.3333333333333,0.130608974358974,1,FALSE,"not significant",1,FALSE,"not significant"
"1183","species","Campylobacter coli",964,"group_char","control","dementia",40,50,0.8,80,9,15,0.6,60,0.170091037403903,1,FALSE,"not significant",1,FALSE,"not significant"
"1184","species","Campylobacter concisus",5,"group_char","control","dementia",1,50,0.02,2,0,15,0,0,1,1,FALSE,"not significant",1,FALSE,"not significant"
"1185","species","Campylobacter cuniculorum",22,"group_char","control","dementia",3,50,0.06,6,0,15,0,0,1,1,FALSE,"not significant",1,FALSE,"not significant"
"1186","species","Campylobacter estrildidarum",16,"group_char","control","dementia",0,50,0,0,1,15,0.0666666666666667,6.66666666666667,0.230769230769231,1,FALSE,"not significant",1,FALSE,"not significant"
"1187","species","Campylobacter jejuni",1812,"group_char","control","dementia",32,50,0.64,64,5,15,0.333333333333333,33.3333333333333,0.0430544181439861,1,FALSE,"nominal only",0.965688298477097,FALSE,"nominal only"
"1188","species","Campylobacter novaezeelandiae",13,"group_char","control","dementia",1,50,0.02,2,0,15,0,0,1,1,FALSE,"not significant",1,FALSE,"not significant"
"1189","species","Campylobacter sp. 110",1,"group_char","control","dementia",1,50,0.02,2,0,15,0,0,1,1,FALSE,"not significant",1,FALSE,"not significant"
"1190","species","Candida albicans",155,"group_char","control","dementia",7,50,0.14,14,0,15,0,0,0.187554625848417,1,FALSE,"not significant",1,FALSE,"not significant"
"1191","species","Candidatus Gastranaerophilales bacterium",100,"group_char","control","dementia",11,50,0.22,22,0,15,0,0,0.0553840228251569,1,FALSE,"not significant",1,FALSE,"not significant"
"1192","species","Canis lupus",94,"group_char","control","dementia",1,50,0.02,2,0,15,0,0,1,1,FALSE,"not significant",1,FALSE,"not significant"
"1193","species","Capra hircus",42,"group_char","control","dementia",8,50,0.16,16,2,15,0.133333333333333,13.3333333333333,1,1,FALSE,"not significant",1,FALSE,"not significant"
"1194","species","Carica papaya",59,"group_char","control","dementia",6,50,0.12,12,1,15,0.0666666666666667,6.66666666666667,1,1,FALSE,"not significant",1,FALSE,"not significant"
"1195","species","Carpinus betulus",30,"group_char","control","dementia",1,50,0.02,2,0,15,0,0,1,1,FALSE,"not significant",1,FALSE,"not significant"
"1196","species","Carya illinoinensis",43,"group_char","control","dementia",2,50,0.04,4,0,15,0,0,1,1,FALSE,"not significant",1,FALSE,"not significant"
"1197","species","Casadabanvirus D3112",340,"group_char","control","dementia",7,50,0.14,14,2,15,0.133333333333333,13.3333333333333,1,1,FALSE,"not significant",1,FALSE,"not significant"
"1198","species","Castanea sativa",39,"group_char","control","dementia",2,50,0.04,4,0,15,0,0,1,1,FALSE,"not significant",1,FALSE,"not significant"
"1199","species","Cavia porcellus",43,"group_char","control","dementia",1,50,0.02,2,0,15,0,0,1,1,FALSE,"not significant",1,FALSE,"not significant"
"1200","species","Cequinquevirus Ld17",236,"group_char","control","dementia",13,50,0.26,26,3,15,0.2,20,0.744292010326647,1,FALSE,"not significant",1,FALSE,"not significant"
"1201","species","Cequinquevirus c5",107,"group_char","control","dementia",10,50,0.2,20,5,15,0.333333333333333,33.3333333333333,0.308087971729524,1,FALSE,"not significant",1,FALSE,"not significant"
"1202","species","Chenopodium album",11,"group_char","control","dementia",1,50,0.02,2,0,15,0,0,1,1,FALSE,"not significant",1,FALSE,"not significant"
"1203","species","Chikungunya virus",65,"group_char","control","dementia",0,50,0,0,1,15,0.0666666666666667,6.66666666666667,0.230769230769231,1,FALSE,"not significant",1,FALSE,"not significant"
"1204","species","China Rattus coronavirus HKU24",236,"group_char","control","dementia",22,50,0.44,44,9,15,0.6,60,0.378900730452269,1,FALSE,"not significant",1,FALSE,"not significant"
"1205","species","Chionoecetes opilio",10,"group_char","control","dementia",1,50,0.02,2,0,15,0,0,1,1,FALSE,"not significant",1,FALSE,"not significant"
"1206","species","Chlamydia pneumoniae",56,"group_char","control","dementia",4,50,0.08,8,0,15,0,0,0.56575682382134,1,FALSE,"not significant",1,FALSE,"not significant"
"1207","species","Chlamydia trachomatis",353,"group_char","control","dementia",20,50,0.4,40,1,15,0.0666666666666667,6.66666666666667,0.0248529602860298,1,FALSE,"nominal only",1,FALSE,"nominal only"
"1208","species","Chlorocebus sabaeus",35,"group_char","control","dementia",1,50,0.02,2,0,15,0,0,1,1,FALSE,"not significant",1,FALSE,"not significant"
"1209","species","Christensenella minuta",12,"group_char","control","dementia",2,50,0.04,4,0,15,0,0,1,1,FALSE,"not significant",1,FALSE,"not significant"
"1210","species","Cicer arietinum",38,"group_char","control","dementia",2,50,0.04,4,0,15,0,0,1,1,FALSE,"not significant",1,FALSE,"not significant"
"1211","species","Cimex lectularius",9,"group_char","control","dementia",3,50,0.06,6,1,15,0.0666666666666667,6.66666666666667,1,1,FALSE,"not significant",1,FALSE,"not significant"
"1212","species","Citrobacter amalonaticus",32,"group_char","control","dementia",1,50,0.02,2,0,15,0,0,1,1,FALSE,"not significant",1,FALSE,"not significant"
"1213","species","Citrobacter freundii",21,"group_char","control","dementia",1,50,0.02,2,0,15,0,0,1,1,FALSE,"not significant",1,FALSE,"not significant"
"1214","species","Citrobacter koseri",49,"group_char","control","dementia",2,50,0.04,4,0,15,0,0,1,1,FALSE,"not significant",1,FALSE,"not significant"
"1215","species","Cladosporium cladosporioides",14,"group_char","control","dementia",3,50,0.06,6,0,15,0,0,1,1,FALSE,"not significant",1,FALSE,"not significant"
"1216","species","Clostridia bacterium",28,"group_char","control","dementia",1,50,0.02,2,0,15,0,0,1,1,FALSE,"not significant",1,FALSE,"not significant"
"1217","species","Clostridia bacterium UC5.1-1D1",13,"group_char","control","dementia",10,50,0.2,20,1,15,0.0666666666666667,6.66666666666667,0.433171826803808,1,FALSE,"not significant",1,FALSE,"not significant"
"1218","species","Clostridiaceae bacterium",38,"group_char","control","dementia",3,50,0.06,6,0,15,0,0,1,1,FALSE,"not significant",1,FALSE,"not significant"
"1219","species","Clostridiales bacterium",797,"group_char","control","dementia",23,50,0.46,46,4,15,0.266666666666667,26.6666666666667,0.238756923317577,1,FALSE,"not significant",1,FALSE,"not significant"
"1220","species","Clostridiales bacterium 36_14",18,"group_char","control","dementia",1,50,0.02,2,1,15,0.0666666666666667,6.66666666666667,0.411057692307692,1,FALSE,"not significant",1,FALSE,"not significant"
"1221","species","Clostridiales bacterium 41_12_two_minus",15,"group_char","control","dementia",1,50,0.02,2,0,15,0,0,1,1,FALSE,"not significant",1,FALSE,"not significant"
"1222","species","Clostridiales bacterium 44_9",17,"group_char","control","dementia",1,50,0.02,2,0,15,0,0,1,1,FALSE,"not significant",1,FALSE,"not significant"
"1223","species","Clostridiales bacterium KLE1615",112,"group_char","control","dementia",5,50,0.1,10,1,15,0.0666666666666667,6.66666666666667,1,1,FALSE,"not significant",1,FALSE,"not significant"
"1224","species","Clostridioides difficile",165,"group_char","control","dementia",11,50,0.22,22,2,15,0.133333333333333,13.3333333333333,0.715372654351685,1,FALSE,"not significant",1,FALSE,"not significant"
"1225","species","Clostridium botulinum",168,"group_char","control","dementia",3,50,0.06,6,0,15,0,0,1,1,FALSE,"not significant",1,FALSE,"not significant"
"1226","species","Clostridium perfringens",1693,"group_char","control","dementia",46,50,0.92,92,13,15,0.866666666666667,86.6666666666667,0.615232070943335,1,FALSE,"not significant",1,FALSE,"not significant"
"1227","species","Clostridium phage phiCP34O",235,"group_char","control","dementia",7,50,0.14,14,2,15,0.133333333333333,13.3333333333333,1,1,FALSE,"not significant",1,FALSE,"not significant"
"1228","species","Clostridium phage phiCT19406A",402,"group_char","control","dementia",15,50,0.3,30,6,15,0.4,40,0.535179127620217,1,FALSE,"not significant",1,FALSE,"not significant"
"1229","species","Clostridium phage phiCT19406C",311,"group_char","control","dementia",13,50,0.26,26,3,15,0.2,20,0.744292010326647,1,FALSE,"not significant",1,FALSE,"not significant"
"1230","species","Clostridium scindens (strain JCM 10418 / VPI 12708)",51,"group_char","control","dementia",6,50,0.12,12,2,15,0.133333333333333,13.3333333333333,1,1,FALSE,"not significant",1,FALSE,"not significant"
"1231","species","Clostridium sp. 26_21",29,"group_char","control","dementia",6,50,0.12,12,0,15,0,0,0.322473864052394,1,FALSE,"not significant",1,FALSE,"not significant"
"1232","species","Clostridium sp. AF34-10BH",8,"group_char","control","dementia",1,50,0.02,2,1,15,0.0666666666666667,6.66666666666667,0.411057692307692,1,FALSE,"not significant",1,FALSE,"not significant"
"1233","species","Clostridium sp. AF36-4",7,"group_char","control","dementia",0,50,0,0,1,15,0.0666666666666667,6.66666666666667,0.230769230769231,1,FALSE,"not significant",1,FALSE,"not significant"
"1234","species","Clostridium sp. AF37-5",71,"group_char","control","dementia",7,50,0.14,14,1,15,0.0666666666666667,6.66666666666667,0.669427904317184,1,FALSE,"not significant",1,FALSE,"not significant"
"1235","species","Clostridium sp. CAG:1219",19,"group_char","control","dementia",1,50,0.02,2,0,15,0,0,1,1,FALSE,"not significant",1,FALSE,"not significant"
"1236","species","Clostridium sp. CAG:138",74,"group_char","control","dementia",2,50,0.04,4,0,15,0,0,1,1,FALSE,"not significant",1,FALSE,"not significant"
"1237","species","Clostridium sp. CAG:167",7,"group_char","control","dementia",2,50,0.04,4,0,15,0,0,1,1,FALSE,"not significant",1,FALSE,"not significant"
"1238","species","Clostridium sp. CAG:288",55,"group_char","control","dementia",4,50,0.08,8,0,15,0,0,0.56575682382134,1,FALSE,"not significant",1,FALSE,"not significant"
"1239","species","Clostridium sp. CAG:302",44,"group_char","control","dementia",2,50,0.04,4,0,15,0,0,1,1,FALSE,"not significant",1,FALSE,"not significant"
"1240","species","Clostridium sp. CAG:448",12,"group_char","control","dementia",2,50,0.04,4,0,15,0,0,1,1,FALSE,"not significant",1,FALSE,"not significant"
"1241","species","Clostridium sp. CAG:571",11,"group_char","control","dementia",2,50,0.04,4,0,15,0,0,1,1,FALSE,"not significant",1,FALSE,"not significant"
"1242","species","Clostridium sp. CAG:575",3,"group_char","control","dementia",1,50,0.02,2,0,15,0,0,1,1,FALSE,"not significant",1,FALSE,"not significant"
"1243","species","Clostridium sp. CAG:609",6,"group_char","control","dementia",1,50,0.02,2,2,15,0.133333333333333,13.3333333333333,0.130608974358974,1,FALSE,"not significant",1,FALSE,"not significant"
"1244","species","Clostridium sp. CAG:62",477,"group_char","control","dementia",21,50,0.42,42,3,15,0.2,20,0.141732624959892,1,FALSE,"not significant",1,FALSE,"not significant"
"1245","species","Clostridium sp. CAG:678",9,"group_char","control","dementia",0,50,0,0,1,15,0.0666666666666667,6.66666666666667,0.230769230769231,1,FALSE,"not significant",1,FALSE,"not significant"
"1246","species","Clostridium sp. D5",40,"group_char","control","dementia",2,50,0.04,4,0,15,0,0,1,1,FALSE,"not significant",1,FALSE,"not significant"
"1247","species","Clostridium sp. L2-50",71,"group_char","control","dementia",4,50,0.08,8,0,15,0,0,0.56575682382134,1,FALSE,"not significant",1,FALSE,"not significant"
"1248","species","Clostridium symbiosum",34,"group_char","control","dementia",4,50,0.08,8,0,15,0,0,0.56575682382134,1,FALSE,"not significant",1,FALSE,"not significant"
"1249","species","Clostridium tetani",108,"group_char","control","dementia",15,50,0.3,30,2,15,0.133333333333333,13.3333333333333,0.31705685215984,1,FALSE,"not significant",1,FALSE,"not significant"
"1250","species","Cochliobolus lunatus",69,"group_char","control","dementia",1,50,0.02,2,0,15,0,0,1,1,FALSE,"not significant",1,FALSE,"not significant"
"1251","species","Collinsella aerofaciens",184,"group_char","control","dementia",5,50,0.1,10,3,15,0.2,20,0.372587655132615,1,FALSE,"not significant",1,FALSE,"not significant"
"1252","species","Collinsella sp.",15,"group_char","control","dementia",4,50,0.08,8,2,15,0.133333333333333,13.3333333333333,0.615232070943335,1,FALSE,"not significant",1,FALSE,"not significant"
"1253","species","Collinsella sp. 4_8_47FAA",81,"group_char","control","dementia",1,50,0.02,2,0,15,0,0,1,1,FALSE,"not significant",1,FALSE,"not significant"
"1254","species","Collinsella tanakaei",10,"group_char","control","dementia",1,50,0.02,2,0,15,0,0,1,1,FALSE,"not significant",1,FALSE,"not significant"
"1255","species","Colunavirus CL1",204,"group_char","control","dementia",9,50,0.18,18,1,15,0.0666666666666667,6.66666666666667,0.431218930427593,1,FALSE,"not significant",1,FALSE,"not significant"
"1256","species","Common moorhen coronavirus HKU21",193,"group_char","control","dementia",3,50,0.06,6,2,15,0.133333333333333,13.3333333333333,0.325262037451355,1,FALSE,"not significant",1,FALSE,"not significant"
"1257","species","Coprinus comatus",23,"group_char","control","dementia",2,50,0.04,4,0,15,0,0,1,1,FALSE,"not significant",1,FALSE,"not significant"
"1258","species","Coprococcus catus",194,"group_char","control","dementia",14,50,0.28,28,3,15,0.2,20,0.740679181587149,1,FALSE,"not significant",1,FALSE,"not significant"
"1259","species","Coprococcus comes",708,"group_char","control","dementia",36,50,0.72,72,4,15,0.266666666666667,26.6666666666667,0.00242654429035485,1,FALSE,"nominal only",0.760440749449377,FALSE,"nominal only"
"1260","species","Coprococcus eutactus",8,"group_char","control","dementia",1,50,0.02,2,0,15,0,0,1,1,FALSE,"not significant",1,FALSE,"not significant"
"1261","species","Coprococcus sp. AF19-8AC",72,"group_char","control","dementia",3,50,0.06,6,0,15,0,0,1,1,FALSE,"not significant",1,FALSE,"not significant"
"1262","species","Coprococcus sp. AF21-14LB",25,"group_char","control","dementia",0,50,0,0,1,15,0.0666666666666667,6.66666666666667,0.230769230769231,1,FALSE,"not significant",1,FALSE,"not significant"
"1263","species","Coriobacteriia bacterium",17,"group_char","control","dementia",8,50,0.16,16,1,15,0.0666666666666667,6.66666666666667,0.671913408796002,1,FALSE,"not significant",1,FALSE,"not significant"
"1264","species","Coronavirus AcCoV-JC34",205,"group_char","control","dementia",3,50,0.06,6,0,15,0,0,1,1,FALSE,"not significant",1,FALSE,"not significant"
"1265","species","Coronavirus HKU15",190,"group_char","control","dementia",9,50,0.18,18,1,15,0.0666666666666667,6.66666666666667,0.431218930427593,1,FALSE,"not significant",1,FALSE,"not significant"
"1266","species","Corylus avellana",124,"group_char","control","dementia",2,50,0.04,4,1,15,0.0666666666666667,6.66666666666667,0.551282051282051,1,FALSE,"not significant",1,FALSE,"not significant"
"1267","species","Corynebacterium diphtheriae",204,"group_char","control","dementia",11,50,0.22,22,1,15,0.0666666666666667,6.66666666666667,0.267244347846239,1,FALSE,"not significant",1,FALSE,"not significant"
"1268","species","Corynephage beta",13,"group_char","control","dementia",2,50,0.04,4,1,15,0.0666666666666667,6.66666666666667,0.551282051282051,1,FALSE,"not significant",1,FALSE,"not significant"
"1269","species","Crangon crangon",29,"group_char","control","dementia",1,50,0.02,2,0,15,0,0,1,1,FALSE,"not significant",1,FALSE,"not significant"
"1270","species","Cronobacter sakazakii",6,"group_char","control","dementia",6,50,0.12,12,1,15,0.0666666666666667,6.66666666666667,1,1,FALSE,"not significant",1,FALSE,"not significant"
"1271","species","Cryptomeria japonica",161,"group_char","control","dementia",2,50,0.04,4,1,15,0.0666666666666667,6.66666666666667,0.551282051282051,1,FALSE,"not significant",1,FALSE,"not significant"
"1272","species","Ctenocephalides felis",46,"group_char","control","dementia",1,50,0.02,2,0,15,0,0,1,1,FALSE,"not significant",1,FALSE,"not significant"
"1273","species","Cucumis melo",36,"group_char","control","dementia",2,50,0.04,4,0,15,0,0,1,1,FALSE,"not significant",1,FALSE,"not significant"
"1274","species","Culex quinquefasciatus",68,"group_char","control","dementia",1,50,0.02,2,0,15,0,0,1,1,FALSE,"not significant",1,FALSE,"not significant"
"1275","species","Culicoides nubeculosus",154,"group_char","control","dementia",3,50,0.06,6,2,15,0.133333333333333,13.3333333333333,0.325262037451355,1,FALSE,"not significant",1,FALSE,"not significant"
"1276","species","Culicoides obsoletus",63,"group_char","control","dementia",5,50,0.1,10,0,15,0,0,0.581773990155799,1,FALSE,"not significant",1,FALSE,"not significant"
"1277","species","Culicoides sonorensis",77,"group_char","control","dementia",2,50,0.04,4,0,15,0,0,1,1,FALSE,"not significant",1,FALSE,"not significant"
"1278","species","Cynodon dactylon",73,"group_char","control","dementia",4,50,0.08,8,2,15,0.133333333333333,13.3333333333333,0.615232070943335,1,FALSE,"not significant",1,FALSE,"not significant"
"1279","species","Cyprinus carpio",29,"group_char","control","dementia",1,50,0.02,2,0,15,0,0,1,1,FALSE,"not significant",1,FALSE,"not significant"
"1280","species","Cytomegalovirus humanbeta5",1396,"group_char","control","dementia",39,50,0.78,78,13,15,0.866666666666667,86.6666666666667,0.715372654351685,1,FALSE,"not significant",1,FALSE,"not significant"
"1281","species","Dactylis glomerata",42,"group_char","control","dementia",1,50,0.02,2,2,15,0.133333333333333,13.3333333333333,0.130608974358974,1,FALSE,"not significant",1,FALSE,"not significant"
"1282","species","Danio rerio",148,"group_char","control","dementia",6,50,0.12,12,0,15,0,0,0.322473864052394,1,FALSE,"not significant",1,FALSE,"not significant"
"1283","species","Daucus carota",59,"group_char","control","dementia",3,50,0.06,6,1,15,0.0666666666666667,6.66666666666667,1,1,FALSE,"not significant",1,FALSE,"not significant"
"1284","species","Davidiella tassiana",111,"group_char","control","dementia",7,50,0.14,14,0,15,0,0,0.187554625848417,1,FALSE,"not significant",1,FALSE,"not significant"
"1285","species","Deep-sea thermophilic phage D6E",313,"group_char","control","dementia",6,50,0.12,12,4,15,0.266666666666667,26.6666666666667,0.221282569984559,1,FALSE,"not significant",1,FALSE,"not significant"
"1286","species","Dermatophagoides farinae",485,"group_char","control","dementia",8,50,0.16,16,2,15,0.133333333333333,13.3333333333333,1,1,FALSE,"not significant",1,FALSE,"not significant"
"1287","species","Dermatophagoides pteronyssinus",294,"group_char","control","dementia",7,50,0.14,14,0,15,0,0,0.187554625848417,1,FALSE,"not significant",1,FALSE,"not significant"
"1288","species","Dialister sp. CAG:486",60,"group_char","control","dementia",1,50,0.02,2,0,15,0,0,1,1,FALSE,"not significant",1,FALSE,"not significant"
"1289","species","Dialister succinatiphilus",6,"group_char","control","dementia",2,50,0.04,4,0,15,0,0,1,1,FALSE,"not significant",1,FALSE,"not significant"
"1290","species","Dianthus caryophyllus",9,"group_char","control","dementia",1,50,0.02,2,0,15,0,0,1,1,FALSE,"not significant",1,FALSE,"not significant"
"1291","species","Dictyocaulus viviparus",43,"group_char","control","dementia",0,50,0,0,1,15,0.0666666666666667,6.66666666666667,0.230769230769231,1,FALSE,"not significant",1,FALSE,"not significant"
"1292","species","Diegovirus POCJ13",369,"group_char","control","dementia",9,50,0.18,18,1,15,0.0666666666666667,6.66666666666667,0.431218930427593,1,FALSE,"not significant",1,FALSE,"not significant"
"1293","species","Diegovirus dv7502Stx",69,"group_char","control","dementia",3,50,0.06,6,2,15,0.133333333333333,13.3333333333333,0.325262037451355,1,FALSE,"not significant",1,FALSE,"not significant"
"1294","species","Dolichovespula maculata",39,"group_char","control","dementia",1,50,0.02,2,0,15,0,0,1,1,FALSE,"not significant",1,FALSE,"not significant"
"1295","species","Dorea formicigenerans",1952,"group_char","control","dementia",42,50,0.84,84,11,15,0.733333333333333,73.3333333333333,0.449189193563535,1,FALSE,"not significant",1,FALSE,"not significant"
"1296","species","Dorea longicatena",2311,"group_char","control","dementia",40,50,0.8,80,12,15,0.8,80,1,1,FALSE,"not significant",1,FALSE,"not significant"
"1297","species","Dorea sp. 42_8",13,"group_char","control","dementia",1,50,0.02,2,0,15,0,0,1,1,FALSE,"not significant",1,FALSE,"not significant"
"1298","species","Dorea sp. AF36-15AT",47,"group_char","control","dementia",4,50,0.08,8,1,15,0.0666666666666667,6.66666666666667,1,1,FALSE,"not significant",1,FALSE,"not significant"
"1299","species","Dorea sp. AM58-8",7,"group_char","control","dementia",3,50,0.06,6,0,15,0,0,1,1,FALSE,"not significant",1,FALSE,"not significant"
"1300","species","Dorea sp. OM07-5",45,"group_char","control","dementia",6,50,0.12,12,3,15,0.2,20,0.419989776264361,1,FALSE,"not significant",1,FALSE,"not significant"
"1301","species","Douglaswolinvirus B2",665,"group_char","control","dementia",25,50,0.5,50,6,15,0.4,40,0.565128188537421,1,FALSE,"not significant",1,FALSE,"not significant"
"1302","species","Drosophila erecta",22,"group_char","control","dementia",1,50,0.02,2,0,15,0,0,1,1,FALSE,"not significant",1,FALSE,"not significant"
"1303","species","Drosophila grimshawi",32,"group_char","control","dementia",1,50,0.02,2,0,15,0,0,1,1,FALSE,"not significant",1,FALSE,"not significant"
"1304","species","Drosophila melanogaster",111,"group_char","control","dementia",3,50,0.06,6,0,15,0,0,1,1,FALSE,"not significant",1,FALSE,"not significant"
"1305","species","Drosophila mojavensis",24,"group_char","control","dementia",1,50,0.02,2,0,15,0,0,1,1,FALSE,"not significant",1,FALSE,"not significant"
"1306","species","Drosophila pseudoobscura",55,"group_char","control","dementia",2,50,0.04,4,1,15,0.0666666666666667,6.66666666666667,0.551282051282051,1,FALSE,"not significant",1,FALSE,"not significant"
"1307","species","Drosophila sechellia",4,"group_char","control","dementia",1,50,0.02,2,0,15,0,0,1,1,FALSE,"not significant",1,FALSE,"not significant"
"1308","species","Drosophila simulans",21,"group_char","control","dementia",2,50,0.04,4,0,15,0,0,1,1,FALSE,"not significant",1,FALSE,"not significant"
"1309","species","Drosophila virilis",22,"group_char","control","dementia",1,50,0.02,2,0,15,0,0,1,1,FALSE,"not significant",1,FALSE,"not significant"
"1310","species","Dubowvirus SP5",221,"group_char","control","dementia",7,50,0.14,14,2,15,0.133333333333333,13.3333333333333,1,1,FALSE,"not significant",1,FALSE,"not significant"
"1311","species","Dubowvirus dv11",278,"group_char","control","dementia",15,50,0.3,30,2,15,0.133333333333333,13.3333333333333,0.31705685215984,1,FALSE,"not significant",1,FALSE,"not significant"
"1312","species","Eapunavirus Eap1",255,"group_char","control","dementia",15,50,0.3,30,3,15,0.2,20,0.529054870846662,1,FALSE,"not significant",1,FALSE,"not significant"
"1313","species","Echinococcus granulosus",70,"group_char","control","dementia",5,50,0.1,10,3,15,0.2,20,0.372587655132615,1,FALSE,"not significant",1,FALSE,"not significant"
"1314","species","Eganvirus PsP3",1271,"group_char","control","dementia",25,50,0.5,50,8,15,0.533333333333333,53.3333333333333,1,1,FALSE,"not significant",1,FALSE,"not significant"
"1315","species","Eggerthella sp. CAG:298",5,"group_char","control","dementia",0,50,0,0,1,15,0.0666666666666667,6.66666666666667,0.230769230769231,1,FALSE,"not significant",1,FALSE,"not significant"
"1316","species","Ehrlichia chaffeensis",91,"group_char","control","dementia",4,50,0.08,8,1,15,0.0666666666666667,6.66666666666667,1,1,FALSE,"not significant",1,FALSE,"not significant"
"1317","species","Eisenbergiella tayi",56,"group_char","control","dementia",1,50,0.02,2,0,15,0,0,1,1,FALSE,"not significant",1,FALSE,"not significant"
"1318","species","Emericella nidulans",50,"group_char","control","dementia",2,50,0.04,4,0,15,0,0,1,1,FALSE,"not significant",1,FALSE,"not significant"
"1319","species","Entamoeba histolytica",67,"group_char","control","dementia",7,50,0.14,14,2,15,0.133333333333333,13.3333333333333,1,1,FALSE,"not significant",1,FALSE,"not significant"
"1320","species","Enterobacter cloacae",29,"group_char","control","dementia",0,50,0,0,1,15,0.0666666666666667,6.66666666666667,0.230769230769231,1,FALSE,"not significant",1,FALSE,"not significant"
"1321","species","Enterobacter ludwigii",1,"group_char","control","dementia",3,50,0.06,6,0,15,0,0,1,1,FALSE,"not significant",1,FALSE,"not significant"
"1322","species","Enterobacter phage Arya",374,"group_char","control","dementia",17,50,0.34,34,2,15,0.133333333333333,13.3333333333333,0.196117778688514,1,FALSE,"not significant",1,FALSE,"not significant"
"1323","species","Enterobacteria phage Sf101",334,"group_char","control","dementia",15,50,0.3,30,7,15,0.466666666666667,46.6666666666667,0.350726400485382,1,FALSE,"not significant",1,FALSE,"not significant"
"1324","species","Enterocloster bolteae",24,"group_char","control","dementia",4,50,0.08,8,0,15,0,0,0.56575682382134,1,FALSE,"not significant",1,FALSE,"not significant"
"1325","species","Enterocloster clostridioformis",62,"group_char","control","dementia",6,50,0.12,12,0,15,0,0,0.322473864052394,1,FALSE,"not significant",1,FALSE,"not significant"
"1326","species","Enterococcus asini",21,"group_char","control","dementia",6,50,0.12,12,0,15,0,0,0.322473864052394,1,FALSE,"not significant",1,FALSE,"not significant"
"1327","species","Enterococcus faecalis",1585,"group_char","control","dementia",38,50,0.76,76,11,15,0.733333333333333,73.3333333333333,1,1,FALSE,"not significant",1,FALSE,"not significant"
"1328","species","Enterococcus faecium",38,"group_char","control","dementia",1,50,0.02,2,0,15,0,0,1,1,FALSE,"not significant",1,FALSE,"not significant"
"1329","species","Enterovirus A",118,"group_char","control","dementia",29,50,0.58,58,4,15,0.266666666666667,26.6666666666667,0.0423511997204971,1,FALSE,"nominal only",1,FALSE,"nominal only"
"1330","species","Enterovirus B",295,"group_char","control","dementia",43,50,0.86,86,9,15,0.6,60,0.0591852913925298,1,FALSE,"not significant",1,FALSE,"not significant"
"1331","species","Enterovirus C",142,"group_char","control","dementia",40,50,0.8,80,9,15,0.6,60,0.170091037403903,1,FALSE,"not significant",1,FALSE,"not significant"
"1332","species","Epicoccum nigrum",7,"group_char","control","dementia",10,50,0.2,20,2,15,0.133333333333333,13.3333333333333,0.716974684439761,1,FALSE,"not significant",1,FALSE,"not significant"
"1333","species","Epinephelus bruneus",13,"group_char","control","dementia",1,50,0.02,2,0,15,0,0,1,1,FALSE,"not significant",1,FALSE,"not significant"
"1334","species","Epinephelus coioides",61,"group_char","control","dementia",5,50,0.1,10,0,15,0,0,0.581773990155799,1,FALSE,"not significant",1,FALSE,"not significant"
"1335","species","Epseptimavirus 100268sal2",913,"group_char","control","dementia",21,50,0.42,42,3,15,0.2,20,0.141732624959892,1,FALSE,"not significant",1,FALSE,"not significant"
"1336","species","Equus asinus",27,"group_char","control","dementia",1,50,0.02,2,0,15,0,0,1,1,FALSE,"not significant",1,FALSE,"not significant"
"1337","species","Equus caballus",103,"group_char","control","dementia",3,50,0.06,6,0,15,0,0,1,1,FALSE,"not significant",1,FALSE,"not significant"
"1338","species","Eriocheir sinensis",20,"group_char","control","dementia",0,50,0,0,1,15,0.0666666666666667,6.66666666666667,0.230769230769231,1,FALSE,"not significant",1,FALSE,"not significant"
"1339","species","Erysipelotrichaceae bacterium 3_1_53",7,"group_char","control","dementia",1,50,0.02,2,0,15,0,0,1,1,FALSE,"not significant",1,FALSE,"not significant"
"1340","species","Erythroparvovirus primate1",76,"group_char","control","dementia",5,50,0.1,10,0,15,0,0,0.581773990155799,1,FALSE,"not significant",1,FALSE,"not significant"
"1341","species","Escherichia coli",9007,"group_char","control","dementia",50,50,1,100,15,15,1,100,1,1,FALSE,"not significant",1,FALSE,"not significant"
"1342","species","Escherichia sp. MOD1-EC6163",3,"group_char","control","dementia",1,50,0.02,2,0,15,0,0,1,1,FALSE,"not significant",1,FALSE,"not significant"
"1343","species","Eshraghiella crossota",175,"group_char","control","dementia",17,50,0.34,34,3,15,0.2,20,0.358706804189992,1,FALSE,"not significant",1,FALSE,"not significant"
"1344","species","Esox lucius",19,"group_char","control","dementia",0,50,0,0,1,15,0.0666666666666667,6.66666666666667,0.230769230769231,1,FALSE,"not significant",1,FALSE,"not significant"
"1345","species","Eubacteriaceae bacterium CHKCI004",12,"group_char","control","dementia",2,50,0.04,4,0,15,0,0,1,1,FALSE,"not significant",1,FALSE,"not significant"
"1346","species","Eubacterium plexicaudatum",14,"group_char","control","dementia",3,50,0.06,6,0,15,0,0,1,1,FALSE,"not significant",1,FALSE,"not significant"
"1347","species","Eubacterium ramulus",81,"group_char","control","dementia",4,50,0.08,8,1,15,0.0666666666666667,6.66666666666667,1,1,FALSE,"not significant",1,FALSE,"not significant"
"1348","species","Eubacterium sp.",19,"group_char","control","dementia",3,50,0.06,6,0,15,0,0,1,1,FALSE,"not significant",1,FALSE,"not significant"
"1349","species","Eubacterium sp. 38_16",16,"group_char","control","dementia",8,50,0.16,16,0,15,0,0,0.181590444293655,1,FALSE,"not significant",1,FALSE,"not significant"
"1350","species","Eubacterium sp. 41_20",9,"group_char","control","dementia",0,50,0,0,1,15,0.0666666666666667,6.66666666666667,0.230769230769231,1,FALSE,"not significant",1,FALSE,"not significant"
"1351","species","Eubacterium sp. AF36-5BH",65,"group_char","control","dementia",3,50,0.06,6,1,15,0.0666666666666667,6.66666666666667,1,1,FALSE,"not significant",1,FALSE,"not significant"
"1352","species","Eubacterium sp. CAG:115",193,"group_char","control","dementia",12,50,0.24,24,1,15,0.0666666666666667,6.66666666666667,0.268260620679335,1,FALSE,"not significant",1,FALSE,"not significant"
"1353","species","Eubacterium sp. CAG:180",87,"group_char","control","dementia",3,50,0.06,6,0,15,0,0,1,1,FALSE,"not significant",1,FALSE,"not significant"
"1354","species","Eubacterium sp. CAG:202",22,"group_char","control","dementia",3,50,0.06,6,0,15,0,0,1,1,FALSE,"not significant",1,FALSE,"not significant"
"1355","species","Eubacterium sp. CAG:251",27,"group_char","control","dementia",3,50,0.06,6,0,15,0,0,1,1,FALSE,"not significant",1,FALSE,"not significant"
"1356","species","Eubacterium sp. CAG:38",214,"group_char","control","dementia",9,50,0.18,18,3,15,0.2,20,1,1,FALSE,"not significant",1,FALSE,"not significant"
"1357","species","Eubacterium sp. CAG:86",104,"group_char","control","dementia",10,50,0.2,20,1,15,0.0666666666666667,6.66666666666667,0.433171826803808,1,FALSE,"not significant",1,FALSE,"not significant"
"1358","species","Eubacterium sp. am_0171",12,"group_char","control","dementia",4,50,0.08,8,1,15,0.0666666666666667,6.66666666666667,1,1,FALSE,"not significant",1,FALSE,"not significant"
"1359","species","Eubacterium ventriosum",147,"group_char","control","dementia",11,50,0.22,22,2,15,0.133333333333333,13.3333333333333,0.715372654351685,1,FALSE,"not significant",1,FALSE,"not significant"
"1360","species","Euphausia superba",3,"group_char","control","dementia",1,50,0.02,2,0,15,0,0,1,1,FALSE,"not significant",1,FALSE,"not significant"
"1361","species","Euroglyphus maynei",93,"group_char","control","dementia",5,50,0.1,10,0,15,0,0,0.581773990155799,1,FALSE,"not significant",1,FALSE,"not significant"
"1362","species","Faecalibacterium duncaniae (strain DSM 17677 / JCM 31915 / A2-165)",1041,"group_char","control","dementia",32,50,0.64,64,6,15,0.4,40,0.136920459310279,1,FALSE,"not significant",1,FALSE,"not significant"
"1363","species","Faecalibacterium prausnitzii",3268,"group_char","control","dementia",43,50,0.86,86,10,15,0.666666666666667,66.6666666666667,0.128135001936511,1,FALSE,"not significant",0.965688298477097,FALSE,"not significant"
"1364","species","Faecalibacterium sp. AF10-46",20,"group_char","control","dementia",1,50,0.02,2,0,15,0,0,1,1,FALSE,"not significant",1,FALSE,"not significant"
"1365","species","Faecalibacterium sp. AF27-11BH",17,"group_char","control","dementia",1,50,0.02,2,0,15,0,0,1,1,FALSE,"not significant",1,FALSE,"not significant"
"1366","species","Faecalibacterium sp. CAG:74_58_120",149,"group_char","control","dementia",8,50,0.16,16,0,15,0,0,0.181590444293655,1,FALSE,"not significant",1,FALSE,"not significant"
"1367","species","Faecalibacterium sp. OF04-11AC",17,"group_char","control","dementia",1,50,0.02,2,0,15,0,0,1,1,FALSE,"not significant",1,FALSE,"not significant"
"1368","species","Faecalibacterium sp. OM04-11BH",28,"group_char","control","dementia",2,50,0.04,4,0,15,0,0,1,1,FALSE,"not significant",1,FALSE,"not significant"
"1369","species","Faecalicatena contorta",48,"group_char","control","dementia",1,50,0.02,2,0,15,0,0,1,1,FALSE,"not significant",1,FALSE,"not significant"
"1370","species","Faecalicoccus pleomorphus",13,"group_char","control","dementia",0,50,0,0,1,15,0.0666666666666667,6.66666666666667,0.230769230769231,1,FALSE,"not significant",1,FALSE,"not significant"
"1371","species","Faecalimonas umbilicata",37,"group_char","control","dementia",8,50,0.16,16,2,15,0.133333333333333,13.3333333333333,1,1,FALSE,"not significant",1,FALSE,"not significant"
"1372","species","Faecalitalea cylindroides",55,"group_char","control","dementia",1,50,0.02,2,0,15,0,0,1,1,FALSE,"not significant",1,FALSE,"not significant"
"1373","species","Fagopyrum esculentum",80,"group_char","control","dementia",5,50,0.1,10,2,15,0.133333333333333,13.3333333333333,0.657621758042798,1,FALSE,"not significant",1,FALSE,"not significant"
"1374","species","Fagus sylvatica",13,"group_char","control","dementia",1,50,0.02,2,0,15,0,0,1,1,FALSE,"not significant",1,FALSE,"not significant"
"1375","species","Felixounavirus felixO1",745,"group_char","control","dementia",18,50,0.36,36,4,15,0.266666666666667,26.6666666666667,0.756522400182018,1,FALSE,"not significant",1,FALSE,"not significant"
"1376","species","Ferret coronavirus",214,"group_char","control","dementia",8,50,0.16,16,3,15,0.2,20,0.706089095379752,1,FALSE,"not significant",1,FALSE,"not significant"
"1377","species","Firehammervirus CP21",385,"group_char","control","dementia",13,50,0.26,26,1,15,0.0666666666666667,6.66666666666667,0.159104116041737,1,FALSE,"not significant",1,FALSE,"not significant"
"1378","species","Firehammervirus CPt10",1333,"group_char","control","dementia",22,50,0.44,44,5,15,0.333333333333333,33.3333333333333,0.557897643077679,1,FALSE,"not significant",1,FALSE,"not significant"
"1379","species","Firmicutes bacterium ADurb.Bin262",19,"group_char","control","dementia",2,50,0.04,4,0,15,0,0,1,1,FALSE,"not significant",1,FALSE,"not significant"
"1380","species","Firmicutes bacterium AF36-19BH",9,"group_char","control","dementia",1,50,0.02,2,0,15,0,0,1,1,FALSE,"not significant",1,FALSE,"not significant"
"1381","species","Firmicutes bacterium AM55-24TS",26,"group_char","control","dementia",1,50,0.02,2,0,15,0,0,1,1,FALSE,"not significant",1,FALSE,"not significant"
"1382","species","Firmicutes bacterium ASF500",25,"group_char","control","dementia",1,50,0.02,2,0,15,0,0,1,1,FALSE,"not significant",1,FALSE,"not significant"
"1383","species","Firmicutes bacterium CAG:110",82,"group_char","control","dementia",6,50,0.12,12,0,15,0,0,0.322473864052394,1,FALSE,"not significant",1,FALSE,"not significant"
"1384","species","Firmicutes bacterium CAG:124",103,"group_char","control","dementia",4,50,0.08,8,0,15,0,0,0.56575682382134,1,FALSE,"not significant",1,FALSE,"not significant"
"1385","species","Firmicutes bacterium CAG:129",61,"group_char","control","dementia",6,50,0.12,12,0,15,0,0,0.322473864052394,1,FALSE,"not significant",1,FALSE,"not significant"
"1386","species","Firmicutes bacterium CAG:176",182,"group_char","control","dementia",8,50,0.16,16,0,15,0,0,0.181590444293655,1,FALSE,"not significant",1,FALSE,"not significant"
"1387","species","Firmicutes bacterium CAG:240",44,"group_char","control","dementia",2,50,0.04,4,0,15,0,0,1,1,FALSE,"not significant",1,FALSE,"not significant"
"1388","species","Firmicutes bacterium CAG:24053_14",22,"group_char","control","dementia",1,50,0.02,2,0,15,0,0,1,1,FALSE,"not significant",1,FALSE,"not significant"
"1389","species","Firmicutes bacterium CAG:313",90,"group_char","control","dementia",5,50,0.1,10,0,15,0,0,0.581773990155799,1,FALSE,"not significant",1,FALSE,"not significant"
"1390","species","Firmicutes bacterium CAG:321_26_22",24,"group_char","control","dementia",1,50,0.02,2,0,15,0,0,1,1,FALSE,"not significant",1,FALSE,"not significant"
"1391","species","Firmicutes bacterium CAG:345",12,"group_char","control","dementia",2,50,0.04,4,0,15,0,0,1,1,FALSE,"not significant",1,FALSE,"not significant"
"1392","species","Firmicutes bacterium CAG:449",86,"group_char","control","dementia",3,50,0.06,6,0,15,0,0,1,1,FALSE,"not significant",1,FALSE,"not significant"
"1393","species","Firmicutes bacterium CAG:460",6,"group_char","control","dementia",1,50,0.02,2,0,15,0,0,1,1,FALSE,"not significant",1,FALSE,"not significant"
"1394","species","Firmicutes bacterium CAG:555",12,"group_char","control","dementia",1,50,0.02,2,1,15,0.0666666666666667,6.66666666666667,0.411057692307692,1,FALSE,"not significant",1,FALSE,"not significant"
"1395","species","Firmicutes bacterium CAG:56",272,"group_char","control","dementia",20,50,0.4,40,7,15,0.466666666666667,46.6666666666667,0.767314548988252,1,FALSE,"not significant",1,FALSE,"not significant"
"1396","species","Firmicutes bacterium CAG:882",35,"group_char","control","dementia",3,50,0.06,6,0,15,0,0,1,1,FALSE,"not significant",1,FALSE,"not significant"
"1397","species","Flavonifractor plautii",55,"group_char","control","dementia",1,50,0.02,2,1,15,0.0666666666666667,6.66666666666667,0.411057692307692,1,FALSE,"not significant",1,FALSE,"not significant"
"1398","species","Flavonifractor sp. An135",9,"group_char","control","dementia",1,50,0.02,2,1,15,0.0666666666666667,6.66666666666667,0.411057692307692,1,FALSE,"not significant",1,FALSE,"not significant"
"1399","species","Flavonifractor sp. An82",7,"group_char","control","dementia",1,50,0.02,2,0,15,0,0,1,1,FALSE,"not significant",1,FALSE,"not significant"
"1400","species","Fletchervirus CP30A",1006,"group_char","control","dementia",27,50,0.54,54,4,15,0.266666666666667,26.6666666666667,0.0812041696822805,1,FALSE,"not significant",1,FALSE,"not significant"
"1401","species","Fletchervirus CPX",202,"group_char","control","dementia",3,50,0.06,6,1,15,0.0666666666666667,6.66666666666667,1,1,FALSE,"not significant",1,FALSE,"not significant"
"1402","species","Fletchervirus NCTC12673",900,"group_char","control","dementia",20,50,0.4,40,1,15,0.0666666666666667,6.66666666666667,0.0248529602860298,1,FALSE,"nominal only",0.965688298477097,FALSE,"nominal only"
"1403","species","Foot-and-mouth disease virus",68,"group_char","control","dementia",4,50,0.08,8,0,15,0,0,0.56575682382134,1,FALSE,"not significant",1,FALSE,"not significant"
"1404","species","Forcipomyia taiwana",16,"group_char","control","dementia",1,50,0.02,2,0,15,0,0,1,1,FALSE,"not significant",1,FALSE,"not significant"
"1405","species","Francisella tularensis",86,"group_char","control","dementia",3,50,0.06,6,1,15,0.0666666666666667,6.66666666666667,1,1,FALSE,"not significant",1,FALSE,"not significant"
"1406","species","Fusarium culmorum",19,"group_char","control","dementia",1,50,0.02,2,0,15,0,0,1,1,FALSE,"not significant",1,FALSE,"not significant"
"1407","species","Fusarium oxysporum f. sp. cubense (strain race 4)",5,"group_char","control","dementia",4,50,0.08,8,2,15,0.133333333333333,13.3333333333333,0.615232070943335,1,FALSE,"not significant",1,FALSE,"not significant"
"1408","species","Fusicatenibacter saccharivorans",1317,"group_char","control","dementia",41,50,0.82,82,7,15,0.466666666666667,46.6666666666667,0.0155145349673262,1,FALSE,"nominal only",0.760440749449377,FALSE,"nominal only"
"1409","species","Gadus morhua",26,"group_char","control","dementia",3,50,0.06,6,0,15,0,0,1,1,FALSE,"not significant",1,FALSE,"not significant"
"1410","species","Gallus gallus",487,"group_char","control","dementia",26,50,0.52,52,6,15,0.4,40,0.557965593995684,1,FALSE,"not significant",1,FALSE,"not significant"
"1411","species","Gaprivervirus sp18",1212,"group_char","control","dementia",26,50,0.52,52,7,15,0.466666666666667,46.6666666666667,0.774649126350741,1,FALSE,"not significant",1,FALSE,"not significant"
"1412","species","Gasterosteus aculeatus",77,"group_char","control","dementia",4,50,0.08,8,1,15,0.0666666666666667,6.66666666666667,1,1,FALSE,"not significant",1,FALSE,"not significant"
"1413","species","Gelderlandvirus s16",295,"group_char","control","dementia",10,50,0.2,20,3,15,0.2,20,1,1,FALSE,"not significant",1,FALSE,"not significant"
"1414","species","Gelderlandvirus stml198",907,"group_char","control","dementia",16,50,0.32,32,7,15,0.466666666666667,46.6666666666667,0.361405242582662,1,FALSE,"not significant",1,FALSE,"not significant"
"1415","species","Gemmiger formicilis",939,"group_char","control","dementia",29,50,0.58,58,8,15,0.533333333333333,53.3333333333333,0.773994514089067,1,FALSE,"not significant",1,FALSE,"not significant"
"1416","species","Geobacillus phage GBK2",349,"group_char","control","dementia",15,50,0.3,30,3,15,0.2,20,0.529054870846662,1,FALSE,"not significant",1,FALSE,"not significant"
"1417","species","Geobacillus virus E3",3,"group_char","control","dementia",2,50,0.04,4,0,15,0,0,1,1,FALSE,"not significant",1,FALSE,"not significant"
"1418","species","Gibberella intermedia",20,"group_char","control","dementia",1,50,0.02,2,0,15,0,0,1,1,FALSE,"not significant",1,FALSE,"not significant"
"1419","species","Gillichthys mirabilis",15,"group_char","control","dementia",1,50,0.02,2,0,15,0,0,1,1,FALSE,"not significant",1,FALSE,"not significant"
"1420","species","Glossina morsitans",46,"group_char","control","dementia",1,50,0.02,2,1,15,0.0666666666666667,6.66666666666667,0.411057692307692,1,FALSE,"not significant",1,FALSE,"not significant"
"1421","species","Glycine max",475,"group_char","control","dementia",13,50,0.26,26,3,15,0.2,20,0.744292010326647,1,FALSE,"not significant",1,FALSE,"not significant"
"1422","species","Glycine soja",22,"group_char","control","dementia",1,50,0.02,2,0,15,0,0,1,1,FALSE,"not significant",1,FALSE,"not significant"
"1423","species","Glycyphagus domesticus",39,"group_char","control","dementia",1,50,0.02,2,0,15,0,0,1,1,FALSE,"not significant",1,FALSE,"not significant"
"1424","species","Gossypium hirsutum",19,"group_char","control","dementia",1,50,0.02,2,1,15,0.0666666666666667,6.66666666666667,0.411057692307692,1,FALSE,"not significant",1,FALSE,"not significant"
"1425","species","Gregsiragusavirus phi24R",171,"group_char","control","dementia",8,50,0.16,16,2,15,0.133333333333333,13.3333333333333,1,1,FALSE,"not significant",1,FALSE,"not significant"
"1426","species","Haemophilus haemolyticus",6,"group_char","control","dementia",2,50,0.04,4,1,15,0.0666666666666667,6.66666666666667,0.551282051282051,1,FALSE,"not significant",1,FALSE,"not significant"
"1427","species","Haemophilus influenzae",1038,"group_char","control","dementia",46,50,0.92,92,14,15,0.933333333333333,93.3333333333333,1,1,FALSE,"not significant",1,FALSE,"not significant"
"1428","species","Haemophilus parainfluenzae",753,"group_char","control","dementia",39,50,0.78,78,12,15,0.8,80,1,1,FALSE,"not significant",1,FALSE,"not significant"
"1429","species","Haemophilus sp. CCUG 66565",8,"group_char","control","dementia",0,50,0,0,1,15,0.0666666666666667,6.66666666666667,0.230769230769231,1,FALSE,"not significant",1,FALSE,"not significant"
"1430","species","Haliotis asinina",13,"group_char","control","dementia",1,50,0.02,2,0,15,0,0,1,1,FALSE,"not significant",1,FALSE,"not significant"
"1431","species","Hanrivervirus pSf1",438,"group_char","control","dementia",11,50,0.22,22,3,15,0.2,20,1,1,FALSE,"not significant",1,FALSE,"not significant"
"1432","species","Harmonia axyridis",11,"group_char","control","dementia",1,50,0.02,2,1,15,0.0666666666666667,6.66666666666667,0.411057692307692,1,FALSE,"not significant",1,FALSE,"not significant"
"1433","species","Hathewaya histolytica",36,"group_char","control","dementia",0,50,0,0,1,15,0.0666666666666667,6.66666666666667,0.230769230769231,1,FALSE,"not significant",1,FALSE,"not significant"
"1434","species","Hedgehog coronavirus 1",230,"group_char","control","dementia",15,50,0.3,30,3,15,0.2,20,0.529054870846662,1,FALSE,"not significant",1,FALSE,"not significant"
"1435","species","Helianthus annuus",23,"group_char","control","dementia",1,50,0.02,2,0,15,0,0,1,1,FALSE,"not significant",1,FALSE,"not significant"
"1436","species","Helicobacter acinonychis",44,"group_char","control","dementia",1,50,0.02,2,0,15,0,0,1,1,FALSE,"not significant",1,FALSE,"not significant"
"1437","species","Helicobacter pylori",1079,"group_char","control","dementia",32,50,0.64,64,8,15,0.533333333333333,53.3333333333333,0.549307463344986,1,FALSE,"not significant",1,FALSE,"not significant"
"1438","species","Hepacivirus hominis",169,"group_char","control","dementia",4,50,0.08,8,0,15,0,0,0.56575682382134,1,FALSE,"not significant",1,FALSE,"not significant"
"1439","species","Hepatitis E virus",133,"group_char","control","dementia",1,50,0.02,2,2,15,0.133333333333333,13.3333333333333,0.130608974358974,1,FALSE,"not significant",1,FALSE,"not significant"
"1440","species","Hepatitis delta virus",11,"group_char","control","dementia",1,50,0.02,2,0,15,0,0,1,1,FALSE,"not significant",1,FALSE,"not significant"
"1441","species","Hepatovirus ahepa",120,"group_char","control","dementia",7,50,0.14,14,0,15,0,0,0.187554625848417,1,FALSE,"not significant",1,FALSE,"not significant"
"1442","species","Hespellia stercorisuis",26,"group_char","control","dementia",2,50,0.04,4,0,15,0,0,1,1,FALSE,"not significant",1,FALSE,"not significant"
"1443","species","Hesperocyparis arizonica",43,"group_char","control","dementia",1,50,0.02,2,0,15,0,0,1,1,FALSE,"not significant",1,FALSE,"not significant"
"1444","species","Heterodera glycines",8,"group_char","control","dementia",1,50,0.02,2,0,15,0,0,1,1,FALSE,"not significant",1,FALSE,"not significant"
"1445","species","Hevea brasiliensis",256,"group_char","control","dementia",3,50,0.06,6,1,15,0.0666666666666667,6.66666666666667,1,1,FALSE,"not significant",1,FALSE,"not significant"
"1446","species","Hippoglossus hippoglossus",7,"group_char","control","dementia",1,50,0.02,2,0,15,0,0,1,1,FALSE,"not significant",1,FALSE,"not significant"
"1447","species","Holdemanella biformis",114,"group_char","control","dementia",12,50,0.24,24,0,15,0,0,0.0536645534568739,1,FALSE,"not significant",1,FALSE,"not significant"
"1448","species","Homarus gammarus",16,"group_char","control","dementia",1,50,0.02,2,1,15,0.0666666666666667,6.66666666666667,0.411057692307692,1,FALSE,"not significant",1,FALSE,"not significant"
"1449","species","Homo sapiens",22282,"group_char","control","dementia",50,50,1,100,15,15,1,100,1,1,FALSE,"not significant",0.965688298477097,FALSE,"not significant"
"1450","species","Hopescreekvirus LfeInf",907,"group_char","control","dementia",29,50,0.58,58,7,15,0.466666666666667,46.6666666666667,0.556601290273448,1,FALSE,"not significant",1,FALSE,"not significant"
"1451","species","Hordeum vulgare",418,"group_char","control","dementia",12,50,0.24,24,3,15,0.2,20,1,1,FALSE,"not significant",1,FALSE,"not significant"
"1452","species","Hoylesella timonensis",20,"group_char","control","dementia",5,50,0.1,10,0,15,0,0,0.581773990155799,1,FALSE,"not significant",1,FALSE,"not significant"
"1453","species","Human coronavirus 229E",405,"group_char","control","dementia",28,50,0.56,56,5,15,0.333333333333333,33.3333333333333,0.149744519460108,1,FALSE,"not significant",1,FALSE,"not significant"
"1454","species","Human coronavirus HKU1",228,"group_char","control","dementia",31,50,0.62,62,8,15,0.533333333333333,53.3333333333333,0.56306843087794,1,FALSE,"not significant",1,FALSE,"not significant"
"1455","species","Human coronavirus NL63",207,"group_char","control","dementia",26,50,0.52,52,4,15,0.266666666666667,26.6666666666667,0.138847519525956,1,FALSE,"not significant",1,FALSE,"not significant"
"1456","species","Human immunodeficiency virus type 1",220,"group_char","control","dementia",3,50,0.06,6,1,15,0.0666666666666667,6.66666666666667,1,1,FALSE,"not significant",1,FALSE,"not significant"
"1457","species","Human mastadenovirus A",32,"group_char","control","dementia",11,50,0.22,22,3,15,0.2,20,1,1,FALSE,"not significant",1,FALSE,"not significant"
"1458","species","Human mastadenovirus C",102,"group_char","control","dementia",43,50,0.86,86,13,15,0.866666666666667,86.6666666666667,1,1,FALSE,"not significant",1,FALSE,"not significant"
"1459","species","Ixodes scapularis",20,"group_char","control","dementia",1,50,0.02,2,0,15,0,0,1,1,FALSE,"not significant",1,FALSE,"not significant"
"1460","species","Jasus lalandii",11,"group_char","control","dementia",1,50,0.02,2,0,15,0,0,1,1,FALSE,"not significant",1,FALSE,"not significant"
"1461","species","Jerseyvirus Ent1",331,"group_char","control","dementia",9,50,0.18,18,2,15,0.133333333333333,13.3333333333333,1,1,FALSE,"not significant",1,FALSE,"not significant"
"1462","species","Jerseyvirus SE2",56,"group_char","control","dementia",3,50,0.06,6,0,15,0,0,1,1,FALSE,"not significant",1,FALSE,"not significant"
"1463","species","Jerseyvirus f18SE",273,"group_char","control","dementia",6,50,0.12,12,4,15,0.266666666666667,26.6666666666667,0.221282569984559,1,FALSE,"not significant",1,FALSE,"not significant"
"1464","species","Jerseyvirus jersey",164,"group_char","control","dementia",4,50,0.08,8,1,15,0.0666666666666667,6.66666666666667,1,1,FALSE,"not significant",1,FALSE,"not significant"
"1465","species","Jiaodavirus jd18",1212,"group_char","control","dementia",17,50,0.34,34,4,15,0.266666666666667,26.6666666666667,0.756522400182019,1,FALSE,"not significant",1,FALSE,"not significant"
"1466","species","Juglans nigra",32,"group_char","control","dementia",2,50,0.04,4,0,15,0,0,1,1,FALSE,"not significant",1,FALSE,"not significant"
"1467","species","Juglans regia",39,"group_char","control","dementia",1,50,0.02,2,0,15,0,0,1,1,FALSE,"not significant",1,FALSE,"not significant"
"1468","species","Junavirus PL1",273,"group_char","control","dementia",15,50,0.3,30,3,15,0.2,20,0.529054870846662,1,FALSE,"not significant",1,FALSE,"not significant"
"1469","species","Juniperus ashei",26,"group_char","control","dementia",1,50,0.02,2,0,15,0,0,1,1,FALSE,"not significant",1,FALSE,"not significant"
"1470","species","Kali turgidum",71,"group_char","control","dementia",2,50,0.04,4,0,15,0,0,1,1,FALSE,"not significant",1,FALSE,"not significant"
"1471","species","Kayvirus G1",1120,"group_char","control","dementia",23,50,0.46,46,4,15,0.266666666666667,26.6666666666667,0.238756923317577,1,FALSE,"not significant",1,FALSE,"not significant"
"1472","species","Kayvirus P108",210,"group_char","control","dementia",5,50,0.1,10,1,15,0.0666666666666667,6.66666666666667,1,1,FALSE,"not significant",1,FALSE,"not significant"
"1473","species","Kineothrix alysoides",7,"group_char","control","dementia",1,50,0.02,2,0,15,0,0,1,1,FALSE,"not significant",1,FALSE,"not significant"
"1474","species","Klebsiella michiganensis",3,"group_char","control","dementia",1,50,0.02,2,0,15,0,0,1,1,FALSE,"not significant",1,FALSE,"not significant"
"1475","species","Klebsiella oxytoca phage phiKO2",447,"group_char","control","dementia",11,50,0.22,22,4,15,0.266666666666667,26.6666666666667,0.733637510756924,1,FALSE,"not significant",1,FALSE,"not significant"
"1476","species","Klebsiella pneumoniae",37,"group_char","control","dementia",0,50,0,0,2,15,0.133333333333333,13.3333333333333,0.0504807692307693,1,FALSE,"not significant",1,FALSE,"not significant"
"1477","species","Kochikohdavirus EF24C",53,"group_char","control","dementia",1,50,0.02,2,0,15,0,0,1,1,FALSE,"not significant",1,FALSE,"not significant"
"1478","species","Krischvirus georgiaone",1491,"group_char","control","dementia",38,50,0.76,76,10,15,0.666666666666667,66.6666666666667,0.512229889175828,1,FALSE,"not significant",1,FALSE,"not significant"
"1479","species","Kuttervirus SFP10",1121,"group_char","control","dementia",22,50,0.44,44,4,15,0.266666666666667,26.6666666666667,0.367912891319699,1,FALSE,"not significant",1,FALSE,"not significant"
"1480","species","Lachnospira eligens",1431,"group_char","control","dementia",33,50,0.66,66,11,15,0.733333333333333,73.3333333333333,0.756522400182019,1,FALSE,"not significant",1,FALSE,"not significant"
"1481","species","Lachnospiraceae bacterium",487,"group_char","control","dementia",23,50,0.46,46,7,15,0.466666666666667,46.6666666666667,1,1,FALSE,"not significant",1,FALSE,"not significant"
"1482","species","Lachnospiraceae bacterium 1_4_56FAA",59,"group_char","control","dementia",1,50,0.02,2,0,15,0,0,1,1,FALSE,"not significant",1,FALSE,"not significant"
"1483","species","Lachnospiraceae bacterium 28-4",21,"group_char","control","dementia",1,50,0.02,2,0,15,0,0,1,1,FALSE,"not significant",1,FALSE,"not significant"
"1484","species","Lachnospiraceae bacterium 2_1_46FAA",18,"group_char","control","dementia",1,50,0.02,2,0,15,0,0,1,1,FALSE,"not significant",1,FALSE,"not significant"
"1485","species","Lachnospiraceae bacterium 2_1_58FAA",175,"group_char","control","dementia",10,50,0.2,20,1,15,0.0666666666666667,6.66666666666667,0.433171826803808,1,FALSE,"not significant",1,FALSE,"not significant"
"1486","species","Lachnospiraceae bacterium 3-1",9,"group_char","control","dementia",2,50,0.04,4,0,15,0,0,1,1,FALSE,"not significant",1,FALSE,"not significant"
"1487","species","Lachnospiraceae bacterium 3_1_46FAA",184,"group_char","control","dementia",8,50,0.16,16,2,15,0.133333333333333,13.3333333333333,1,1,FALSE,"not significant",1,FALSE,"not significant"
"1488","species","Lachnospiraceae bacterium 5_1_63FAA",128,"group_char","control","dementia",7,50,0.14,14,2,15,0.133333333333333,13.3333333333333,1,1,FALSE,"not significant",1,FALSE,"not significant"
"1489","species","Lachnospiraceae bacterium 9_1_43BFAA",18,"group_char","control","dementia",1,50,0.02,2,0,15,0,0,1,1,FALSE,"not significant",1,FALSE,"not significant"
"1490","species","Lachnospiraceae bacterium AM10-38",27,"group_char","control","dementia",4,50,0.08,8,2,15,0.133333333333333,13.3333333333333,0.615232070943335,1,FALSE,"not significant",1,FALSE,"not significant"
"1491","species","Lachnospiraceae bacterium AM21-21",18,"group_char","control","dementia",1,50,0.02,2,0,15,0,0,1,1,FALSE,"not significant",1,FALSE,"not significant"
"1492","species","Lachnospiraceae bacterium AM25-17",4,"group_char","control","dementia",0,50,0,0,1,15,0.0666666666666667,6.66666666666667,0.230769230769231,1,FALSE,"not significant",1,FALSE,"not significant"
"1493","species","Lachnospiraceae bacterium AM26-1LB",42,"group_char","control","dementia",5,50,0.1,10,0,15,0,0,0.581773990155799,1,FALSE,"not significant",1,FALSE,"not significant"
"1494","species","Lachnospiraceae bacterium AM48-27BH",36,"group_char","control","dementia",1,50,0.02,2,0,15,0,0,1,1,FALSE,"not significant",1,FALSE,"not significant"
"1495","species","Lachnospiraceae bacterium MD308",11,"group_char","control","dementia",0,50,0,0,1,15,0.0666666666666667,6.66666666666667,0.230769230769231,1,FALSE,"not significant",1,FALSE,"not significant"
"1496","species","Lachnospiraceae bacterium OM02-26",19,"group_char","control","dementia",1,50,0.02,2,0,15,0,0,1,1,FALSE,"not significant",1,FALSE,"not significant"
"1497","species","Lacnuvirus LcNu",266,"group_char","control","dementia",3,50,0.06,6,2,15,0.133333333333333,13.3333333333333,0.325262037451355,1,FALSE,"not significant",1,FALSE,"not significant"
"1498","species","Lacticaseibacillus casei",28,"group_char","control","dementia",0,50,0,0,1,15,0.0666666666666667,6.66666666666667,0.230769230769231,1,FALSE,"not significant",1,FALSE,"not significant"
"1499","species","Lacticaseibacillus paracasei",136,"group_char","control","dementia",14,50,0.28,28,1,15,0.0666666666666667,6.66666666666667,0.159334766198391,1,FALSE,"not significant",1,FALSE,"not significant"
"1500","species","Lacticaseibacillus rhamnosus",1538,"group_char","control","dementia",44,50,0.88,88,12,15,0.8,80,0.419989776264361,1,FALSE,"not significant",1,FALSE,"not significant"
"1501","species","Lactiplantibacillus garii",19,"group_char","control","dementia",0,50,0,0,2,15,0.133333333333333,13.3333333333333,0.0504807692307693,1,FALSE,"not significant",1,FALSE,"not significant"
"1502","species","Lactiplantibacillus paraplantarum",45,"group_char","control","dementia",3,50,0.06,6,1,15,0.0666666666666667,6.66666666666667,1,1,FALSE,"not significant",1,FALSE,"not significant"
"1503","species","Lactiplantibacillus plantarum",1986,"group_char","control","dementia",42,50,0.84,84,13,15,0.866666666666667,86.6666666666667,1,1,FALSE,"not significant",1,FALSE,"not significant"
"1504","species","Lactobacillus acidophilus",1488,"group_char","control","dementia",41,50,0.82,82,12,15,0.8,80,1,1,FALSE,"not significant",1,FALSE,"not significant"
"1505","species","Lactobacillus amylovorus",57,"group_char","control","dementia",2,50,0.04,4,0,15,0,0,1,1,FALSE,"not significant",1,FALSE,"not significant"
"1506","species","Lactobacillus crispatus",34,"group_char","control","dementia",8,50,0.16,16,1,15,0.0666666666666667,6.66666666666667,0.671913408796002,1,FALSE,"not significant",1,FALSE,"not significant"
"1507","species","Lactobacillus delbrueckii",53,"group_char","control","dementia",1,50,0.02,2,0,15,0,0,1,1,FALSE,"not significant",1,FALSE,"not significant"
"1508","species","Lactobacillus gasseri",176,"group_char","control","dementia",15,50,0.3,30,4,15,0.266666666666667,26.6666666666667,1,1,FALSE,"not significant",1,FALSE,"not significant"
"1509","species","Lactobacillus helveticus",44,"group_char","control","dementia",0,50,0,0,1,15,0.0666666666666667,6.66666666666667,0.230769230769231,1,FALSE,"not significant",1,FALSE,"not significant"
"1510","species","Lactobacillus johnsonii",208,"group_char","control","dementia",23,50,0.46,46,3,15,0.2,20,0.0820510192825555,1,FALSE,"not significant",1,FALSE,"not significant"
"1511","species","Lactobacillus kitasatonis",21,"group_char","control","dementia",3,50,0.06,6,1,15,0.0666666666666667,6.66666666666667,1,1,FALSE,"not significant",1,FALSE,"not significant"
"1512","species","Lactobacillus phage JCL1032",437,"group_char","control","dementia",16,50,0.32,32,5,15,0.333333333333333,33.3333333333333,1,1,FALSE,"not significant",1,FALSE,"not significant"
"1513","species","Lactobacillus phage KC5a",263,"group_char","control","dementia",10,50,0.2,20,4,15,0.266666666666667,26.6666666666667,0.721343857407243,1,FALSE,"not significant",1,FALSE,"not significant"
"1514","species","Lactobacillus phage Lv-1",333,"group_char","control","dementia",5,50,0.1,10,1,15,0.0666666666666667,6.66666666666667,1,1,FALSE,"not significant",1,FALSE,"not significant"
"1515","species","Lactobacillus phage phi jlb1",80,"group_char","control","dementia",7,50,0.14,14,1,15,0.0666666666666667,6.66666666666667,0.669427904317184,1,FALSE,"not significant",1,FALSE,"not significant"
"1516","species","Lactobacillus phage phiAQ113",303,"group_char","control","dementia",16,50,0.32,32,3,15,0.2,20,0.522079219652274,1,FALSE,"not significant",1,FALSE,"not significant"
"1517","species","Lactobacillus phage phig1e",366,"group_char","control","dementia",13,50,0.26,26,4,15,0.266666666666667,26.6666666666667,1,1,FALSE,"not significant",1,FALSE,"not significant"
"1518","species","Lactobacillus prophage Lj771",167,"group_char","control","dementia",12,50,0.24,24,2,15,0.133333333333333,13.3333333333333,0.49145253976822,1,FALSE,"not significant",1,FALSE,"not significant"
"1519","species","Lactobacillus prophage Lj928",21,"group_char","control","dementia",6,50,0.12,12,0,15,0,0,0.322473864052394,1,FALSE,"not significant",1,FALSE,"not significant"
"1520","species","Lactobacillus sp. CBA3605",11,"group_char","control","dementia",1,50,0.02,2,0,15,0,0,1,1,FALSE,"not significant",1,FALSE,"not significant"
"1521","species","Lactobacillus ultunensis",82,"group_char","control","dementia",4,50,0.08,8,1,15,0.0666666666666667,6.66666666666667,1,1,FALSE,"not significant",1,FALSE,"not significant"
"1522","species","Lactococcus lactis phage 645",116,"group_char","control","dementia",5,50,0.1,10,2,15,0.133333333333333,13.3333333333333,0.657621758042798,1,FALSE,"not significant",1,FALSE,"not significant"
"1523","species","Lactococcus lactis subsp. cremoris",18,"group_char","control","dementia",1,50,0.02,2,0,15,0,0,1,1,FALSE,"not significant",1,FALSE,"not significant"
"1524","species","Lactococcus phage bIL285",320,"group_char","control","dementia",14,50,0.28,28,3,15,0.2,20,0.740679181587149,1,FALSE,"not significant",1,FALSE,"not significant"
"1525","species","Lactococcus phage p2",64,"group_char","control","dementia",0,50,0,0,1,15,0.0666666666666667,6.66666666666667,0.230769230769231,1,FALSE,"not significant",1,FALSE,"not significant"
"1526","species","Lafunavirus LF1",361,"group_char","control","dementia",12,50,0.24,24,4,15,0.266666666666667,26.6666666666667,1,1,FALSE,"not significant",1,FALSE,"not significant"
"1527","species","Larmunavirus Lrm1",193,"group_char","control","dementia",10,50,0.2,20,2,15,0.133333333333333,13.3333333333333,0.716974684439761,1,FALSE,"not significant",1,FALSE,"not significant"
"1528","species","Lates calcarifer",7,"group_char","control","dementia",2,50,0.04,4,0,15,0,0,1,1,FALSE,"not significant",1,FALSE,"not significant"
"1529","species","Leclercia adecarboxylata",3,"group_char","control","dementia",5,50,0.1,10,0,15,0,0,0.581773990155799,1,FALSE,"not significant",1,FALSE,"not significant"
"1530","species","Lederbergvirus SE1Spa",6,"group_char","control","dementia",5,50,0.1,10,2,15,0.133333333333333,13.3333333333333,0.657621758042798,1,FALSE,"not significant",1,FALSE,"not significant"
"1531","species","Legionella pneumophila",4000,"group_char","control","dementia",42,50,0.84,84,11,15,0.733333333333333,73.3333333333333,0.449189193563535,1,FALSE,"not significant",1,FALSE,"not significant"
"1532","species","Leishmania braziliensis",70,"group_char","control","dementia",2,50,0.04,4,0,15,0,0,1,1,FALSE,"not significant",1,FALSE,"not significant"
"1533","species","Leishmania chagasi",9,"group_char","control","dementia",0,50,0,0,1,15,0.0666666666666667,6.66666666666667,0.230769230769231,1,FALSE,"not significant",1,FALSE,"not significant"
"1534","species","Leishmania infantum",45,"group_char","control","dementia",1,50,0.02,2,0,15,0,0,1,1,FALSE,"not significant",1,FALSE,"not significant"
"1535","species","Leishmania major",17,"group_char","control","dementia",2,50,0.04,4,0,15,0,0,1,1,FALSE,"not significant",1,FALSE,"not significant"
"1536","species","Lens culinaris",41,"group_char","control","dementia",4,50,0.08,8,0,15,0,0,0.56575682382134,1,FALSE,"not significant",1,FALSE,"not significant"
"1537","species","Lepidoglyphus destructor",69,"group_char","control","dementia",1,50,0.02,2,0,15,0,0,1,1,FALSE,"not significant",1,FALSE,"not significant"
"1538","species","Lepisma saccharinum",11,"group_char","control","dementia",0,50,0,0,1,15,0.0666666666666667,6.66666666666667,0.230769230769231,1,FALSE,"not significant",1,FALSE,"not significant"
"1539","species","Leptospira borgpetersenii",4,"group_char","control","dementia",1,50,0.02,2,0,15,0,0,1,1,FALSE,"not significant",1,FALSE,"not significant"
"1540","species","Leptospira interrogans",86,"group_char","control","dementia",2,50,0.04,4,1,15,0.0666666666666667,6.66666666666667,0.551282051282051,1,FALSE,"not significant",1,FALSE,"not significant"
"1541","species","Leptospira tipperaryensis",8,"group_char","control","dementia",1,50,0.02,2,0,15,0,0,1,1,FALSE,"not significant",1,FALSE,"not significant"
"1542","species","Leptotrichia shahii",57,"group_char","control","dementia",1,50,0.02,2,0,15,0,0,1,1,FALSE,"not significant",1,FALSE,"not significant"
"1543","species","Leptotrichia wadei",28,"group_char","control","dementia",0,50,0,0,1,15,0.0666666666666667,6.66666666666667,0.230769230769231,1,FALSE,"not significant",1,FALSE,"not significant"
"1544","species","Lethocerus indicus",12,"group_char","control","dementia",0,50,0,0,1,15,0.0666666666666667,6.66666666666667,0.230769230769231,1,FALSE,"not significant",1,FALSE,"not significant"
"1545","species","Leyella stercorea",30,"group_char","control","dementia",1,50,0.02,2,0,15,0,0,1,1,FALSE,"not significant",1,FALSE,"not significant"
"1546","species","Ligilactobacillus salivarius",959,"group_char","control","dementia",27,50,0.54,54,8,15,0.533333333333333,53.3333333333333,1,1,FALSE,"not significant",1,FALSE,"not significant"
"1547","species","Limnonectes macrodon",6,"group_char","control","dementia",2,50,0.04,4,0,15,0,0,1,1,FALSE,"not significant",1,FALSE,"not significant"
"1548","species","Limosilactobacillus fermentum",179,"group_char","control","dementia",18,50,0.36,36,4,15,0.266666666666667,26.6666666666667,0.756522400182018,1,FALSE,"not significant",1,FALSE,"not significant"
"1549","species","Limosilactobacillus frumenti",2,"group_char","control","dementia",1,50,0.02,2,0,15,0,0,1,1,FALSE,"not significant",1,FALSE,"not significant"
"1550","species","Limosilactobacillus reuteri",884,"group_char","control","dementia",42,50,0.84,84,8,15,0.533333333333333,53.3333333333333,0.0310289481024616,1,FALSE,"nominal only",0.965688298477097,FALSE,"nominal only"
"1551","species","Limulus polyphemus",17,"group_char","control","dementia",1,50,0.02,2,0,15,0,0,1,1,FALSE,"not significant",1,FALSE,"not significant"
"1552","species","Listeria booriae",19,"group_char","control","dementia",1,50,0.02,2,0,15,0,0,1,1,FALSE,"not significant",1,FALSE,"not significant"
"1553","species","Listeria innocua",132,"group_char","control","dementia",15,50,0.3,30,2,15,0.133333333333333,13.3333333333333,0.31705685215984,1,FALSE,"not significant",1,FALSE,"not significant"
"1554","species","Listeria ivanovii",104,"group_char","control","dementia",9,50,0.18,18,1,15,0.0666666666666667,6.66666666666667,0.431218930427593,1,FALSE,"not significant",1,FALSE,"not significant"
"1555","species","Listeria monocytogenes",3137,"group_char","control","dementia",47,50,0.94,94,12,15,0.8,80,0.130089899524061,1,FALSE,"not significant",0.965688298477097,FALSE,"not significant"
"1556","species","Listeria phage 2389",299,"group_char","control","dementia",14,50,0.28,28,6,15,0.4,40,0.524337824474333,1,FALSE,"not significant",1,FALSE,"not significant"
"1557","species","Listeria phage vB_LmoS_293",349,"group_char","control","dementia",14,50,0.28,28,3,15,0.2,20,0.740679181587149,1,FALSE,"not significant",1,FALSE,"not significant"
"1558","species","Listeria seeligeri",34,"group_char","control","dementia",1,50,0.02,2,0,15,0,0,1,1,FALSE,"not significant",1,FALSE,"not significant"
"1559","species","Listeria welshimeri",287,"group_char","control","dementia",18,50,0.36,36,4,15,0.266666666666667,26.6666666666667,0.756522400182018,1,FALSE,"not significant",1,FALSE,"not significant"
"1560","species","Locusta migratoria",8,"group_char","control","dementia",1,50,0.02,2,0,15,0,0,1,1,FALSE,"not significant",1,FALSE,"not significant"
"1561","species","Lolium perenne",108,"group_char","control","dementia",6,50,0.12,12,1,15,0.0666666666666667,6.66666666666667,1,1,FALSE,"not significant",1,FALSE,"not significant"
"1562","species","Lotus japonicus",34,"group_char","control","dementia",5,50,0.1,10,0,15,0,0,0.581773990155799,1,FALSE,"not significant",1,FALSE,"not significant"
"1563","species","Lucheng Rn rat coronavirus",196,"group_char","control","dementia",4,50,0.08,8,3,15,0.2,20,0.338068732216076,1,FALSE,"not significant",1,FALSE,"not significant"
"1564","species","Lupinus albus",78,"group_char","control","dementia",7,50,0.14,14,0,15,0,0,0.187554625848417,1,FALSE,"not significant",1,FALSE,"not significant"
"1565","species","Lupinus angustifolius",135,"group_char","control","dementia",2,50,0.04,4,4,15,0.266666666666667,26.6666666666667,0.022122333862154,1,FALSE,"nominal only",1,FALSE,"nominal only"
"1566","species","Lupinus luteus",28,"group_char","control","dementia",2,50,0.04,4,0,15,0,0,1,1,FALSE,"not significant",1,FALSE,"not significant"
"1567","species","Lymphocryptovirus humangamma4",983,"group_char","control","dementia",50,50,1,100,15,15,1,100,1,1,FALSE,"not significant",1,FALSE,"not significant"
"1568","species","Lyssavirus rabies",24,"group_char","control","dementia",1,50,0.02,2,0,15,0,0,1,1,FALSE,"not significant",1,FALSE,"not significant"
"1569","species","Maconellicoccus hirsutus",6,"group_char","control","dementia",1,50,0.02,2,0,15,0,0,1,1,FALSE,"not significant",1,FALSE,"not significant"
"1570","species","Magpie-robin coronavirus HKU18",193,"group_char","control","dementia",12,50,0.24,24,1,15,0.0666666666666667,6.66666666666667,0.268260620679335,1,FALSE,"not significant",1,FALSE,"not significant"
"1571","species","Malacoplasma penetrans",27,"group_char","control","dementia",2,50,0.04,4,0,15,0,0,1,1,FALSE,"not significant",1,FALSE,"not significant"
"1572","species","Malassezia furfur",24,"group_char","control","dementia",3,50,0.06,6,0,15,0,0,1,1,FALSE,"not significant",1,FALSE,"not significant"
"1573","species","Malassezia globosa",60,"group_char","control","dementia",1,50,0.02,2,0,15,0,0,1,1,FALSE,"not significant",1,FALSE,"not significant"
"1574","species","Malassezia sympodialis",105,"group_char","control","dementia",3,50,0.06,6,1,15,0.0666666666666667,6.66666666666667,1,1,FALSE,"not significant",1,FALSE,"not significant"
"1575","species","Malus domestica",198,"group_char","control","dementia",4,50,0.08,8,1,15,0.0666666666666667,6.66666666666667,1,1,FALSE,"not significant",1,FALSE,"not significant"
"1576","species","Marvinbryantia formatexigens",25,"group_char","control","dementia",1,50,0.02,2,0,15,0,0,1,1,FALSE,"not significant",1,FALSE,"not significant"
"1577","species","Mediterranea sp. An20",40,"group_char","control","dementia",2,50,0.04,4,0,15,0,0,1,1,FALSE,"not significant",1,FALSE,"not significant"
"1578","species","Mediterraneibacter gnavus",1860,"group_char","control","dementia",50,50,1,100,15,15,1,100,1,1,FALSE,"not significant",1,FALSE,"not significant"
"1579","species","Megasphaera elsdenii",31,"group_char","control","dementia",1,50,0.02,2,2,15,0.133333333333333,13.3333333333333,0.130608974358974,1,FALSE,"not significant",1,FALSE,"not significant"
"1580","species","Megasphaera sp. UPII 135-E",19,"group_char","control","dementia",4,50,0.08,8,1,15,0.0666666666666667,6.66666666666667,1,1,FALSE,"not significant",1,FALSE,"not significant"
"1581","species","Meleagris gallopavo",76,"group_char","control","dementia",7,50,0.14,14,2,15,0.133333333333333,13.3333333333333,1,1,FALSE,"not significant",1,FALSE,"not significant"
"1582","species","Meriones unguiculatus",17,"group_char","control","dementia",0,50,0,0,1,15,0.0666666666666667,6.66666666666667,0.230769230769231,1,FALSE,"not significant",1,FALSE,"not significant"
"1583","species","Mesocricetus auratus",28,"group_char","control","dementia",1,50,0.02,2,0,15,0,0,1,1,FALSE,"not significant",1,FALSE,"not significant"
"1584","species","Mesomycoplasma hyopneumoniae",207,"group_char","control","dementia",16,50,0.32,32,3,15,0.2,20,0.522079219652274,1,FALSE,"not significant",1,FALSE,"not significant"
"1585","species","Metarhizium anisopliae",21,"group_char","control","dementia",1,50,0.02,2,0,15,0,0,1,1,FALSE,"not significant",1,FALSE,"not significant"
"1586","species","Middle East respiratory syndrome-related coronavirus",397,"group_char","control","dementia",16,50,0.32,32,6,15,0.4,40,0.756522400182018,1,FALSE,"not significant",1,FALSE,"not significant"
"1587","species","Miniopterus bat coronavirus 1",211,"group_char","control","dementia",21,50,0.42,42,3,15,0.2,20,0.141732624959892,1,FALSE,"not significant",1,FALSE,"not significant"
"1588","species","Miniopterus bat coronavirus HKU8",217,"group_char","control","dementia",19,50,0.38,38,5,15,0.333333333333333,33.3333333333333,1,1,FALSE,"not significant",1,FALSE,"not significant"
"1589","species","Mink coronavirus 1",217,"group_char","control","dementia",12,50,0.24,24,2,15,0.133333333333333,13.3333333333333,0.49145253976822,1,FALSE,"not significant",1,FALSE,"not significant"
"1590","species","Mitsuokella multacida",10,"group_char","control","dementia",1,50,0.02,2,0,15,0,0,1,1,FALSE,"not significant",1,FALSE,"not significant"
"1591","species","Mizuhopecten yessoensis",14,"group_char","control","dementia",1,50,0.02,2,0,15,0,0,1,1,FALSE,"not significant",1,FALSE,"not significant"
"1592","species","Monodelphis domestica",1,"group_char","control","dementia",1,50,0.02,2,0,15,0,0,1,1,FALSE,"not significant",1,FALSE,"not significant"
"1593","species","Moorena producens",17,"group_char","control","dementia",2,50,0.04,4,0,15,0,0,1,1,FALSE,"not significant",1,FALSE,"not significant"
"1594","species","Moraxella catarrhalis",100,"group_char","control","dementia",1,50,0.02,2,1,15,0.0666666666666667,6.66666666666667,0.411057692307692,1,FALSE,"not significant",1,FALSE,"not significant"
"1595","species","Morbillivirus hominis",88,"group_char","control","dementia",5,50,0.1,10,0,15,0,0,0.581773990155799,1,FALSE,"not significant",1,FALSE,"not significant"
"1596","species","Mosigvirus JS09",844,"group_char","control","dementia",25,50,0.5,50,5,15,0.333333333333333,33.3333333333333,0.37698630426139,1,FALSE,"not significant",1,FALSE,"not significant"
"1597","species","Munia coronavirus HKU13",193,"group_char","control","dementia",11,50,0.22,22,1,15,0.0666666666666667,6.66666666666667,0.267244347846239,1,FALSE,"not significant",1,FALSE,"not significant"
"1598","species","Muribaculaceae bacterium Isolate-037 (Harlan)",31,"group_char","control","dementia",2,50,0.04,4,0,15,0,0,1,1,FALSE,"not significant",1,FALSE,"not significant"
"1599","species","Murine coronavirus",692,"group_char","control","dementia",33,50,0.66,66,9,15,0.6,60,0.761240958318026,1,FALSE,"not significant",1,FALSE,"not significant"
"1600","species","Murine leukemia virus",16,"group_char","control","dementia",2,50,0.04,4,0,15,0,0,1,1,FALSE,"not significant",1,FALSE,"not significant"
"1601","species","Mus musculus",486,"group_char","control","dementia",11,50,0.22,22,3,15,0.2,20,1,1,FALSE,"not significant",1,FALSE,"not significant"
"1602","species","Musa acuminata",112,"group_char","control","dementia",1,50,0.02,2,1,15,0.0666666666666667,6.66666666666667,0.411057692307692,1,FALSE,"not significant",1,FALSE,"not significant"
"1603","species","Mycobacterium asiaticum",10,"group_char","control","dementia",1,50,0.02,2,0,15,0,0,1,1,FALSE,"not significant",1,FALSE,"not significant"
"1604","species","Mycobacterium avium",85,"group_char","control","dementia",6,50,0.12,12,1,15,0.0666666666666667,6.66666666666667,1,1,FALSE,"not significant",1,FALSE,"not significant"
"1605","species","Mycobacterium gordonae",5,"group_char","control","dementia",1,50,0.02,2,0,15,0,0,1,1,FALSE,"not significant",1,FALSE,"not significant"
"1606","species","Mycobacterium lacus",21,"group_char","control","dementia",3,50,0.06,6,0,15,0,0,1,1,FALSE,"not significant",1,FALSE,"not significant"
"1607","species","Mycobacterium leprae",18,"group_char","control","dementia",1,50,0.02,2,0,15,0,0,1,1,FALSE,"not significant",1,FALSE,"not significant"
"1608","species","Mycobacterium sp. (strain JLS)",30,"group_char","control","dementia",7,50,0.14,14,0,15,0,0,0.187554625848417,1,FALSE,"not significant",1,FALSE,"not significant"
"1609","species","Mycobacterium tuberculosis",3167,"group_char","control","dementia",31,50,0.62,62,9,15,0.6,60,1,1,FALSE,"not significant",1,FALSE,"not significant"
"1610","species","Mycoplasmoides pneumoniae",298,"group_char","control","dementia",35,50,0.7,70,6,15,0.4,40,0.0646408795741817,1,FALSE,"not significant",1,FALSE,"not significant"
"1611","species","Myotis ricketti alphacoronavirus Sax-2011",205,"group_char","control","dementia",13,50,0.26,26,1,15,0.0666666666666667,6.66666666666667,0.159104116041737,1,FALSE,"not significant",1,FALSE,"not significant"
"1612","species","Mytilus galloprovincialis",33,"group_char","control","dementia",2,50,0.04,4,0,15,0,0,1,1,FALSE,"not significant",1,FALSE,"not significant"
"1613","species","NL63-related bat coronavirus strain BtKYNL63-9b",208,"group_char","control","dementia",21,50,0.42,42,4,15,0.266666666666667,26.6666666666667,0.371040383940825,1,FALSE,"not significant",1,FALSE,"not significant"
"1614","species","Nasonia vitripennis",63,"group_char","control","dementia",4,50,0.08,8,2,15,0.133333333333333,13.3333333333333,0.615232070943335,1,FALSE,"not significant",1,FALSE,"not significant"
"1615","species","Necator americanus",18,"group_char","control","dementia",3,50,0.06,6,0,15,0,0,1,1,FALSE,"not significant",1,FALSE,"not significant"
"1616","species","Negarvirus WP2",166,"group_char","control","dementia",11,50,0.22,22,3,15,0.2,20,1,1,FALSE,"not significant",1,FALSE,"not significant"
"1617","species","Negativibacillus massiliensis",20,"group_char","control","dementia",2,50,0.04,4,1,15,0.0666666666666667,6.66666666666667,0.551282051282051,1,FALSE,"not significant",1,FALSE,"not significant"
"1618","species","Neisseria cinerea",8,"group_char","control","dementia",1,50,0.02,2,0,15,0,0,1,1,FALSE,"not significant",1,FALSE,"not significant"
"1619","species","Neisseria gonorrhoeae",81,"group_char","control","dementia",6,50,0.12,12,1,15,0.0666666666666667,6.66666666666667,1,1,FALSE,"not significant",1,FALSE,"not significant"
"1620","species","Neisseria meningitidis",471,"group_char","control","dementia",35,50,0.7,70,10,15,0.666666666666667,66.6666666666667,1,1,FALSE,"not significant",1,FALSE,"not significant"
"1621","species","Nicotiana tabacum",54,"group_char","control","dementia",2,50,0.04,4,1,15,0.0666666666666667,6.66666666666667,0.551282051282051,1,FALSE,"not significant",1,FALSE,"not significant"
"1622","species","Night heron coronavirus HKU19",193,"group_char","control","dementia",23,50,0.46,46,4,15,0.266666666666667,26.6666666666667,0.238756923317577,1,FALSE,"not significant",1,FALSE,"not significant"
"1623","species","Nipah virus",28,"group_char","control","dementia",1,50,0.02,2,0,15,0,0,1,1,FALSE,"not significant",1,FALSE,"not significant"
"1624","species","Norwalk virus",154,"group_char","control","dementia",34,50,0.68,68,8,15,0.533333333333333,53.3333333333333,0.361405242582662,1,FALSE,"not significant",1,FALSE,"not significant"
"1625","species","Novosibovirus PM75",308,"group_char","control","dementia",16,50,0.32,32,2,15,0.133333333333333,13.3333333333333,0.201467359541481,1,FALSE,"not significant",1,FALSE,"not significant"
"1626","species","Nyctalus velutinus alphacoronavirus SC-2013",203,"group_char","control","dementia",12,50,0.24,24,3,15,0.2,20,1,1,FALSE,"not significant",1,FALSE,"not significant"
"1627","species","Octopus vulgaris",15,"group_char","control","dementia",1,50,0.02,2,0,15,0,0,1,1,FALSE,"not significant",1,FALSE,"not significant"
"1628","species","Odoribacter sp. 43_10",32,"group_char","control","dementia",1,50,0.02,2,0,15,0,0,1,1,FALSE,"not significant",1,FALSE,"not significant"
"1629","species","Odoribacter splanchnicus",769,"group_char","control","dementia",28,50,0.56,56,5,15,0.333333333333333,33.3333333333333,0.149744519460108,1,FALSE,"not significant",1,FALSE,"not significant"
"1630","species","Olea europaea",258,"group_char","control","dementia",1,50,0.02,2,0,15,0,0,1,1,FALSE,"not significant",1,FALSE,"not significant"
"1631","species","Oncorhynchus keta",25,"group_char","control","dementia",1,50,0.02,2,0,15,0,0,1,1,FALSE,"not significant",1,FALSE,"not significant"
"1632","species","Oncorhynchus mykiss",114,"group_char","control","dementia",6,50,0.12,12,0,15,0,0,0.322473864052394,1,FALSE,"not significant",1,FALSE,"not significant"
"1633","species","Oreochromis niloticus",81,"group_char","control","dementia",0,50,0,0,1,15,0.0666666666666667,6.66666666666667,0.230769230769231,1,FALSE,"not significant",1,FALSE,"not significant"
"1634","species","Orthobornavirus bornaense",17,"group_char","control","dementia",0,50,0,0,1,15,0.0666666666666667,6.66666666666667,0.230769230769231,1,FALSE,"not significant",1,FALSE,"not significant"
"1635","species","Orthoebolavirus sudanense",41,"group_char","control","dementia",1,50,0.02,2,0,15,0,0,1,1,FALSE,"not significant",1,FALSE,"not significant"
"1636","species","Orthoebolavirus zairense",48,"group_char","control","dementia",1,50,0.02,2,1,15,0.0666666666666667,6.66666666666667,0.411057692307692,1,FALSE,"not significant",1,FALSE,"not significant"
"1637","species","Orthoflavivirus denguei",181,"group_char","control","dementia",16,50,0.32,32,4,15,0.266666666666667,26.6666666666667,0.761491330790549,1,FALSE,"not significant",1,FALSE,"not significant"
"1638","species","Orthoflavivirus encephalitidis",182,"group_char","control","dementia",2,50,0.04,4,1,15,0.0666666666666667,6.66666666666667,0.551282051282051,1,FALSE,"not significant",1,FALSE,"not significant"
"1639","species","Orthoflavivirus japonicum",179,"group_char","control","dementia",3,50,0.06,6,1,15,0.0666666666666667,6.66666666666667,1,1,FALSE,"not significant",1,FALSE,"not significant"
"1640","species","Orthoflavivirus nilense",183,"group_char","control","dementia",3,50,0.06,6,0,15,0,0,1,1,FALSE,"not significant",1,FALSE,"not significant"
"1641","species","Orthopneumovirus hominis",101,"group_char","control","dementia",49,50,0.98,98,15,15,1,100,1,1,FALSE,"not significant",1,FALSE,"not significant"
"1642","species","Oryctolagus cuniculus",188,"group_char","control","dementia",8,50,0.16,16,1,15,0.0666666666666667,6.66666666666667,0.671913408796002,1,FALSE,"not significant",1,FALSE,"not significant"
"1643","species","Oryza sativa",560,"group_char","control","dementia",16,50,0.32,32,6,15,0.4,40,0.756522400182018,1,FALSE,"not significant",1,FALSE,"not significant"
"1644","species","Oryzias latipes",95,"group_char","control","dementia",2,50,0.04,4,1,15,0.0666666666666667,6.66666666666667,0.551282051282051,1,FALSE,"not significant",1,FALSE,"not significant"
"1645","species","Oscillibacter sp.",161,"group_char","control","dementia",15,50,0.3,30,1,15,0.0666666666666667,6.66666666666667,0.0907559944539653,1,FALSE,"not significant",1,FALSE,"not significant"
"1646","species","Oscillibacter sp. 57_20",88,"group_char","control","dementia",8,50,0.16,16,1,15,0.0666666666666667,6.66666666666667,0.671913408796002,1,FALSE,"not significant",1,FALSE,"not significant"
"1647","species","Oscillospiraceae bacterium",696,"group_char","control","dementia",24,50,0.48,48,1,15,0.0666666666666667,6.66666666666667,0.00522424934550038,1,FALSE,"nominal only",0.760440749449377,FALSE,"nominal only"
"1648","species","Ovis aries",46,"group_char","control","dementia",17,50,0.34,34,3,15,0.2,20,0.358706804189992,1,FALSE,"not significant",1,FALSE,"not significant"
"1649","species","Pagrus major",7,"group_char","control","dementia",1,50,0.02,2,0,15,0,0,1,1,FALSE,"not significant",1,FALSE,"not significant"
"1650","species","Pan troglodytes",55,"group_char","control","dementia",0,50,0,0,2,15,0.133333333333333,13.3333333333333,0.0504807692307693,1,FALSE,"not significant",1,FALSE,"not significant"
"1651","species","Panax ginseng",14,"group_char","control","dementia",1,50,0.02,2,0,15,0,0,1,1,FALSE,"not significant",1,FALSE,"not significant"
"1652","species","Parabacteroides distasonis",2661,"group_char","control","dementia",48,50,0.96,96,13,15,0.866666666666667,86.6666666666667,0.225599669148056,1,FALSE,"not significant",1,FALSE,"not significant"
"1653","species","Parabacteroides goldsteinii",70,"group_char","control","dementia",8,50,0.16,16,0,15,0,0,0.181590444293655,1,FALSE,"not significant",1,FALSE,"not significant"
"1654","species","Parabacteroides gordonii",29,"group_char","control","dementia",2,50,0.04,4,1,15,0.0666666666666667,6.66666666666667,0.551282051282051,1,FALSE,"not significant",1,FALSE,"not significant"
"1655","species","Parabacteroides johnsonii",2635,"group_char","control","dementia",44,50,0.88,88,14,15,0.933333333333333,93.3333333333333,1,1,FALSE,"not significant",1,FALSE,"not significant"
"1656","species","Parabacteroides merdae",2207,"group_char","control","dementia",43,50,0.86,86,13,15,0.866666666666667,86.6666666666667,1,1,FALSE,"not significant",1,FALSE,"not significant"
"1657","species","Parabacteroides sp. AF18-52",5,"group_char","control","dementia",1,50,0.02,2,0,15,0,0,1,1,FALSE,"not significant",1,FALSE,"not significant"
"1658","species","Parabacteroides sp. AF19-14",26,"group_char","control","dementia",2,50,0.04,4,0,15,0,0,1,1,FALSE,"not significant",1,FALSE,"not significant"
"1659","species","Parabacteroides sp. AF48-14",29,"group_char","control","dementia",2,50,0.04,4,0,15,0,0,1,1,FALSE,"not significant",1,FALSE,"not significant"
"1660","species","Parabacteroides sp. AM08-6",21,"group_char","control","dementia",1,50,0.02,2,1,15,0.0666666666666667,6.66666666666667,0.411057692307692,1,FALSE,"not significant",1,FALSE,"not significant"
"1661","species","Parabacteroides sp. D13",283,"group_char","control","dementia",11,50,0.22,22,3,15,0.2,20,1,1,FALSE,"not significant",1,FALSE,"not significant"
"1662","species","Parabacteroides sp. D25",919,"group_char","control","dementia",29,50,0.58,58,5,15,0.333333333333333,33.3333333333333,0.140716038945314,1,FALSE,"not significant",1,FALSE,"not significant"
"1663","species","Parabacteroides sp. Marseille-P3160",10,"group_char","control","dementia",4,50,0.08,8,1,15,0.0666666666666667,6.66666666666667,1,1,FALSE,"not significant",1,FALSE,"not significant"
"1664","species","Paraprevotella clara",120,"group_char","control","dementia",44,50,0.88,88,14,15,0.933333333333333,93.3333333333333,1,1,FALSE,"not significant",1,FALSE,"not significant"
"1665","species","Paraprevotella xylaniphila",86,"group_char","control","dementia",43,50,0.86,86,13,15,0.866666666666667,86.6666666666667,1,1,FALSE,"not significant",1,FALSE,"not significant"
"1666","species","Paspalum notatum",31,"group_char","control","dementia",1,50,0.02,2,0,15,0,0,1,1,FALSE,"not significant",1,FALSE,"not significant"
"1667","species","Pebcunavirus PBC1",361,"group_char","control","dementia",20,50,0.4,40,6,15,0.4,40,1,1,FALSE,"not significant",1,FALSE,"not significant"
"1668","species","Pecentumvirus LP0832",188,"group_char","control","dementia",7,50,0.14,14,0,15,0,0,0.187554625848417,1,FALSE,"not significant",1,FALSE,"not significant"
"1669","species","Pecentumvirus list36",979,"group_char","control","dementia",24,50,0.48,48,5,15,0.333333333333333,33.3333333333333,0.383824895638836,1,FALSE,"not significant",1,FALSE,"not significant"
"1670","species","Pediculus humanus",13,"group_char","control","dementia",1,50,0.02,2,0,15,0,0,1,1,FALSE,"not significant",1,FALSE,"not significant"
"1671","species","Peeveelvirus pv13",7,"group_char","control","dementia",1,50,0.02,2,0,15,0,0,1,1,FALSE,"not significant",1,FALSE,"not significant"
"1672","species","Pelagibacter phage HTVC010P",300,"group_char","control","dementia",16,50,0.32,32,3,15,0.2,20,0.522079219652274,1,FALSE,"not significant",1,FALSE,"not significant"
"1673","species","Penaeus merguiensis",24,"group_char","control","dementia",1,50,0.02,2,0,15,0,0,1,1,FALSE,"not significant",1,FALSE,"not significant"
"1674","species","Penaeus monodon",55,"group_char","control","dementia",2,50,0.04,4,0,15,0,0,1,1,FALSE,"not significant",1,FALSE,"not significant"
"1675","species","Penicillium chrysogenum",32,"group_char","control","dementia",3,50,0.06,6,0,15,0,0,1,1,FALSE,"not significant",1,FALSE,"not significant"
"1676","species","Penicillium citrinum",107,"group_char","control","dementia",4,50,0.08,8,2,15,0.133333333333333,13.3333333333333,0.615232070943335,1,FALSE,"not significant",1,FALSE,"not significant"
"1677","species","Penicillium rubens",79,"group_char","control","dementia",3,50,0.06,6,1,15,0.0666666666666667,6.66666666666667,1,1,FALSE,"not significant",1,FALSE,"not significant"
"1678","species","Periplaneta americana",292,"group_char","control","dementia",5,50,0.1,10,0,15,0,0,0.581773990155799,1,FALSE,"not significant",1,FALSE,"not significant"
"1679","species","Phalaris aquatica",37,"group_char","control","dementia",0,50,0,0,1,15,0.0666666666666667,6.66666666666667,0.230769230769231,1,FALSE,"not significant",1,FALSE,"not significant"
"1680","species","Phascolarctobacterium faecium",29,"group_char","control","dementia",2,50,0.04,4,0,15,0,0,1,1,FALSE,"not significant",1,FALSE,"not significant"
"1681","species","Phascolarctobacterium sp.",21,"group_char","control","dementia",1,50,0.02,2,0,15,0,0,1,1,FALSE,"not significant",1,FALSE,"not significant"
"1682","species","Phascolarctobacterium succinatutens",44,"group_char","control","dementia",1,50,0.02,2,0,15,0,0,1,1,FALSE,"not significant",1,FALSE,"not significant"
"1683","species","Phaseolus vulgaris",116,"group_char","control","dementia",3,50,0.06,6,0,15,0,0,1,1,FALSE,"not significant",1,FALSE,"not significant"
"1684","species","Phifelvirus FL1",332,"group_char","control","dementia",10,50,0.2,20,1,15,0.0666666666666667,6.66666666666667,0.433171826803808,1,FALSE,"not significant",1,FALSE,"not significant"
"1685","species","Phleum pratense",186,"group_char","control","dementia",4,50,0.08,8,1,15,0.0666666666666667,6.66666666666667,1,1,FALSE,"not significant",1,FALSE,"not significant"
"1686","species","Phocaeicola coprocola",98,"group_char","control","dementia",4,50,0.08,8,1,15,0.0666666666666667,6.66666666666667,1,1,FALSE,"not significant",1,FALSE,"not significant"
"1687","species","Phocaeicola coprophilus",31,"group_char","control","dementia",3,50,0.06,6,0,15,0,0,1,1,FALSE,"not significant",1,FALSE,"not significant"
"1688","species","Phocaeicola dorei",5457,"group_char","control","dementia",47,50,0.94,94,13,15,0.866666666666667,86.6666666666667,0.325262037451355,1,FALSE,"not significant",1,FALSE,"not significant"
"1689","species","Phocaeicola massiliensis",4252,"group_char","control","dementia",46,50,0.92,92,13,15,0.866666666666667,86.6666666666667,0.615232070943335,1,FALSE,"not significant",1,FALSE,"not significant"
"1690","species","Phocaeicola plebeius",148,"group_char","control","dementia",4,50,0.08,8,0,15,0,0,0.56575682382134,1,FALSE,"not significant",1,FALSE,"not significant"
"1691","species","Phocaeicola salanitronis",52,"group_char","control","dementia",5,50,0.1,10,1,15,0.0666666666666667,6.66666666666667,1,1,FALSE,"not significant",1,FALSE,"not significant"
"1692","species","Phocaeicola sartorii",763,"group_char","control","dementia",30,50,0.6,60,7,15,0.466666666666667,46.6666666666667,0.388473397792424,1,FALSE,"not significant",1,FALSE,"not significant"
"1693","species","Phocaeicola vulgatus",13274,"group_char","control","dementia",50,50,1,100,15,15,1,100,1,1,FALSE,"not significant",1,FALSE,"not significant"
"1694","species","Pinus koraiensis",14,"group_char","control","dementia",3,50,0.06,6,1,15,0.0666666666666667,6.66666666666667,1,1,FALSE,"not significant",1,FALSE,"not significant"
"1695","species","Pistacia vera",66,"group_char","control","dementia",5,50,0.1,10,3,15,0.2,20,0.372587655132615,1,FALSE,"not significant",1,FALSE,"not significant"
"1696","species","Pisum sativum",124,"group_char","control","dementia",5,50,0.1,10,0,15,0,0,0.581773990155799,1,FALSE,"not significant",1,FALSE,"not significant"
"1697","species","Plasmodium falciparum",6046,"group_char","control","dementia",42,50,0.84,84,11,15,0.733333333333333,73.3333333333333,0.449189193563535,1,FALSE,"not significant",1,FALSE,"not significant"
"1698","species","Plasmodium vivax",132,"group_char","control","dementia",4,50,0.08,8,0,15,0,0,0.56575682382134,1,FALSE,"not significant",1,FALSE,"not significant"
"1699","species","Platanus orientalis",17,"group_char","control","dementia",2,50,0.04,4,0,15,0,0,1,1,FALSE,"not significant",1,FALSE,"not significant"
"1700","species","Platichthys flesus",8,"group_char","control","dementia",1,50,0.02,2,0,15,0,0,1,1,FALSE,"not significant",1,FALSE,"not significant"
"1701","species","Pleeduovirus PLE2",287,"group_char","control","dementia",7,50,0.14,14,2,15,0.133333333333333,13.3333333333333,1,1,FALSE,"not significant",1,FALSE,"not significant"
"1702","species","Plodia interpunctella",12,"group_char","control","dementia",2,50,0.04,4,0,15,0,0,1,1,FALSE,"not significant",1,FALSE,"not significant"
"1703","species","Porcine epidemic diarrhea virus",240,"group_char","control","dementia",8,50,0.16,16,4,15,0.266666666666667,26.6666666666667,0.449189193563535,1,FALSE,"not significant",1,FALSE,"not significant"
"1704","species","Porphyromonas gingivalis",333,"group_char","control","dementia",35,50,0.7,70,14,15,0.933333333333333,93.3333333333333,0.0907559944539653,1,FALSE,"not significant",1,FALSE,"not significant"
"1705","species","Portunus trituberculatus",24,"group_char","control","dementia",1,50,0.02,2,0,15,0,0,1,1,FALSE,"not significant",1,FALSE,"not significant"
"1706","species","Prevotella sp.",60,"group_char","control","dementia",2,50,0.04,4,1,15,0.0666666666666667,6.66666666666667,0.551282051282051,1,FALSE,"not significant",1,FALSE,"not significant"
"1707","species","Prevotella sp. 885",32,"group_char","control","dementia",49,50,0.98,98,15,15,1,100,1,1,FALSE,"not significant",1,FALSE,"not significant"
"1708","species","Prevotella sp. AM34-19LB",39,"group_char","control","dementia",4,50,0.08,8,0,15,0,0,0.56575682382134,1,FALSE,"not significant",1,FALSE,"not significant"
"1709","species","Prevotella sp. AM42-24",38,"group_char","control","dementia",48,50,0.96,96,15,15,1,100,1,1,FALSE,"not significant",1,FALSE,"not significant"
"1710","species","Prevotella sp. CAG:1031",12,"group_char","control","dementia",6,50,0.12,12,1,15,0.0666666666666667,6.66666666666667,1,1,FALSE,"not significant",1,FALSE,"not significant"
"1711","species","Prevotella sp. CAG:1092",10,"group_char","control","dementia",1,50,0.02,2,0,15,0,0,1,1,FALSE,"not significant",1,FALSE,"not significant"
"1712","species","Prevotella sp. CAG:1124",7,"group_char","control","dementia",1,50,0.02,2,0,15,0,0,1,1,FALSE,"not significant",1,FALSE,"not significant"
"1713","species","Prevotella sp. CAG:279",85,"group_char","control","dementia",39,50,0.78,78,12,15,0.8,80,1,1,FALSE,"not significant",1,FALSE,"not significant"
"1714","species","Prevotella sp. CAG:386",74,"group_char","control","dementia",3,50,0.06,6,0,15,0,0,1,1,FALSE,"not significant",1,FALSE,"not significant"
"1715","species","Prevotella sp. CAG:592",12,"group_char","control","dementia",36,50,0.72,72,12,15,0.8,80,0.740679181587149,1,FALSE,"not significant",1,FALSE,"not significant"
"1716","species","Prevotella sp. CAG:873",78,"group_char","control","dementia",0,50,0,0,1,15,0.0666666666666667,6.66666666666667,0.230769230769231,1,FALSE,"not significant",1,FALSE,"not significant"
"1717","species","Prevotella sp. P3-120",7,"group_char","control","dementia",1,50,0.02,2,0,15,0,0,1,1,FALSE,"not significant",1,FALSE,"not significant"
"1718","species","Prevotella sp. S7 MS 2",24,"group_char","control","dementia",2,50,0.04,4,0,15,0,0,1,1,FALSE,"not significant",1,FALSE,"not significant"
"1719","species","Prevotella sp. TF12-30",13,"group_char","control","dementia",0,50,0,0,1,15,0.0666666666666667,6.66666666666667,0.230769230769231,1,FALSE,"not significant",1,FALSE,"not significant"
"1720","species","Primate T-lymphotropic virus 1",143,"group_char","control","dementia",2,50,0.04,4,0,15,0,0,1,1,FALSE,"not significant",1,FALSE,"not significant"
"1721","species","Primate T-lymphotropic virus 2",62,"group_char","control","dementia",1,50,0.02,2,0,15,0,0,1,1,FALSE,"not significant",1,FALSE,"not significant"
"1722","species","Propithecus coquereli",3,"group_char","control","dementia",1,50,0.02,2,0,15,0,0,1,1,FALSE,"not significant",1,FALSE,"not significant"
"1723","species","Prunus armeniaca",17,"group_char","control","dementia",1,50,0.02,2,0,15,0,0,1,1,FALSE,"not significant",1,FALSE,"not significant"
"1724","species","Prunus dulcis",58,"group_char","control","dementia",1,50,0.02,2,0,15,0,0,1,1,FALSE,"not significant",1,FALSE,"not significant"
"1725","species","Prunus dulcis x Prunus persica",89,"group_char","control","dementia",1,50,0.02,2,0,15,0,0,1,1,FALSE,"not significant",1,FALSE,"not significant"
"1726","species","Psavirus LP302",78,"group_char","control","dementia",2,50,0.04,4,1,15,0.0666666666666667,6.66666666666667,0.551282051282051,1,FALSE,"not significant",1,FALSE,"not significant"
"1727","species","Pseudoflavonifractor sp. An184",3,"group_char","control","dementia",1,50,0.02,2,0,15,0,0,1,1,FALSE,"not significant",1,FALSE,"not significant"
"1728","species","Pseudomonas aeruginosa",2138,"group_char","control","dementia",45,50,0.9,90,15,15,1,100,0.581773990155799,1,FALSE,"not significant",1,FALSE,"not significant"
"1729","species","Pseudomonas fluorescens",115,"group_char","control","dementia",1,50,0.02,2,0,15,0,0,1,1,FALSE,"not significant",1,FALSE,"not significant"
"1730","species","Pseudomonas paraeruginosa",46,"group_char","control","dementia",0,50,0,0,2,15,0.133333333333333,13.3333333333333,0.0504807692307693,1,FALSE,"not significant",1,FALSE,"not significant"
"1731","species","Psoroptes ovis",24,"group_char","control","dementia",1,50,0.02,2,0,15,0,0,1,1,FALSE,"not significant",1,FALSE,"not significant"
"1732","species","Punavirus P1",807,"group_char","control","dementia",19,50,0.38,38,4,15,0.266666666666667,26.6666666666667,0.544187284061686,1,FALSE,"not significant",1,FALSE,"not significant"
"1733","species","Pyrus communis",23,"group_char","control","dementia",0,50,0,0,1,15,0.0666666666666667,6.66666666666667,0.230769230769231,1,FALSE,"not significant",1,FALSE,"not significant"
"1734","species","Pyrus pyrifolia",26,"group_char","control","dementia",1,50,0.02,2,0,15,0,0,1,1,FALSE,"not significant",1,FALSE,"not significant"
"1735","species","Quercus alba",12,"group_char","control","dementia",6,50,0.12,12,0,15,0,0,0.322473864052394,1,FALSE,"not significant",1,FALSE,"not significant"
"1736","species","Quercus rubra",4,"group_char","control","dementia",1,50,0.02,2,0,15,0,0,1,1,FALSE,"not significant",1,FALSE,"not significant"
"1737","species","Quercus suber",23,"group_char","control","dementia",1,50,0.02,2,0,15,0,0,1,1,FALSE,"not significant",1,FALSE,"not significant"
"1738","species","Rabbit coronavirus HKU14",226,"group_char","control","dementia",26,50,0.52,52,8,15,0.533333333333333,53.3333333333333,1,1,FALSE,"not significant",1,FALSE,"not significant"
"1739","species","Ralstonia pseudosolanacearum",36,"group_char","control","dementia",16,50,0.32,32,3,15,0.2,20,0.522079219652274,1,FALSE,"not significant",1,FALSE,"not significant"
"1740","species","Rangifer tarandus",5,"group_char","control","dementia",2,50,0.04,4,0,15,0,0,1,1,FALSE,"not significant",1,FALSE,"not significant"
"1741","species","Rattus norvegicus",495,"group_char","control","dementia",10,50,0.2,20,2,15,0.133333333333333,13.3333333333333,0.716974684439761,1,FALSE,"not significant",1,FALSE,"not significant"
"1742","species","Rhadinovirus humangamma8",45,"group_char","control","dementia",2,50,0.04,4,0,15,0,0,1,1,FALSE,"not significant",1,FALSE,"not significant"
"1743","species","Rhinolophus bat coronavirus HKU2",200,"group_char","control","dementia",16,50,0.32,32,2,15,0.133333333333333,13.3333333333333,0.201467359541481,1,FALSE,"not significant",1,FALSE,"not significant"
"1744","species","Rhinolophus ferrumequinum alphacoronavirus HuB-2013",207,"group_char","control","dementia",25,50,0.5,50,4,15,0.266666666666667,26.6666666666667,0.144195342245846,1,FALSE,"not significant",1,FALSE,"not significant"
"1745","species","Rhinovirus A",117,"group_char","control","dementia",47,50,0.94,94,12,15,0.8,80,0.130089899524061,1,FALSE,"not significant",1,FALSE,"not significant"
"1746","species","Rhinovirus B",177,"group_char","control","dementia",50,50,1,100,13,15,0.866666666666667,86.6666666666667,0.0504807692307693,1,FALSE,"not significant",1,FALSE,"not significant"
"1747","species","Rhizopus niveus",11,"group_char","control","dementia",0,50,0,0,1,15,0.0666666666666667,6.66666666666667,0.230769230769231,1,FALSE,"not significant",1,FALSE,"not significant"
"1748","species","Rhodotorula mucilaginosa",23,"group_char","control","dementia",1,50,0.02,2,0,15,0,0,1,1,FALSE,"not significant",1,FALSE,"not significant"
"1749","species","Rickettsia conorii",12,"group_char","control","dementia",1,50,0.02,2,0,15,0,0,1,1,FALSE,"not significant",1,FALSE,"not significant"
"1750","species","Rickettsia montanensis",39,"group_char","control","dementia",7,50,0.14,14,0,15,0,0,0.187554625848417,1,FALSE,"not significant",1,FALSE,"not significant"
"1751","species","Rikenellaceae bacterium",11,"group_char","control","dementia",1,50,0.02,2,0,15,0,0,1,1,FALSE,"not significant",1,FALSE,"not significant"
"1752","species","Romboutsia ilealis",39,"group_char","control","dementia",3,50,0.06,6,0,15,0,0,1,1,FALSE,"not significant",1,FALSE,"not significant"
"1753","species","Romboutsia lituseburensis",49,"group_char","control","dementia",4,50,0.08,8,0,15,0,0,0.56575682382134,1,FALSE,"not significant",1,FALSE,"not significant"
"1754","species","Romboutsia timonensis",89,"group_char","control","dementia",6,50,0.12,12,0,15,0,0,0.322473864052394,1,FALSE,"not significant",1,FALSE,"not significant"
"1755","species","Roseburia faecis",2478,"group_char","control","dementia",40,50,0.8,80,14,15,0.933333333333333,93.3333333333333,0.433171826803808,1,FALSE,"not significant",1,FALSE,"not significant"
"1756","species","Roseburia hominis",254,"group_char","control","dementia",21,50,0.42,42,1,15,0.0666666666666667,6.66666666666667,0.0125079416412716,1,FALSE,"nominal only",0.993378016737234,FALSE,"nominal only"
"1757","species","Roseburia intestinalis",506,"group_char","control","dementia",11,50,0.22,22,3,15,0.2,20,1,1,FALSE,"not significant",1,FALSE,"not significant"
"1758","species","Roseburia inulinivorans",726,"group_char","control","dementia",38,50,0.76,76,11,15,0.733333333333333,73.3333333333333,1,1,FALSE,"not significant",1,FALSE,"not significant"
"1759","species","Roseburia sp.",55,"group_char","control","dementia",1,50,0.02,2,1,15,0.0666666666666667,6.66666666666667,0.411057692307692,1,FALSE,"not significant",1,FALSE,"not significant"
"1760","species","Roseburia sp. AM59-24XD",5,"group_char","control","dementia",1,50,0.02,2,0,15,0,0,1,1,FALSE,"not significant",1,FALSE,"not significant"
"1761","species","Roseburia sp. CAG:197_41_10",4,"group_char","control","dementia",6,50,0.12,12,1,15,0.0666666666666667,6.66666666666667,1,1,FALSE,"not significant",1,FALSE,"not significant"
"1762","species","Roseburia sp. CAG:50",24,"group_char","control","dementia",2,50,0.04,4,0,15,0,0,1,1,FALSE,"not significant",1,FALSE,"not significant"
"1763","species","Roseburia sp. OF03-24",43,"group_char","control","dementia",2,50,0.04,4,1,15,0.0666666666666667,6.66666666666667,0.551282051282051,1,FALSE,"not significant",1,FALSE,"not significant"
"1764","species","Roseburia sp. TF10-5",42,"group_char","control","dementia",4,50,0.08,8,0,15,0,0,0.56575682382134,1,FALSE,"not significant",1,FALSE,"not significant"
"1765","species","Roseolovirus humanbeta6a",43,"group_char","control","dementia",6,50,0.12,12,1,15,0.0666666666666667,6.66666666666667,1,1,FALSE,"not significant",1,FALSE,"not significant"
"1766","species","Roseolovirus humanbeta6b",36,"group_char","control","dementia",1,50,0.02,2,0,15,0,0,1,1,FALSE,"not significant",1,FALSE,"not significant"
"1767","species","Roseolovirus humanbeta7",19,"group_char","control","dementia",11,50,0.22,22,0,15,0,0,0.0553840228251569,1,FALSE,"not significant",1,FALSE,"not significant"
"1768","species","Rotavirus A",66,"group_char","control","dementia",1,50,0.02,2,0,15,0,0,1,1,FALSE,"not significant",1,FALSE,"not significant"
"1769","species","Rousettus bat coronavirus GCCDC1",223,"group_char","control","dementia",7,50,0.14,14,2,15,0.133333333333333,13.3333333333333,1,1,FALSE,"not significant",1,FALSE,"not significant"
"1770","species","Rubivirus rubellae",55,"group_char","control","dementia",4,50,0.08,8,0,15,0,0,0.56575682382134,1,FALSE,"not significant",1,FALSE,"not significant"
"1771","species","Ruditapes philippinarum",5,"group_char","control","dementia",1,50,0.02,2,0,15,0,0,1,1,FALSE,"not significant",1,FALSE,"not significant"
"1772","species","Ruminiclostridium herbifermentans",20,"group_char","control","dementia",1,50,0.02,2,0,15,0,0,1,1,FALSE,"not significant",1,FALSE,"not significant"
"1773","species","Ruminococcaceae bacterium D16",63,"group_char","control","dementia",6,50,0.12,12,0,15,0,0,0.322473864052394,1,FALSE,"not significant",1,FALSE,"not significant"
"1774","species","Ruminococcus bromii",1932,"group_char","control","dementia",40,50,0.8,80,10,15,0.666666666666667,66.6666666666667,0.308087971729524,1,FALSE,"not significant",1,FALSE,"not significant"
"1775","species","Ruminococcus callidus",102,"group_char","control","dementia",10,50,0.2,20,1,15,0.0666666666666667,6.66666666666667,0.433171826803808,1,FALSE,"not significant",1,FALSE,"not significant"
"1776","species","Ruminococcus sp.",336,"group_char","control","dementia",12,50,0.24,24,2,15,0.133333333333333,13.3333333333333,0.49145253976822,1,FALSE,"not significant",1,FALSE,"not significant"
"1777","species","Ruminococcus sp. AF19-15",14,"group_char","control","dementia",0,50,0,0,1,15,0.0666666666666667,6.66666666666667,0.230769230769231,1,FALSE,"not significant",1,FALSE,"not significant"
"1778","species","Ruminococcus sp. AF31-8BH",34,"group_char","control","dementia",2,50,0.04,4,0,15,0,0,1,1,FALSE,"not significant",1,FALSE,"not significant"
"1779","species","Ruminococcus sp. AF43-11",18,"group_char","control","dementia",6,50,0.12,12,0,15,0,0,0.322473864052394,1,FALSE,"not significant",1,FALSE,"not significant"
"1780","species","Ruminococcus sp. AM28-29LB",48,"group_char","control","dementia",5,50,0.1,10,1,15,0.0666666666666667,6.66666666666667,1,1,FALSE,"not significant",1,FALSE,"not significant"
"1781","species","Ruminococcus sp. AM36-2AA",7,"group_char","control","dementia",1,50,0.02,2,0,15,0,0,1,1,FALSE,"not significant",1,FALSE,"not significant"
"1782","species","Ruminococcus sp. AM42-11",179,"group_char","control","dementia",9,50,0.18,18,3,15,0.2,20,1,1,FALSE,"not significant",1,FALSE,"not significant"
"1783","species","Ruminococcus sp. AM43-6",18,"group_char","control","dementia",1,50,0.02,2,0,15,0,0,1,1,FALSE,"not significant",1,FALSE,"not significant"
"1784","species","Ruminococcus sp. HUN007",18,"group_char","control","dementia",3,50,0.06,6,1,15,0.0666666666666667,6.66666666666667,1,1,FALSE,"not significant",1,FALSE,"not significant"
"1785","species","Ruminococcus sp. OM06-36AC",21,"group_char","control","dementia",2,50,0.04,4,0,15,0,0,1,1,FALSE,"not significant",1,FALSE,"not significant"
"1786","species","Saccharomyces cerevisiae",78,"group_char","control","dementia",1,50,0.02,2,0,15,0,0,1,1,FALSE,"not significant",1,FALSE,"not significant"
"1787","species","Salmo salar",201,"group_char","control","dementia",9,50,0.18,18,1,15,0.0666666666666667,6.66666666666667,0.431218930427593,1,FALSE,"not significant",1,FALSE,"not significant"
"1788","species","Salmo trutta",4,"group_char","control","dementia",1,50,0.02,2,0,15,0,0,1,1,FALSE,"not significant",1,FALSE,"not significant"
"1789","species","Salmonella bongori",149,"group_char","control","dementia",10,50,0.2,20,2,15,0.133333333333333,13.3333333333333,0.716974684439761,1,FALSE,"not significant",1,FALSE,"not significant"
"1790","species","Salmonella enterica",4968,"group_char","control","dementia",47,50,0.94,94,13,15,0.866666666666667,86.6666666666667,0.325262037451355,1,FALSE,"not significant",1,FALSE,"not significant"
"1791","species","Salmonella phage 118970_sal3",39,"group_char","control","dementia",1,50,0.02,2,0,15,0,0,1,1,FALSE,"not significant",1,FALSE,"not significant"
"1792","species","Salmonella sp. NCTC 6947",19,"group_char","control","dementia",1,50,0.02,2,0,15,0,0,1,1,FALSE,"not significant",1,FALSE,"not significant"
"1793","species","Salvelinus alpinus",23,"group_char","control","dementia",2,50,0.04,4,0,15,0,0,1,1,FALSE,"not significant",1,FALSE,"not significant"
"1794","species","Saphexavirus BC611",452,"group_char","control","dementia",8,50,0.16,16,1,15,0.0666666666666667,6.66666666666667,0.671913408796002,1,FALSE,"not significant",1,FALSE,"not significant"
"1795","species","Sarcoptes scabiei",181,"group_char","control","dementia",6,50,0.12,12,0,15,0,0,0.322473864052394,1,FALSE,"not significant",1,FALSE,"not significant"
"1796","species","Schistosoma mansoni",112,"group_char","control","dementia",1,50,0.02,2,1,15,0.0666666666666667,6.66666666666667,0.411057692307692,1,FALSE,"not significant",1,FALSE,"not significant"
"1797","species","Sebastes marinus",6,"group_char","control","dementia",1,50,0.02,2,0,15,0,0,1,1,FALSE,"not significant",1,FALSE,"not significant"
"1798","species","Secale cereale",113,"group_char","control","dementia",3,50,0.06,6,1,15,0.0666666666666667,6.66666666666667,1,1,FALSE,"not significant",1,FALSE,"not significant"
"1799","species","Segatella copri",1973,"group_char","control","dementia",50,50,1,100,15,15,1,100,1,1,FALSE,"not significant",1,FALSE,"not significant"
"1800","species","Segatella salivae",10,"group_char","control","dementia",1,50,0.02,2,1,15,0.0666666666666667,6.66666666666667,0.411057692307692,1,FALSE,"not significant",1,FALSE,"not significant"
"1801","species","Sepiella maindroni",10,"group_char","control","dementia",1,50,0.02,2,0,15,0,0,1,1,FALSE,"not significant",1,FALSE,"not significant"
"1802","species","Sepioteuthis lessoniana",10,"group_char","control","dementia",2,50,0.04,4,1,15,0.0666666666666667,6.66666666666667,0.551282051282051,1,FALSE,"not significant",1,FALSE,"not significant"
"1803","species","Septimatrevirus sv73",382,"group_char","control","dementia",11,50,0.22,22,2,15,0.133333333333333,13.3333333333333,0.715372654351685,1,FALSE,"not significant",1,FALSE,"not significant"
"1804","species","Sesamum indicum",74,"group_char","control","dementia",4,50,0.08,8,0,15,0,0,0.56575682382134,1,FALSE,"not significant",1,FALSE,"not significant"
"1805","species","Setaria italica",97,"group_char","control","dementia",3,50,0.06,6,1,15,0.0666666666666667,6.66666666666667,1,1,FALSE,"not significant",1,FALSE,"not significant"
"1806","species","Severe acute respiratory syndrome coronavirus",2027,"group_char","control","dementia",46,50,0.92,92,14,15,0.933333333333333,93.3333333333333,1,1,FALSE,"not significant",1,FALSE,"not significant"
"1807","species","Shigella boydii",55,"group_char","control","dementia",5,50,0.1,10,0,15,0,0,0.581773990155799,1,FALSE,"not significant",1,FALSE,"not significant"
"1808","species","Shigella dysenteriae",183,"group_char","control","dementia",11,50,0.22,22,3,15,0.2,20,1,1,FALSE,"not significant",1,FALSE,"not significant"
"1809","species","Shigella flexneri",869,"group_char","control","dementia",41,50,0.82,82,11,15,0.733333333333333,73.3333333333333,0.476524532129322,1,FALSE,"not significant",1,FALSE,"not significant"
"1810","species","Shigella phage Sf6",246,"group_char","control","dementia",15,50,0.3,30,2,15,0.133333333333333,13.3333333333333,0.31705685215984,1,FALSE,"not significant",1,FALSE,"not significant"
"1811","species","Shigella sonnei",289,"group_char","control","dementia",20,50,0.4,40,7,15,0.466666666666667,46.6666666666667,0.767314548988252,1,FALSE,"not significant",1,FALSE,"not significant"
"1812","species","Simplexvirus humanalpha1",245,"group_char","control","dementia",41,50,0.82,82,13,15,0.866666666666667,86.6666666666667,1,1,FALSE,"not significant",1,FALSE,"not significant"
"1813","species","Simplexvirus humanalpha2",130,"group_char","control","dementia",38,50,0.76,76,13,15,0.866666666666667,86.6666666666667,0.49145253976822,1,FALSE,"not significant",1,FALSE,"not significant"
"1814","species","Simulium vittatum",35,"group_char","control","dementia",1,50,0.02,2,0,15,0,0,1,1,FALSE,"not significant",1,FALSE,"not significant"
"1815","species","Sinapis alba",44,"group_char","control","dementia",0,50,0,0,1,15,0.0666666666666667,6.66666666666667,0.230769230769231,1,FALSE,"not significant",1,FALSE,"not significant"
"1816","species","Sindbis virus",65,"group_char","control","dementia",4,50,0.08,8,1,15,0.0666666666666667,6.66666666666667,1,1,FALSE,"not significant",1,FALSE,"not significant"
"1817","species","Sinonovacula constricta",8,"group_char","control","dementia",1,50,0.02,2,0,15,0,0,1,1,FALSE,"not significant",1,FALSE,"not significant"
"1818","species","Skunavirus ASCC273",103,"group_char","control","dementia",1,50,0.02,2,0,15,0,0,1,1,FALSE,"not significant",1,FALSE,"not significant"
"1819","species","Skunavirus P680",236,"group_char","control","dementia",5,50,0.1,10,1,15,0.0666666666666667,6.66666666666667,1,1,FALSE,"not significant",1,FALSE,"not significant"
"1820","species","Skunavirus sv145",76,"group_char","control","dementia",26,50,0.52,52,9,15,0.6,60,0.768948563169787,1,FALSE,"not significant",1,FALSE,"not significant"
"1821","species","Skunavirus sv7",261,"group_char","control","dementia",14,50,0.28,28,5,15,0.333333333333333,33.3333333333333,0.750650027644664,1,FALSE,"not significant",1,FALSE,"not significant"
"1822","species","Skunavirus sv936",143,"group_char","control","dementia",5,50,0.1,10,1,15,0.0666666666666667,6.66666666666667,1,1,FALSE,"not significant",1,FALSE,"not significant"
"1823","species","Solanum lycopersicum",297,"group_char","control","dementia",6,50,0.12,12,1,15,0.0666666666666667,6.66666666666667,1,1,FALSE,"not significant",1,FALSE,"not significant"
"1824","species","Solanum lycopersicum x Solanum habrochaites",10,"group_char","control","dementia",1,50,0.02,2,0,15,0,0,1,1,FALSE,"not significant",1,FALSE,"not significant"
"1825","species","Solanum tuberosum",108,"group_char","control","dementia",1,50,0.02,2,1,15,0.0666666666666667,6.66666666666667,0.411057692307692,1,FALSE,"not significant",1,FALSE,"not significant"
"1826","species","Solenopsis geminata",13,"group_char","control","dementia",1,50,0.02,2,0,15,0,0,1,1,FALSE,"not significant",1,FALSE,"not significant"
"1827","species","Solenopsis invicta",32,"group_char","control","dementia",1,50,0.02,2,0,15,0,0,1,1,FALSE,"not significant",1,FALSE,"not significant"
"1828","species","Solenopsis richteri",6,"group_char","control","dementia",1,50,0.02,2,0,15,0,0,1,1,FALSE,"not significant",1,FALSE,"not significant"
"1829","species","Sorghum bicolor",57,"group_char","control","dementia",0,50,0,0,1,15,0.0666666666666667,6.66666666666667,0.230769230769231,1,FALSE,"not significant",1,FALSE,"not significant"
"1830","species","Sparrow coronavirus HKU17",194,"group_char","control","dementia",15,50,0.3,30,1,15,0.0666666666666667,6.66666666666667,0.0907559944539653,1,FALSE,"not significant",1,FALSE,"not significant"
"1831","species","Spinacia oleracea",18,"group_char","control","dementia",1,50,0.02,2,0,15,0,0,1,1,FALSE,"not significant",1,FALSE,"not significant"
"1832","species","Spisula sachalinensis",5,"group_char","control","dementia",0,50,0,0,2,15,0.133333333333333,13.3333333333333,0.0504807692307693,1,FALSE,"not significant",1,FALSE,"not significant"
"1833","species","Stachybotrys chartarum",10,"group_char","control","dementia",1,50,0.02,2,0,15,0,0,1,1,FALSE,"not significant",1,FALSE,"not significant"
"1834","species","Staphylococcus argenteus",5,"group_char","control","dementia",0,50,0,0,1,15,0.0666666666666667,6.66666666666667,0.230769230769231,1,FALSE,"not significant",1,FALSE,"not significant"
"1835","species","Staphylococcus aureus",2127,"group_char","control","dementia",50,50,1,100,15,15,1,100,1,1,FALSE,"not significant",1,FALSE,"not significant"
"1836","species","Staphylococcus schweitzeri",30,"group_char","control","dementia",45,50,0.9,90,14,15,0.933333333333333,93.3333333333333,1,1,FALSE,"not significant",1,FALSE,"not significant"
"1837","species","Streptococcus agalactiae",411,"group_char","control","dementia",25,50,0.5,50,6,15,0.4,40,0.565128188537421,1,FALSE,"not significant",1,FALSE,"not significant"
"1838","species","Streptococcus downei",47,"group_char","control","dementia",3,50,0.06,6,1,15,0.0666666666666667,6.66666666666667,1,1,FALSE,"not significant",1,FALSE,"not significant"
"1839","species","Streptococcus dysgalactiae",61,"group_char","control","dementia",2,50,0.04,4,1,15,0.0666666666666667,6.66666666666667,0.551282051282051,1,FALSE,"not significant",1,FALSE,"not significant"
"1840","species","Streptococcus equi",11,"group_char","control","dementia",1,50,0.02,2,0,15,0,0,1,1,FALSE,"not significant",1,FALSE,"not significant"
"1841","species","Streptococcus equinus",39,"group_char","control","dementia",37,50,0.74,74,5,15,0.333333333333333,33.3333333333333,0.00597841763663036,1,FALSE,"nominal only",1,FALSE,"nominal only"
"1842","species","Streptococcus infantarius",86,"group_char","control","dementia",9,50,0.18,18,0,15,0,0,0.103336505662927,1,FALSE,"not significant",1,FALSE,"not significant"
"1843","species","Streptococcus lutetiensis",234,"group_char","control","dementia",47,50,0.94,94,13,15,0.866666666666667,86.6666666666667,0.325262037451355,1,FALSE,"not significant",1,FALSE,"not significant"
"1844","species","Streptococcus mitis",14,"group_char","control","dementia",1,50,0.02,2,0,15,0,0,1,1,FALSE,"not significant",1,FALSE,"not significant"
"1845","species","Streptococcus oralis",68,"group_char","control","dementia",7,50,0.14,14,0,15,0,0,0.187554625848417,1,FALSE,"not significant",1,FALSE,"not significant"
"1846","species","Streptococcus parasanguinis",3,"group_char","control","dementia",1,50,0.02,2,0,15,0,0,1,1,FALSE,"not significant",1,FALSE,"not significant"
"1847","species","Streptococcus pasteurianus",19,"group_char","control","dementia",3,50,0.06,6,1,15,0.0666666666666667,6.66666666666667,1,1,FALSE,"not significant",1,FALSE,"not significant"
"1848","species","Streptococcus pneumoniae",825,"group_char","control","dementia",50,50,1,100,15,15,1,100,1,1,FALSE,"not significant",1,FALSE,"not significant"
"1849","species","Streptococcus pyogenes",465,"group_char","control","dementia",50,50,1,100,13,15,0.866666666666667,86.6666666666667,0.0504807692307693,1,FALSE,"not significant",1,FALSE,"not significant"
"1850","species","Streptococcus sp.",6,"group_char","control","dementia",2,50,0.04,4,0,15,0,0,1,1,FALSE,"not significant",1,FALSE,"not significant"
"1851","species","Streptococcus sp. G148",13,"group_char","control","dementia",8,50,0.16,16,2,15,0.133333333333333,13.3333333333333,1,1,FALSE,"not significant",1,FALSE,"not significant"
"1852","species","Streptococcus suis",21,"group_char","control","dementia",1,50,0.02,2,0,15,0,0,1,1,FALSE,"not significant",1,FALSE,"not significant"
"1853","species","Streptococcus thermophilus",41,"group_char","control","dementia",0,50,0,0,1,15,0.0666666666666667,6.66666666666667,0.230769230769231,1,FALSE,"not significant",1,FALSE,"not significant"
"1854","species","Streptomyces mobaraensis",47,"group_char","control","dementia",0,50,0,0,1,15,0.0666666666666667,6.66666666666667,0.230769230769231,1,FALSE,"not significant",1,FALSE,"not significant"
"1855","species","Strongylocentrotus purpuratus",45,"group_char","control","dementia",1,50,0.02,2,0,15,0,0,1,1,FALSE,"not significant",1,FALSE,"not significant"
"1856","species","Struthio camelus",26,"group_char","control","dementia",4,50,0.08,8,1,15,0.0666666666666667,6.66666666666667,1,1,FALSE,"not significant",1,FALSE,"not significant"
"1857","species","Stutzerimonas stutzeri",29,"group_char","control","dementia",1,50,0.02,2,0,15,0,0,1,1,FALSE,"not significant",1,FALSE,"not significant"
"1858","species","Styela plicata",4,"group_char","control","dementia",2,50,0.04,4,0,15,0,0,1,1,FALSE,"not significant",1,FALSE,"not significant"
"1859","species","Subdoligranulum sp.",40,"group_char","control","dementia",2,50,0.04,4,1,15,0.0666666666666667,6.66666666666667,0.551282051282051,1,FALSE,"not significant",1,FALSE,"not significant"
"1860","species","Subdoligranulum sp. 60_17",23,"group_char","control","dementia",2,50,0.04,4,0,15,0,0,1,1,FALSE,"not significant",1,FALSE,"not significant"
"1861","species","Subdoligranulum sp. APC924/74",1417,"group_char","control","dementia",25,50,0.5,50,7,15,0.466666666666667,46.6666666666667,1,1,FALSE,"not significant",1,FALSE,"not significant"
"1862","species","Subdoligranulum variabile",170,"group_char","control","dementia",8,50,0.16,16,2,15,0.133333333333333,13.3333333333333,1,1,FALSE,"not significant",1,FALSE,"not significant"
"1863","species","Suidasia medanensis",65,"group_char","control","dementia",1,50,0.02,2,0,15,0,0,1,1,FALSE,"not significant",1,FALSE,"not significant"
"1864","species","Sus scrofa",161,"group_char","control","dementia",3,50,0.06,6,0,15,0,0,1,1,FALSE,"not significant",1,FALSE,"not significant"
"1865","species","Sutterella sp.",8,"group_char","control","dementia",3,50,0.06,6,0,15,0,0,1,1,FALSE,"not significant",1,FALSE,"not significant"
"1866","species","Sutterella sp. CAG:397",28,"group_char","control","dementia",1,50,0.02,2,0,15,0,0,1,1,FALSE,"not significant",1,FALSE,"not significant"
"1867","species","Sutterella sp. CAG:521",9,"group_char","control","dementia",1,50,0.02,2,0,15,0,0,1,1,FALSE,"not significant",1,FALSE,"not significant"
"1868","species","Sutterella wadsworthensis",122,"group_char","control","dementia",0,50,0,0,1,15,0.0666666666666667,6.66666666666667,0.230769230769231,1,FALSE,"not significant",1,FALSE,"not significant"
"1869","species","Syntelopodeuma sp. YSL-2003",9,"group_char","control","dementia",1,50,0.02,2,0,15,0,0,1,1,FALSE,"not significant",1,FALSE,"not significant"
"1870","species","Tabanus yao",33,"group_char","control","dementia",2,50,0.04,4,1,15,0.0666666666666667,6.66666666666667,0.551282051282051,1,FALSE,"not significant",1,FALSE,"not significant"
"1871","species","Taipeivirus 0507KN21",805,"group_char","control","dementia",23,50,0.46,46,9,15,0.6,60,0.389433957719529,1,FALSE,"not significant",1,FALSE,"not significant"
"1872","species","Takifugu rubripes",89,"group_char","control","dementia",3,50,0.06,6,1,15,0.0666666666666667,6.66666666666667,1,1,FALSE,"not significant",1,FALSE,"not significant"
"1873","species","Teetrevirus E2",122,"group_char","control","dementia",7,50,0.14,14,0,15,0,0,0.187554625848417,1,FALSE,"not significant",1,FALSE,"not significant"
"1874","species","Teetrevirus T7M",252,"group_char","control","dementia",8,50,0.16,16,1,15,0.0666666666666667,6.66666666666667,0.671913408796002,1,FALSE,"not significant",1,FALSE,"not significant"
"1875","species","Tequatrovirus ecml134",223,"group_char","control","dementia",14,50,0.28,28,2,15,0.133333333333333,13.3333333333333,0.322045996609623,1,FALSE,"not significant",1,FALSE,"not significant"
"1876","species","Tequatrovirus shfml11",880,"group_char","control","dementia",22,50,0.44,44,6,15,0.4,40,1,1,FALSE,"not significant",1,FALSE,"not significant"
"1877","species","Teseptimavirus 13a",356,"group_char","control","dementia",19,50,0.38,38,2,15,0.133333333333333,13.3333333333333,0.115028439498938,1,FALSE,"not significant",1,FALSE,"not significant"
"1878","species","Tetraodon nigroviridis",98,"group_char","control","dementia",2,50,0.04,4,2,15,0.133333333333333,13.3333333333333,0.225599669148056,1,FALSE,"not significant",1,FALSE,"not significant"
"1879","species","Tetronarce californica",48,"group_char","control","dementia",3,50,0.06,6,0,15,0,0,1,1,FALSE,"not significant",1,FALSE,"not significant"
"1880","species","Thaumatococcus daniellii",10,"group_char","control","dementia",2,50,0.04,4,0,15,0,0,1,1,FALSE,"not significant",1,FALSE,"not significant"
"1881","species","Thogotovirus dhoriense",21,"group_char","control","dementia",1,50,0.02,2,0,15,0,0,1,1,FALSE,"not significant",1,FALSE,"not significant"
"1882","species","Thrush coronavirus HKU12 (isolate Grey-backed thrush/Hong Kong/HKU12-600/2007)",194,"group_char","control","dementia",12,50,0.24,24,3,15,0.2,20,1,1,FALSE,"not significant",1,FALSE,"not significant"
"1883","species","Thunnus albacares",24,"group_char","control","dementia",1,50,0.02,2,1,15,0.0666666666666667,6.66666666666667,0.411057692307692,1,FALSE,"not significant",1,FALSE,"not significant"
"1884","species","Tlsvirus TLS",436,"group_char","control","dementia",24,50,0.48,48,7,15,0.466666666666667,46.6666666666667,1,1,FALSE,"not significant",1,FALSE,"not significant"
"1885","species","Torque teno virus",45,"group_char","control","dementia",2,50,0.04,4,2,15,0.133333333333333,13.3333333333333,0.225599669148056,1,FALSE,"not significant",1,FALSE,"not significant"
"1886","species","Toxoplasma gondii",156,"group_char","control","dementia",7,50,0.14,14,1,15,0.0666666666666667,6.66666666666667,0.669427904317184,1,FALSE,"not significant",1,FALSE,"not significant"
"1887","species","Traversvirus tv933W",329,"group_char","control","dementia",11,50,0.22,22,1,15,0.0666666666666667,6.66666666666667,0.267244347846239,1,FALSE,"not significant",1,FALSE,"not significant"
"1888","species","Tribolium castaneum",7,"group_char","control","dementia",1,50,0.02,2,0,15,0,0,1,1,FALSE,"not significant",1,FALSE,"not significant"
"1889","species","Trichomonas vaginalis",78,"group_char","control","dementia",2,50,0.04,4,0,15,0,0,1,1,FALSE,"not significant",1,FALSE,"not significant"
"1890","species","Trichophyton rubrum",31,"group_char","control","dementia",4,50,0.08,8,1,15,0.0666666666666667,6.66666666666667,1,1,FALSE,"not significant",1,FALSE,"not significant"
"1891","species","Trichophyton tonsurans",2,"group_char","control","dementia",1,50,0.02,2,0,15,0,0,1,1,FALSE,"not significant",1,FALSE,"not significant"
"1892","species","Trichophyton verrucosum",15,"group_char","control","dementia",2,50,0.04,4,0,15,0,0,1,1,FALSE,"not significant",1,FALSE,"not significant"
"1893","species","Trichosanthes kirilowii",12,"group_char","control","dementia",1,50,0.02,2,0,15,0,0,1,1,FALSE,"not significant",1,FALSE,"not significant"
"1894","species","Triticum aestivum",1921,"group_char","control","dementia",20,50,0.4,40,7,15,0.466666666666667,46.6666666666667,0.767314548988252,1,FALSE,"not significant",1,FALSE,"not significant"
"1895","species","Triticum monococcum",37,"group_char","control","dementia",2,50,0.04,4,2,15,0.133333333333333,13.3333333333333,0.225599669148056,1,FALSE,"not significant",1,FALSE,"not significant"
"1896","species","Triticum spelta",46,"group_char","control","dementia",0,50,0,0,1,15,0.0666666666666667,6.66666666666667,0.230769230769231,1,FALSE,"not significant",1,FALSE,"not significant"
"1897","species","Triticum urartu",73,"group_char","control","dementia",13,50,0.26,26,4,15,0.266666666666667,26.6666666666667,1,1,FALSE,"not significant",1,FALSE,"not significant"
"1898","species","Tropheryma whipplei",16,"group_char","control","dementia",1,50,0.02,2,0,15,0,0,1,1,FALSE,"not significant",1,FALSE,"not significant"
"1899","species","Tupaia chinensis",47,"group_char","control","dementia",0,50,0,0,3,15,0.2,20,0.0104166666666667,1,FALSE,"nominal only",1,FALSE,"nominal only"
"1900","species","Tyrophagus putrescentiae",156,"group_char","control","dementia",4,50,0.08,8,0,15,0,0,0.56575682382134,1,FALSE,"not significant",1,FALSE,"not significant"
"1901","species","Varicellovirus humanalpha3",217,"group_char","control","dementia",48,50,0.96,96,14,15,0.933333333333333,93.3333333333333,0.551282051282051,1,FALSE,"not significant",1,FALSE,"not significant"
"1902","species","Veillonella seminalis",12,"group_char","control","dementia",1,50,0.02,2,0,15,0,0,1,1,FALSE,"not significant",1,FALSE,"not significant"
"1903","species","Vesicular stomatitis virus",61,"group_char","control","dementia",1,50,0.02,2,1,15,0.0666666666666667,6.66666666666667,0.411057692307692,1,FALSE,"not significant",1,FALSE,"not significant"
"1904","species","Vespula maculifrons",15,"group_char","control","dementia",1,50,0.02,2,0,15,0,0,1,1,FALSE,"not significant",1,FALSE,"not significant"
"1905","species","Vespula pensylvanica",4,"group_char","control","dementia",3,50,0.06,6,0,15,0,0,1,1,FALSE,"not significant",1,FALSE,"not significant"
"1906","species","Vespula vidua",6,"group_char","control","dementia",4,50,0.08,8,0,15,0,0,0.56575682382134,1,FALSE,"not significant",1,FALSE,"not significant"
"1907","species","Vespula vulgaris",113,"group_char","control","dementia",4,50,0.08,8,1,15,0.0666666666666667,6.66666666666667,1,1,FALSE,"not significant",1,FALSE,"not significant"
"1908","species","Vibrio alginolyticus",80,"group_char","control","dementia",14,50,0.28,28,2,15,0.133333333333333,13.3333333333333,0.322045996609623,1,FALSE,"not significant",1,FALSE,"not significant"
"1909","species","Vibrio anguillarum",53,"group_char","control","dementia",0,50,0,0,1,15,0.0666666666666667,6.66666666666667,0.230769230769231,1,FALSE,"not significant",1,FALSE,"not significant"
"1910","species","Vibrio cholerae",2101,"group_char","control","dementia",40,50,0.8,80,9,15,0.6,60,0.170091037403903,1,FALSE,"not significant",1,FALSE,"not significant"
"1911","species","Vibrio metoecus",50,"group_char","control","dementia",1,50,0.02,2,0,15,0,0,1,1,FALSE,"not significant",1,FALSE,"not significant"
"1912","species","Vibrio navarrensis",19,"group_char","control","dementia",7,50,0.14,14,1,15,0.0666666666666667,6.66666666666667,0.669427904317184,1,FALSE,"not significant",1,FALSE,"not significant"
"1913","species","Vibrio parahaemolyticus",321,"group_char","control","dementia",9,50,0.18,18,2,15,0.133333333333333,13.3333333333333,1,1,FALSE,"not significant",1,FALSE,"not significant"
"1914","species","Vibrio sp. RC586",99,"group_char","control","dementia",2,50,0.04,4,0,15,0,0,1,1,FALSE,"not significant",1,FALSE,"not significant"
"1915","species","Vibrio vulnificus",2661,"group_char","control","dementia",50,50,1,100,13,15,0.866666666666667,86.6666666666667,0.0504807692307693,1,FALSE,"not significant",0.965688298477097,FALSE,"not significant"
"1916","species","Victivallis vadensis",6,"group_char","control","dementia",2,50,0.04,4,0,15,0,0,1,1,FALSE,"not significant",1,FALSE,"not significant"
"1917","species","Vigna radiata",42,"group_char","control","dementia",1,50,0.02,2,0,15,0,0,1,1,FALSE,"not significant",1,FALSE,"not significant"
"1918","species","Vitis vinifera",204,"group_char","control","dementia",3,50,0.06,6,1,15,0.0666666666666667,6.66666666666667,1,1,FALSE,"not significant",1,FALSE,"not significant"
"1919","species","Wencheng Sm shrew coronavirus",185,"group_char","control","dementia",10,50,0.2,20,3,15,0.2,20,1,1,FALSE,"not significant",1,FALSE,"not significant"
"1920","species","White-eye coronavirus HKU16",193,"group_char","control","dementia",9,50,0.18,18,2,15,0.133333333333333,13.3333333333333,1,1,FALSE,"not significant",1,FALSE,"not significant"
"1921","species","Wigeon coronavirus HKU20",194,"group_char","control","dementia",13,50,0.26,26,2,15,0.133333333333333,13.3333333333333,0.487764443763315,1,FALSE,"not significant",1,FALSE,"not significant"
"1922","species","Xanthomonas oryzae",36,"group_char","control","dementia",2,50,0.04,4,0,15,0,0,1,1,FALSE,"not significant",1,FALSE,"not significant"
"1923","species","Xanthomonas vesicatoria",19,"group_char","control","dementia",1,50,0.02,2,0,15,0,0,1,1,FALSE,"not significant",1,FALSE,"not significant"
"1924","species","Yersinia enterocolitica",610,"group_char","control","dementia",24,50,0.48,48,9,15,0.6,60,0.557965593995684,1,FALSE,"not significant",1,FALSE,"not significant"
"1925","species","Yersinia massiliensis",17,"group_char","control","dementia",0,50,0,0,1,15,0.0666666666666667,6.66666666666667,0.230769230769231,1,FALSE,"not significant",1,FALSE,"not significant"
"1926","species","Yersinia pestis",307,"group_char","control","dementia",13,50,0.26,26,2,15,0.133333333333333,13.3333333333333,0.487764443763315,1,FALSE,"not significant",1,FALSE,"not significant"
"1927","species","Yersinia pseudotuberculosis",137,"group_char","control","dementia",15,50,0.3,30,1,15,0.0666666666666667,6.66666666666667,0.0907559944539653,1,FALSE,"not significant",1,FALSE,"not significant"
"1928","species","Zea mays",378,"group_char","control","dementia",6,50,0.12,12,6,15,0.4,40,0.0235241951764329,1,FALSE,"nominal only",1,FALSE,"nominal only"
"1929","species","[Bacteroides] pectinophilus",153,"group_char","control","dementia",8,50,0.16,16,0,15,0,0,0.181590444293655,1,FALSE,"not significant",1,FALSE,"not significant"
"1930","species","[Clostridium] nexile",6,"group_char","control","dementia",1,50,0.02,2,0,15,0,0,1,1,FALSE,"not significant",1,FALSE,"not significant"
"1931","species","[Eubacterium] siraeum",198,"group_char","control","dementia",16,50,0.32,32,1,15,0.0666666666666667,6.66666666666667,0.0904423532776791,1,FALSE,"not significant",1,FALSE,"not significant"
"1932","species","[Mannheimia] succiniciproducens",19,"group_char","control","dementia",2,50,0.04,4,0,15,0,0,1,1,FALSE,"not significant",1,FALSE,"not significant"
"1933","species","[Ruminococcus] lactaris",148,"group_char","control","dementia",5,50,0.1,10,0,15,0,0,0.581773990155799,1,FALSE,"not significant",1,FALSE,"not significant"
"1934","species","[Ruminococcus] torques",2369,"group_char","control","dementia",40,50,0.8,80,10,15,0.666666666666667,66.6666666666667,0.308087971729524,1,FALSE,"not significant",1,FALSE,"not significant"
"1935","species","anaerobic digester metagenome",8,"group_char","control","dementia",1,50,0.02,2,0,15,0,0,1,1,FALSE,"not significant",1,FALSE,"not significant"
"1936","species","bacterium 1XD21-70",10,"group_char","control","dementia",2,50,0.04,4,1,15,0.0666666666666667,6.66666666666667,0.551282051282051,1,FALSE,"not significant",1,FALSE,"not significant"
"1937","species","butyrate-producing bacterium SS3/4",28,"group_char","control","dementia",2,50,0.04,4,0,15,0,0,1,1,FALSE,"not significant",1,FALSE,"not significant"
"1938","species","gut metagenome",15,"group_char","control","dementia",1,50,0.02,2,1,15,0.0666666666666667,6.66666666666667,0.411057692307692,1,FALSE,"not significant",1,FALSE,"not significant"
"1939","species","uncultured Bacteroides sp.",322,"group_char","control","dementia",18,50,0.36,36,4,15,0.266666666666667,26.6666666666667,0.756522400182018,1,FALSE,"not significant",1,FALSE,"not significant"
"1940","species","uncultured Blautia sp.",606,"group_char","control","dementia",21,50,0.42,42,3,15,0.2,20,0.141732624959892,1,FALSE,"not significant",1,FALSE,"not significant"
"1941","species","uncultured Butyricicoccus sp.",31,"group_char","control","dementia",3,50,0.06,6,2,15,0.133333333333333,13.3333333333333,0.325262037451355,1,FALSE,"not significant",1,FALSE,"not significant"
"1942","species","uncultured Clostridium sp.",1036,"group_char","control","dementia",31,50,0.62,62,6,15,0.4,40,0.149749135115426,1,FALSE,"not significant",1,FALSE,"not significant"
"1943","species","uncultured Coprococcus sp.",24,"group_char","control","dementia",1,50,0.02,2,1,15,0.0666666666666667,6.66666666666667,0.411057692307692,1,FALSE,"not significant",1,FALSE,"not significant"
"1944","species","uncultured Dorea sp.",303,"group_char","control","dementia",15,50,0.3,30,3,15,0.2,20,0.529054870846662,1,FALSE,"not significant",1,FALSE,"not significant"
"1945","species","uncultured Dysgonomonas sp.",16,"group_char","control","dementia",2,50,0.04,4,0,15,0,0,1,1,FALSE,"not significant",1,FALSE,"not significant"
"1946","species","uncultured Eubacterium sp.",284,"group_char","control","dementia",18,50,0.36,36,3,15,0.2,20,0.349672384901755,1,FALSE,"not significant",1,FALSE,"not significant"
"1947","species","uncultured Faecalibacterium sp.",752,"group_char","control","dementia",23,50,0.46,46,4,15,0.266666666666667,26.6666666666667,0.238756923317577,1,FALSE,"not significant",1,FALSE,"not significant"
"1948","species","uncultured Flavonifractor sp.",32,"group_char","control","dementia",5,50,0.1,10,1,15,0.0666666666666667,6.66666666666667,1,1,FALSE,"not significant",1,FALSE,"not significant"
"1949","species","uncultured Lachnospira sp.",85,"group_char","control","dementia",2,50,0.04,4,0,15,0,0,1,1,FALSE,"not significant",1,FALSE,"not significant"
"1950","species","uncultured Oscillibacter sp.",27,"group_char","control","dementia",4,50,0.08,8,0,15,0,0,0.56575682382134,1,FALSE,"not significant",1,FALSE,"not significant"
"1951","species","uncultured Roseburia sp.",83,"group_char","control","dementia",7,50,0.14,14,0,15,0,0,0.187554625848417,1,FALSE,"not significant",1,FALSE,"not significant"
"1952","species","uncultured Ruminococcus sp.",1225,"group_char","control","dementia",38,50,0.76,76,6,15,0.4,40,0.0132118489008632,1,FALSE,"nominal only",0.760440749449377,FALSE,"nominal only"
"1953","species","uncultured bacterium",46,"group_char","control","dementia",1,50,0.02,2,0,15,0,0,1,1,FALSE,"not significant",1,FALSE,"not significant"
